LEMUR root /a/mm
2026-07-25 11:09:35,058 - INFO - Note: detected 224 virtual cores but NumExpr set to maximum of 64, check "NUMEXPR_MAX_THREADS" environment variable.
2026-07-25 11:09:35,058 - INFO - Note: NumExpr detected 224 cores but "NUMEXPR_MAX_THREADS" not set, so enforcing safe limit of 16.
2026-07-25 11:09:35,058 - INFO - NumExpr defaulting to 16 threads.
2026-07-25 11:09:36,565 - WARNING - Skipping import of cpp extensions due to incompatible torch version 2.7.1+cu126 for torchao version 0.15.0+cu126             Please see https://github.com/pytorch/ao/issues/2919 for more info
[Config] Loaded model_config.json  (context_length=8192)
[Meta] No checkpoint found. Resetting target GA to pristine baseline.
[Meta] Moved Hall of Fame to /a/mm/ab/gpt/brute/ga/meta_evolution/ga_history_backup_cifar100/historic_runs/run_2026-07-25_11-09-37 for fresh start.
[Config] Loaded model_config.json  (context_length=8192)
Loading Model: Qwen/Qwen2.5-Coder-7B-Instruct
Quantization: True
2026-07-25 11:09:38,938 - INFO - We will use 90% of the memory on device 0 for storing the model, and 10% for the buffer to avoid OOM. You can set `max_memory` in to a higher value to use more memory (at your own risk).
Loading checkpoint shards:   0%|          | 0/4 [00:00<?, ?it/s]Loading checkpoint shards:  25%|██▌       | 1/4 [00:02<00:08,  2.90s/it]Loading checkpoint shards:  50%|█████     | 2/4 [00:06<00:06,  3.28s/it]Loading checkpoint shards:  75%|███████▌  | 3/4 [00:09<00:03,  3.21s/it]Loading checkpoint shards: 100%|██████████| 4/4 [00:09<00:00,  2.00s/it]Loading checkpoint shards: 100%|██████████| 4/4 [00:09<00:00,  2.43s/it]
[LoRA] No adapter directory found. Initializing fresh adapters...
trainable params: 40,370,176 || all params: 7,655,986,688 || trainable%: 0.5273
[Meta] Loaded Baseline Score: 0.00%
[Meta] Running Baseline Benchmark...

[Meta] Running Benchmark 1/1...
Skipping import of cpp extensions due to incompatible torch version 2.7.1+cu126 for torchao version 0.15.0+cu126             Please see https://github.com/pytorch/ao/issues/2919 for more info
Traceback (most recent call last):
  File "/a/mm/ab/gpt/brute/ga/meta_evolution/run_fractal_evolution_cifar100.py", line 263, in fitness_function
    model_checksum = uuid4(code_str)
                     ^^^^^^^^^^^^^^^
  File "/a/mm/ab/gpt/brute/ga/meta_evolution/run_fractal_evolution_cifar100.py", line 250, in uuid4
    return hashlib.md5(s.encode()).hexdigest()
           ^^^^^^^
NameError: name 'hashlib' is not defined. Did you forget to import 'hashlib'
Traceback (most recent call last):
  File "/a/mm/ab/gpt/brute/ga/meta_evolution/run_fractal_evolution_cifar100.py", line 263, in fitness_function
    model_checksum = uuid4(code_str)
                     ^^^^^^^^^^^^^^^
  File "/a/mm/ab/gpt/brute/ga/meta_evolution/run_fractal_evolution_cifar100.py", line 250, in uuid4
    return hashlib.md5(s.encode()).hexdigest()
           ^^^^^^^
NameError: name 'hashlib' is not defined. Did you forget to import 'hashlib'
Traceback (most recent call last):
  File "/a/mm/ab/gpt/brute/ga/meta_evolution/run_fractal_evolution_cifar100.py", line 263, in fitness_function
    model_checksum = uuid4(code_str)
                     ^^^^^^^^^^^^^^^
  File "/a/mm/ab/gpt/brute/ga/meta_evolution/run_fractal_evolution_cifar100.py", line 250, in uuid4
    return hashlib.md5(s.encode()).hexdigest()
           ^^^^^^^
NameError: name 'hashlib' is not defined. Did you forget to import 'hashlib'
Traceback (most recent call last):
  File "/a/mm/ab/gpt/brute/ga/meta_evolution/run_fractal_evolution_cifar100.py", line 263, in fitness_function
    model_checksum = uuid4(code_str)
                     ^^^^^^^^^^^^^^^
  File "/a/mm/ab/gpt/brute/ga/meta_evolution/run_fractal_evolution_cifar100.py", line 250, in uuid4
    return hashlib.md5(s.encode()).hexdigest()
           ^^^^^^^
NameError: name 'hashlib' is not defined. Did you forget to import 'hashlib'
Traceback (most recent call last):
  File "/a/mm/ab/gpt/brute/ga/meta_evolution/run_fractal_evolution_cifar100.py", line 263, in fitness_function
    model_checksum = uuid4(code_str)
                     ^^^^^^^^^^^^^^^
  File "/a/mm/ab/gpt/brute/ga/meta_evolution/run_fractal_evolution_cifar100.py", line 250, in uuid4
    return hashlib.md5(s.encode()).hexdigest()
           ^^^^^^^
NameError: name 'hashlib' is not defined. Did you forget to import 'hashlib'
Traceback (most recent call last):
  File "/a/mm/ab/gpt/brute/ga/meta_evolution/run_fractal_evolution_cifar100.py", line 263, in fitness_function
    model_checksum = uuid4(code_str)
                     ^^^^^^^^^^^^^^^
  File "/a/mm/ab/gpt/brute/ga/meta_evolution/run_fractal_evolution_cifar100.py", line 250, in uuid4
    return hashlib.md5(s.encode()).hexdigest()
           ^^^^^^^
NameError: name 'hashlib' is not defined. Did you forget to import 'hashlib'
Traceback (most recent call last):
  File "/a/mm/ab/gpt/brute/ga/meta_evolution/run_fractal_evolution_cifar100.py", line 263, in fitness_function
    model_checksum = uuid4(code_str)
                     ^^^^^^^^^^^^^^^
  File "/a/mm/ab/gpt/brute/ga/meta_evolution/run_fractal_evolution_cifar100.py", line 250, in uuid4
    return hashlib.md5(s.encode()).hexdigest()
           ^^^^^^^
NameError: name 'hashlib' is not defined. Did you forget to import 'hashlib'
Traceback (most recent call last):
  File "/a/mm/ab/gpt/brute/ga/meta_evolution/run_fractal_evolution_cifar100.py", line 263, in fitness_function
    model_checksum = uuid4(code_str)
                     ^^^^^^^^^^^^^^^
  File "/a/mm/ab/gpt/brute/ga/meta_evolution/run_fractal_evolution_cifar100.py", line 250, in uuid4
    return hashlib.md5(s.encode()).hexdigest()
           ^^^^^^^
NameError: name 'hashlib' is not defined. Did you forget to import 'hashlib'
Traceback (most recent call last):
  File "/a/mm/ab/gpt/brute/ga/meta_evolution/run_fractal_evolution_cifar100.py", line 263, in fitness_function
    model_checksum = uuid4(code_str)
                     ^^^^^^^^^^^^^^^
  File "/a/mm/ab/gpt/brute/ga/meta_evolution/run_fractal_evolution_cifar100.py", line 250, in uuid4
    return hashlib.md5(s.encode()).hexdigest()
           ^^^^^^^
NameError: name 'hashlib' is not defined. Did you forget to import 'hashlib'
Traceback (most recent call last):
  File "/a/mm/ab/gpt/brute/ga/meta_evolution/run_fractal_evolution_cifar100.py", line 263, in fitness_function
    model_checksum = uuid4(code_str)
                     ^^^^^^^^^^^^^^^
  File "/a/mm/ab/gpt/brute/ga/meta_evolution/run_fractal_evolution_cifar100.py", line 250, in uuid4
    return hashlib.md5(s.encode()).hexdigest()
           ^^^^^^^
NameError: name 'hashlib' is not defined. Did you forget to import 'hashlib'
Traceback (most recent call last):
  File "/a/mm/ab/gpt/brute/ga/meta_evolution/run_fractal_evolution_cifar100.py", line 263, in fitness_function
    model_checksum = uuid4(code_str)
                     ^^^^^^^^^^^^^^^
  File "/a/mm/ab/gpt/brute/ga/meta_evolution/run_fractal_evolution_cifar100.py", line 250, in uuid4
    return hashlib.md5(s.encode()).hexdigest()
           ^^^^^^^
NameError: name 'hashlib' is not defined. Did you forget to import 'hashlib'
Traceback (most recent call last):
  File "/a/mm/ab/gpt/brute/ga/meta_evolution/run_fractal_evolution_cifar100.py", line 263, in fitness_function
    model_checksum = uuid4(code_str)
                     ^^^^^^^^^^^^^^^
  File "/a/mm/ab/gpt/brute/ga/meta_evolution/run_fractal_evolution_cifar100.py", line 250, in uuid4
    return hashlib.md5(s.encode()).hexdigest()
           ^^^^^^^
NameError: name 'hashlib' is not defined. Did you forget to import 'hashlib'
Traceback (most recent call last):
  File "/a/mm/ab/gpt/brute/ga/meta_evolution/run_fractal_evolution_cifar100.py", line 263, in fitness_function
    model_checksum = uuid4(code_str)
                     ^^^^^^^^^^^^^^^
  File "/a/mm/ab/gpt/brute/ga/meta_evolution/run_fractal_evolution_cifar100.py", line 250, in uuid4
    return hashlib.md5(s.encode()).hexdigest()
           ^^^^^^^
NameError: name 'hashlib' is not defined. Did you forget to import 'hashlib'
Traceback (most recent call last):
  File "/a/mm/ab/gpt/brute/ga/meta_evolution/run_fractal_evolution_cifar100.py", line 263, in fitness_function
    model_checksum = uuid4(code_str)
                     ^^^^^^^^^^^^^^^
  File "/a/mm/ab/gpt/brute/ga/meta_evolution/run_fractal_evolution_cifar100.py", line 250, in uuid4
    return hashlib.md5(s.encode()).hexdigest()
           ^^^^^^^
NameError: name 'hashlib' is not defined. Did you forget to import 'hashlib'
Traceback (most recent call last):
  File "/a/mm/ab/gpt/brute/ga/meta_evolution/run_fractal_evolution_cifar100.py", line 263, in fitness_function
    model_checksum = uuid4(code_str)
                     ^^^^^^^^^^^^^^^
  File "/a/mm/ab/gpt/brute/ga/meta_evolution/run_fractal_evolution_cifar100.py", line 250, in uuid4
    return hashlib.md5(s.encode()).hexdigest()
           ^^^^^^^
NameError: name 'hashlib' is not defined. Did you forget to import 'hashlib'
Traceback (most recent call last):
  File "/a/mm/ab/gpt/brute/ga/meta_evolution/run_fractal_evolution_cifar100.py", line 263, in fitness_function
    model_checksum = uuid4(code_str)
                     ^^^^^^^^^^^^^^^
  File "/a/mm/ab/gpt/brute/ga/meta_evolution/run_fractal_evolution_cifar100.py", line 250, in uuid4
    return hashlib.md5(s.encode()).hexdigest()
           ^^^^^^^
NameError: name 'hashlib' is not defined. Did you forget to import 'hashlib'
Traceback (most recent call last):
  File "/a/mm/ab/gpt/brute/ga/meta_evolution/run_fractal_evolution_cifar100.py", line 263, in fitness_function
    model_checksum = uuid4(code_str)
                     ^^^^^^^^^^^^^^^
  File "/a/mm/ab/gpt/brute/ga/meta_evolution/run_fractal_evolution_cifar100.py", line 250, in uuid4
    return hashlib.md5(s.encode()).hexdigest()
           ^^^^^^^
NameError: name 'hashlib' is not defined. Did you forget to import 'hashlib'
Traceback (most recent call last):
  File "/a/mm/ab/gpt/brute/ga/meta_evolution/run_fractal_evolution_cifar100.py", line 263, in fitness_function
    model_checksum = uuid4(code_str)
                     ^^^^^^^^^^^^^^^
  File "/a/mm/ab/gpt/brute/ga/meta_evolution/run_fractal_evolution_cifar100.py", line 250, in uuid4
    return hashlib.md5(s.encode()).hexdigest()
           ^^^^^^^
NameError: name 'hashlib' is not defined. Did you forget to import 'hashlib'
Traceback (most recent call last):
  File "/a/mm/ab/gpt/brute/ga/meta_evolution/run_fractal_evolution_cifar100.py", line 263, in fitness_function
    model_checksum = uuid4(code_str)
                     ^^^^^^^^^^^^^^^
  File "/a/mm/ab/gpt/brute/ga/meta_evolution/run_fractal_evolution_cifar100.py", line 250, in uuid4
    return hashlib.md5(s.encode()).hexdigest()
           ^^^^^^^
NameError: name 'hashlib' is not defined. Did you forget to import 'hashlib'
Traceback (most recent call last):
  File "/a/mm/ab/gpt/brute/ga/meta_evolution/run_fractal_evolution_cifar100.py", line 263, in fitness_function
    model_checksum = uuid4(code_str)
                     ^^^^^^^^^^^^^^^
  File "/a/mm/ab/gpt/brute/ga/meta_evolution/run_fractal_evolution_cifar100.py", line 250, in uuid4
    return hashlib.md5(s.encode()).hexdigest()
           ^^^^^^^
NameError: name 'hashlib' is not defined. Did you forget to import 'hashlib'
Traceback (most recent call last):
  File "/a/mm/ab/gpt/brute/ga/meta_evolution/run_fractal_evolution_cifar100.py", line 263, in fitness_function
    model_checksum = uuid4(code_str)
                     ^^^^^^^^^^^^^^^
  File "/a/mm/ab/gpt/brute/ga/meta_evolution/run_fractal_evolution_cifar100.py", line 250, in uuid4
    return hashlib.md5(s.encode()).hexdigest()
           ^^^^^^^
NameError: name 'hashlib' is not defined. Did you forget to import 'hashlib'
Traceback (most recent call last):
  File "/a/mm/ab/gpt/brute/ga/meta_evolution/run_fractal_evolution_cifar100.py", line 263, in fitness_function
    model_checksum = uuid4(code_str)
                     ^^^^^^^^^^^^^^^
  File "/a/mm/ab/gpt/brute/ga/meta_evolution/run_fractal_evolution_cifar100.py", line 250, in uuid4
    return hashlib.md5(s.encode()).hexdigest()
           ^^^^^^^
NameError: name 'hashlib' is not defined. Did you forget to import 'hashlib'
Traceback (most recent call last):
  File "/a/mm/ab/gpt/brute/ga/meta_evolution/run_fractal_evolution_cifar100.py", line 263, in fitness_function
    model_checksum = uuid4(code_str)
                     ^^^^^^^^^^^^^^^
  File "/a/mm/ab/gpt/brute/ga/meta_evolution/run_fractal_evolution_cifar100.py", line 250, in uuid4
    return hashlib.md5(s.encode()).hexdigest()
           ^^^^^^^
NameError: name 'hashlib' is not defined. Did you forget to import 'hashlib'
Traceback (most recent call last):
  File "/a/mm/ab/gpt/brute/ga/meta_evolution/run_fractal_evolution_cifar100.py", line 263, in fitness_function
    model_checksum = uuid4(code_str)
                     ^^^^^^^^^^^^^^^
  File "/a/mm/ab/gpt/brute/ga/meta_evolution/run_fractal_evolution_cifar100.py", line 250, in uuid4
    return hashlib.md5(s.encode()).hexdigest()
           ^^^^^^^
NameError: name 'hashlib' is not defined. Did you forget to import 'hashlib'
Traceback (most recent call last):
  File "/a/mm/ab/gpt/brute/ga/meta_evolution/run_fractal_evolution_cifar100.py", line 263, in fitness_function
    model_checksum = uuid4(code_str)
                     ^^^^^^^^^^^^^^^
  File "/a/mm/ab/gpt/brute/ga/meta_evolution/run_fractal_evolution_cifar100.py", line 250, in uuid4
    return hashlib.md5(s.encode()).hexdigest()
           ^^^^^^^
NameError: name 'hashlib' is not defined. Did you forget to import 'hashlib'
Traceback (most recent call last):
  File "/a/mm/ab/gpt/brute/ga/meta_evolution/run_fractal_evolution_cifar100.py", line 263, in fitness_function
    model_checksum = uuid4(code_str)
                     ^^^^^^^^^^^^^^^
  File "/a/mm/ab/gpt/brute/ga/meta_evolution/run_fractal_evolution_cifar100.py", line 250, in uuid4
    return hashlib.md5(s.encode()).hexdigest()
           ^^^^^^^
NameError: name 'hashlib' is not defined. Did you forget to import 'hashlib'
Traceback (most recent call last):
  File "/a/mm/ab/gpt/brute/ga/meta_evolution/run_fractal_evolution_cifar100.py", line 263, in fitness_function
    model_checksum = uuid4(code_str)
                     ^^^^^^^^^^^^^^^
  File "/a/mm/ab/gpt/brute/ga/meta_evolution/run_fractal_evolution_cifar100.py", line 250, in uuid4
    return hashlib.md5(s.encode()).hexdigest()
           ^^^^^^^
NameError: name 'hashlib' is not defined. Did you forget to import 'hashlib'
Traceback (most recent call last):
  File "/a/mm/ab/gpt/brute/ga/meta_evolution/run_fractal_evolution_cifar100.py", line 263, in fitness_function
    model_checksum = uuid4(code_str)
                     ^^^^^^^^^^^^^^^
  File "/a/mm/ab/gpt/brute/ga/meta_evolution/run_fractal_evolution_cifar100.py", line 250, in uuid4
    return hashlib.md5(s.encode()).hexdigest()
           ^^^^^^^
NameError: name 'hashlib' is not defined. Did you forget to import 'hashlib'
Traceback (most recent call last):
  File "/a/mm/ab/gpt/brute/ga/meta_evolution/run_fractal_evolution_cifar100.py", line 263, in fitness_function
    model_checksum = uuid4(code_str)
                     ^^^^^^^^^^^^^^^
  File "/a/mm/ab/gpt/brute/ga/meta_evolution/run_fractal_evolution_cifar100.py", line 250, in uuid4
    return hashlib.md5(s.encode()).hexdigest()
           ^^^^^^^
NameError: name 'hashlib' is not defined. Did you forget to import 'hashlib'
Traceback (most recent call last):
  File "/a/mm/ab/gpt/brute/ga/meta_evolution/run_fractal_evolution_cifar100.py", line 263, in fitness_function
    model_checksum = uuid4(code_str)
                     ^^^^^^^^^^^^^^^
  File "/a/mm/ab/gpt/brute/ga/meta_evolution/run_fractal_evolution_cifar100.py", line 250, in uuid4
    return hashlib.md5(s.encode()).hexdigest()
           ^^^^^^^
NameError: name 'hashlib' is not defined. Did you forget to import 'hashlib'
Traceback (most recent call last):
  File "/a/mm/ab/gpt/brute/ga/meta_evolution/run_fractal_evolution_cifar100.py", line 263, in fitness_function
    model_checksum = uuid4(code_str)
                     ^^^^^^^^^^^^^^^
  File "/a/mm/ab/gpt/brute/ga/meta_evolution/run_fractal_evolution_cifar100.py", line 250, in uuid4
    return hashlib.md5(s.encode()).hexdigest()
           ^^^^^^^
NameError: name 'hashlib' is not defined. Did you forget to import 'hashlib'
Traceback (most recent call last):
  File "/a/mm/ab/gpt/brute/ga/meta_evolution/run_fractal_evolution_cifar100.py", line 263, in fitness_function
    model_checksum = uuid4(code_str)
                     ^^^^^^^^^^^^^^^
  File "/a/mm/ab/gpt/brute/ga/meta_evolution/run_fractal_evolution_cifar100.py", line 250, in uuid4
    return hashlib.md5(s.encode()).hexdigest()
           ^^^^^^^
NameError: name 'hashlib' is not defined. Did you forget to import 'hashlib'
Traceback (most recent call last):
  File "/a/mm/ab/gpt/brute/ga/meta_evolution/run_fractal_evolution_cifar100.py", line 263, in fitness_function
    model_checksum = uuid4(code_str)
                     ^^^^^^^^^^^^^^^
  File "/a/mm/ab/gpt/brute/ga/meta_evolution/run_fractal_evolution_cifar100.py", line 250, in uuid4
    return hashlib.md5(s.encode()).hexdigest()
           ^^^^^^^
NameError: name 'hashlib' is not defined. Did you forget to import 'hashlib'
Traceback (most recent call last):
  File "/a/mm/ab/gpt/brute/ga/meta_evolution/run_fractal_evolution_cifar100.py", line 263, in fitness_function
    model_checksum = uuid4(code_str)
                     ^^^^^^^^^^^^^^^
  File "/a/mm/ab/gpt/brute/ga/meta_evolution/run_fractal_evolution_cifar100.py", line 250, in uuid4
    return hashlib.md5(s.encode()).hexdigest()
           ^^^^^^^
NameError: name 'hashlib' is not defined. Did you forget to import 'hashlib'
Traceback (most recent call last):
  File "/a/mm/ab/gpt/brute/ga/meta_evolution/run_fractal_evolution_cifar100.py", line 263, in fitness_function
    model_checksum = uuid4(code_str)
                     ^^^^^^^^^^^^^^^
  File "/a/mm/ab/gpt/brute/ga/meta_evolution/run_fractal_evolution_cifar100.py", line 250, in uuid4
    return hashlib.md5(s.encode()).hexdigest()
           ^^^^^^^
NameError: name 'hashlib' is not defined. Did you forget to import 'hashlib'
Traceback (most recent call last):
  File "/a/mm/ab/gpt/brute/ga/meta_evolution/run_fractal_evolution_cifar100.py", line 263, in fitness_function
    model_checksum = uuid4(code_str)
                     ^^^^^^^^^^^^^^^
  File "/a/mm/ab/gpt/brute/ga/meta_evolution/run_fractal_evolution_cifar100.py", line 250, in uuid4
    return hashlib.md5(s.encode()).hexdigest()
           ^^^^^^^
NameError: name 'hashlib' is not defined. Did you forget to import 'hashlib'
Traceback (most recent call last):
  File "/a/mm/ab/gpt/brute/ga/meta_evolution/run_fractal_evolution_cifar100.py", line 263, in fitness_function
    model_checksum = uuid4(code_str)
                     ^^^^^^^^^^^^^^^
  File "/a/mm/ab/gpt/brute/ga/meta_evolution/run_fractal_evolution_cifar100.py", line 250, in uuid4
    return hashlib.md5(s.encode()).hexdigest()
           ^^^^^^^
NameError: name 'hashlib' is not defined. Did you forget to import 'hashlib'
Traceback (most recent call last):
  File "/a/mm/ab/gpt/brute/ga/meta_evolution/run_fractal_evolution_cifar100.py", line 263, in fitness_function
    model_checksum = uuid4(code_str)
                     ^^^^^^^^^^^^^^^
  File "/a/mm/ab/gpt/brute/ga/meta_evolution/run_fractal_evolution_cifar100.py", line 250, in uuid4
    return hashlib.md5(s.encode()).hexdigest()
           ^^^^^^^
NameError: name 'hashlib' is not defined. Did you forget to import 'hashlib'
Traceback (most recent call last):
  File "/a/mm/ab/gpt/brute/ga/meta_evolution/run_fractal_evolution_cifar100.py", line 263, in fitness_function
    model_checksum = uuid4(code_str)
                     ^^^^^^^^^^^^^^^
  File "/a/mm/ab/gpt/brute/ga/meta_evolution/run_fractal_evolution_cifar100.py", line 250, in uuid4
    return hashlib.md5(s.encode()).hexdigest()
           ^^^^^^^
NameError: name 'hashlib' is not defined. Did you forget to import 'hashlib'
Traceback (most recent call last):
  File "/a/mm/ab/gpt/brute/ga/meta_evolution/run_fractal_evolution_cifar100.py", line 263, in fitness_function
    model_checksum = uuid4(code_str)
                     ^^^^^^^^^^^^^^^
  File "/a/mm/ab/gpt/brute/ga/meta_evolution/run_fractal_evolution_cifar100.py", line 250, in uuid4
    return hashlib.md5(s.encode()).hexdigest()
           ^^^^^^^
NameError: name 'hashlib' is not defined. Did you forget to import 'hashlib'
Traceback (most recent call last):
  File "/a/mm/ab/gpt/brute/ga/meta_evolution/run_fractal_evolution_cifar100.py", line 263, in fitness_function
    model_checksum = uuid4(code_str)
                     ^^^^^^^^^^^^^^^
  File "/a/mm/ab/gpt/brute/ga/meta_evolution/run_fractal_evolution_cifar100.py", line 250, in uuid4
    return hashlib.md5(s.encode()).hexdigest()
           ^^^^^^^
NameError: name 'hashlib' is not defined. Did you forget to import 'hashlib'
Traceback (most recent call last):
  File "/a/mm/ab/gpt/brute/ga/meta_evolution/run_fractal_evolution_cifar100.py", line 263, in fitness_function
    model_checksum = uuid4(code_str)
                     ^^^^^^^^^^^^^^^
  File "/a/mm/ab/gpt/brute/ga/meta_evolution/run_fractal_evolution_cifar100.py", line 250, in uuid4
    return hashlib.md5(s.encode()).hexdigest()
           ^^^^^^^
NameError: name 'hashlib' is not defined. Did you forget to import 'hashlib'
Traceback (most recent call last):
  File "/a/mm/ab/gpt/brute/ga/meta_evolution/run_fractal_evolution_cifar100.py", line 263, in fitness_function
    model_checksum = uuid4(code_str)
                     ^^^^^^^^^^^^^^^
  File "/a/mm/ab/gpt/brute/ga/meta_evolution/run_fractal_evolution_cifar100.py", line 250, in uuid4
    return hashlib.md5(s.encode()).hexdigest()
           ^^^^^^^
NameError: name 'hashlib' is not defined. Did you forget to import 'hashlib'
Traceback (most recent call last):
  File "/a/mm/ab/gpt/brute/ga/meta_evolution/run_fractal_evolution_cifar100.py", line 263, in fitness_function
    model_checksum = uuid4(code_str)
                     ^^^^^^^^^^^^^^^
  File "/a/mm/ab/gpt/brute/ga/meta_evolution/run_fractal_evolution_cifar100.py", line 250, in uuid4
    return hashlib.md5(s.encode()).hexdigest()
           ^^^^^^^
NameError: name 'hashlib' is not defined. Did you forget to import 'hashlib'
Traceback (most recent call last):
  File "/a/mm/ab/gpt/brute/ga/meta_evolution/run_fractal_evolution_cifar100.py", line 263, in fitness_function
    model_checksum = uuid4(code_str)
                     ^^^^^^^^^^^^^^^
  File "/a/mm/ab/gpt/brute/ga/meta_evolution/run_fractal_evolution_cifar100.py", line 250, in uuid4
    return hashlib.md5(s.encode()).hexdigest()
           ^^^^^^^
NameError: name 'hashlib' is not defined. Did you forget to import 'hashlib'
Traceback (most recent call last):
  File "/a/mm/ab/gpt/brute/ga/meta_evolution/run_fractal_evolution_cifar100.py", line 263, in fitness_function
    model_checksum = uuid4(code_str)
                     ^^^^^^^^^^^^^^^
  File "/a/mm/ab/gpt/brute/ga/meta_evolution/run_fractal_evolution_cifar100.py", line 250, in uuid4
    return hashlib.md5(s.encode()).hexdigest()
           ^^^^^^^
NameError: name 'hashlib' is not defined. Did you forget to import 'hashlib'
Traceback (most recent call last):
  File "/a/mm/ab/gpt/brute/ga/meta_evolution/run_fractal_evolution_cifar100.py", line 263, in fitness_function
    model_checksum = uuid4(code_str)
                     ^^^^^^^^^^^^^^^
  File "/a/mm/ab/gpt/brute/ga/meta_evolution/run_fractal_evolution_cifar100.py", line 250, in uuid4
    return hashlib.md5(s.encode()).hexdigest()
           ^^^^^^^
NameError: name 'hashlib' is not defined. Did you forget to import 'hashlib'
Traceback (most recent call last):
  File "/a/mm/ab/gpt/brute/ga/meta_evolution/run_fractal_evolution_cifar100.py", line 263, in fitness_function
    model_checksum = uuid4(code_str)
                     ^^^^^^^^^^^^^^^
  File "/a/mm/ab/gpt/brute/ga/meta_evolution/run_fractal_evolution_cifar100.py", line 250, in uuid4
    return hashlib.md5(s.encode()).hexdigest()
           ^^^^^^^
NameError: name 'hashlib' is not defined. Did you forget to import 'hashlib'
Traceback (most recent call last):
  File "/a/mm/ab/gpt/brute/ga/meta_evolution/run_fractal_evolution_cifar100.py", line 263, in fitness_function
    model_checksum = uuid4(code_str)
                     ^^^^^^^^^^^^^^^
  File "/a/mm/ab/gpt/brute/ga/meta_evolution/run_fractal_evolution_cifar100.py", line 250, in uuid4
    return hashlib.md5(s.encode()).hexdigest()
           ^^^^^^^
NameError: name 'hashlib' is not defined. Did you forget to import 'hashlib'
Traceback (most recent call last):
  File "/a/mm/ab/gpt/brute/ga/meta_evolution/run_fractal_evolution_cifar100.py", line 263, in fitness_function
    model_checksum = uuid4(code_str)
                     ^^^^^^^^^^^^^^^
  File "/a/mm/ab/gpt/brute/ga/meta_evolution/run_fractal_evolution_cifar100.py", line 250, in uuid4
    return hashlib.md5(s.encode()).hexdigest()
           ^^^^^^^
NameError: name 'hashlib' is not defined. Did you forget to import 'hashlib'
Traceback (most recent call last):
  File "/a/mm/ab/gpt/brute/ga/meta_evolution/run_fractal_evolution_cifar100.py", line 263, in fitness_function
    model_checksum = uuid4(code_str)
                     ^^^^^^^^^^^^^^^
  File "/a/mm/ab/gpt/brute/ga/meta_evolution/run_fractal_evolution_cifar100.py", line 250, in uuid4
    return hashlib.md5(s.encode()).hexdigest()
           ^^^^^^^
NameError: name 'hashlib' is not defined. Did you forget to import 'hashlib'
Traceback (most recent call last):
  File "/a/mm/ab/gpt/brute/ga/meta_evolution/run_fractal_evolution_cifar100.py", line 263, in fitness_function
    model_checksum = uuid4(code_str)
                     ^^^^^^^^^^^^^^^
  File "/a/mm/ab/gpt/brute/ga/meta_evolution/run_fractal_evolution_cifar100.py", line 250, in uuid4
    return hashlib.md5(s.encode()).hexdigest()
           ^^^^^^^
NameError: name 'hashlib' is not defined. Did you forget to import 'hashlib'
Traceback (most recent call last):
  File "/a/mm/ab/gpt/brute/ga/meta_evolution/run_fractal_evolution_cifar100.py", line 263, in fitness_function
    model_checksum = uuid4(code_str)
                     ^^^^^^^^^^^^^^^
  File "/a/mm/ab/gpt/brute/ga/meta_evolution/run_fractal_evolution_cifar100.py", line 250, in uuid4
    return hashlib.md5(s.encode()).hexdigest()
           ^^^^^^^
NameError: name 'hashlib' is not defined. Did you forget to import 'hashlib'
Traceback (most recent call last):
  File "/a/mm/ab/gpt/brute/ga/meta_evolution/run_fractal_evolution_cifar100.py", line 263, in fitness_function
    model_checksum = uuid4(code_str)
                     ^^^^^^^^^^^^^^^
  File "/a/mm/ab/gpt/brute/ga/meta_evolution/run_fractal_evolution_cifar100.py", line 250, in uuid4
    return hashlib.md5(s.encode()).hexdigest()
           ^^^^^^^
NameError: name 'hashlib' is not defined. Did you forget to import 'hashlib'
Traceback (most recent call last):
  File "/a/mm/ab/gpt/brute/ga/meta_evolution/run_fractal_evolution_cifar100.py", line 263, in fitness_function
    model_checksum = uuid4(code_str)
                     ^^^^^^^^^^^^^^^
  File "/a/mm/ab/gpt/brute/ga/meta_evolution/run_fractal_evolution_cifar100.py", line 250, in uuid4
    return hashlib.md5(s.encode()).hexdigest()
           ^^^^^^^
NameError: name 'hashlib' is not defined. Did you forget to import 'hashlib'
Traceback (most recent call last):
  File "/a/mm/ab/gpt/brute/ga/meta_evolution/run_fractal_evolution_cifar100.py", line 263, in fitness_function
    model_checksum = uuid4(code_str)
                     ^^^^^^^^^^^^^^^
  File "/a/mm/ab/gpt/brute/ga/meta_evolution/run_fractal_evolution_cifar100.py", line 250, in uuid4
    return hashlib.md5(s.encode()).hexdigest()
           ^^^^^^^
NameError: name 'hashlib' is not defined. Did you forget to import 'hashlib'
Traceback (most recent call last):
  File "/a/mm/ab/gpt/brute/ga/meta_evolution/run_fractal_evolution_cifar100.py", line 263, in fitness_function
    model_checksum = uuid4(code_str)
                     ^^^^^^^^^^^^^^^
  File "/a/mm/ab/gpt/brute/ga/meta_evolution/run_fractal_evolution_cifar100.py", line 250, in uuid4
    return hashlib.md5(s.encode()).hexdigest()
           ^^^^^^^
NameError: name 'hashlib' is not defined. Did you forget to import 'hashlib'
Traceback (most recent call last):
  File "/a/mm/ab/gpt/brute/ga/meta_evolution/run_fractal_evolution_cifar100.py", line 263, in fitness_function
    model_checksum = uuid4(code_str)
                     ^^^^^^^^^^^^^^^
  File "/a/mm/ab/gpt/brute/ga/meta_evolution/run_fractal_evolution_cifar100.py", line 250, in uuid4
    return hashlib.md5(s.encode()).hexdigest()
           ^^^^^^^
NameError: name 'hashlib' is not defined. Did you forget to import 'hashlib'
Traceback (most recent call last):
  File "/a/mm/ab/gpt/brute/ga/meta_evolution/run_fractal_evolution_cifar100.py", line 263, in fitness_function
    model_checksum = uuid4(code_str)
                     ^^^^^^^^^^^^^^^
  File "/a/mm/ab/gpt/brute/ga/meta_evolution/run_fractal_evolution_cifar100.py", line 250, in uuid4
    return hashlib.md5(s.encode()).hexdigest()
           ^^^^^^^
NameError: name 'hashlib' is not defined. Did you forget to import 'hashlib'
Traceback (most recent call last):
  File "/a/mm/ab/gpt/brute/ga/meta_evolution/run_fractal_evolution_cifar100.py", line 263, in fitness_function
    model_checksum = uuid4(code_str)
                     ^^^^^^^^^^^^^^^
  File "/a/mm/ab/gpt/brute/ga/meta_evolution/run_fractal_evolution_cifar100.py", line 250, in uuid4
    return hashlib.md5(s.encode()).hexdigest()
           ^^^^^^^
NameError: name 'hashlib' is not defined. Did you forget to import 'hashlib'
Traceback (most recent call last):
  File "/a/mm/ab/gpt/brute/ga/meta_evolution/run_fractal_evolution_cifar100.py", line 263, in fitness_function
    model_checksum = uuid4(code_str)
                     ^^^^^^^^^^^^^^^
  File "/a/mm/ab/gpt/brute/ga/meta_evolution/run_fractal_evolution_cifar100.py", line 250, in uuid4
    return hashlib.md5(s.encode()).hexdigest()
           ^^^^^^^
NameError: name 'hashlib' is not defined. Did you forget to import 'hashlib'
Traceback (most recent call last):
  File "/a/mm/ab/gpt/brute/ga/meta_evolution/run_fractal_evolution_cifar100.py", line 263, in fitness_function
    model_checksum = uuid4(code_str)
                     ^^^^^^^^^^^^^^^
  File "/a/mm/ab/gpt/brute/ga/meta_evolution/run_fractal_evolution_cifar100.py", line 250, in uuid4
    return hashlib.md5(s.encode()).hexdigest()
           ^^^^^^^
NameError: name 'hashlib' is not defined. Did you forget to import 'hashlib'
Traceback (most recent call last):
  File "/a/mm/ab/gpt/brute/ga/meta_evolution/run_fractal_evolution_cifar100.py", line 263, in fitness_function
    model_checksum = uuid4(code_str)
                     ^^^^^^^^^^^^^^^
  File "/a/mm/ab/gpt/brute/ga/meta_evolution/run_fractal_evolution_cifar100.py", line 250, in uuid4
    return hashlib.md5(s.encode()).hexdigest()
           ^^^^^^^
NameError: name 'hashlib' is not defined. Did you forget to import 'hashlib'
Traceback (most recent call last):
  File "/a/mm/ab/gpt/brute/ga/meta_evolution/run_fractal_evolution_cifar100.py", line 263, in fitness_function
    model_checksum = uuid4(code_str)
                     ^^^^^^^^^^^^^^^
  File "/a/mm/ab/gpt/brute/ga/meta_evolution/run_fractal_evolution_cifar100.py", line 250, in uuid4
    return hashlib.md5(s.encode()).hexdigest()
           ^^^^^^^
NameError: name 'hashlib' is not defined. Did you forget to import 'hashlib'
Traceback (most recent call last):
  File "/a/mm/ab/gpt/brute/ga/meta_evolution/run_fractal_evolution_cifar100.py", line 263, in fitness_function
    model_checksum = uuid4(code_str)
                     ^^^^^^^^^^^^^^^
  File "/a/mm/ab/gpt/brute/ga/meta_evolution/run_fractal_evolution_cifar100.py", line 250, in uuid4
    return hashlib.md5(s.encode()).hexdigest()
           ^^^^^^^
NameError: name 'hashlib' is not defined. Did you forget to import 'hashlib'
Traceback (most recent call last):
  File "/a/mm/ab/gpt/brute/ga/meta_evolution/run_fractal_evolution_cifar100.py", line 263, in fitness_function
    model_checksum = uuid4(code_str)
                     ^^^^^^^^^^^^^^^
  File "/a/mm/ab/gpt/brute/ga/meta_evolution/run_fractal_evolution_cifar100.py", line 250, in uuid4
    return hashlib.md5(s.encode()).hexdigest()
           ^^^^^^^
NameError: name 'hashlib' is not defined. Did you forget to import 'hashlib'
Traceback (most recent call last):
  File "/a/mm/ab/gpt/brute/ga/meta_evolution/run_fractal_evolution_cifar100.py", line 263, in fitness_function
    model_checksum = uuid4(code_str)
                     ^^^^^^^^^^^^^^^
  File "/a/mm/ab/gpt/brute/ga/meta_evolution/run_fractal_evolution_cifar100.py", line 250, in uuid4
    return hashlib.md5(s.encode()).hexdigest()
           ^^^^^^^
NameError: name 'hashlib' is not defined. Did you forget to import 'hashlib'
Traceback (most recent call last):
  File "/a/mm/ab/gpt/brute/ga/meta_evolution/run_fractal_evolution_cifar100.py", line 263, in fitness_function
    model_checksum = uuid4(code_str)
                     ^^^^^^^^^^^^^^^
  File "/a/mm/ab/gpt/brute/ga/meta_evolution/run_fractal_evolution_cifar100.py", line 250, in uuid4
    return hashlib.md5(s.encode()).hexdigest()
           ^^^^^^^
NameError: name 'hashlib' is not defined. Did you forget to import 'hashlib'
Traceback (most recent call last):
  File "/a/mm/ab/gpt/brute/ga/meta_evolution/run_fractal_evolution_cifar100.py", line 263, in fitness_function
    model_checksum = uuid4(code_str)
                     ^^^^^^^^^^^^^^^
  File "/a/mm/ab/gpt/brute/ga/meta_evolution/run_fractal_evolution_cifar100.py", line 250, in uuid4
    return hashlib.md5(s.encode()).hexdigest()
           ^^^^^^^
NameError: name 'hashlib' is not defined. Did you forget to import 'hashlib'
Traceback (most recent call last):
  File "/a/mm/ab/gpt/brute/ga/meta_evolution/run_fractal_evolution_cifar100.py", line 263, in fitness_function
    model_checksum = uuid4(code_str)
                     ^^^^^^^^^^^^^^^
  File "/a/mm/ab/gpt/brute/ga/meta_evolution/run_fractal_evolution_cifar100.py", line 250, in uuid4
    return hashlib.md5(s.encode()).hexdigest()
           ^^^^^^^
NameError: name 'hashlib' is not defined. Did you forget to import 'hashlib'
Traceback (most recent call last):
  File "/a/mm/ab/gpt/brute/ga/meta_evolution/run_fractal_evolution_cifar100.py", line 263, in fitness_function
    model_checksum = uuid4(code_str)
                     ^^^^^^^^^^^^^^^
  File "/a/mm/ab/gpt/brute/ga/meta_evolution/run_fractal_evolution_cifar100.py", line 250, in uuid4
    return hashlib.md5(s.encode()).hexdigest()
           ^^^^^^^
NameError: name 'hashlib' is not defined. Did you forget to import 'hashlib'
Traceback (most recent call last):
  File "/a/mm/ab/gpt/brute/ga/meta_evolution/run_fractal_evolution_cifar100.py", line 263, in fitness_function
    model_checksum = uuid4(code_str)
                     ^^^^^^^^^^^^^^^
  File "/a/mm/ab/gpt/brute/ga/meta_evolution/run_fractal_evolution_cifar100.py", line 250, in uuid4
    return hashlib.md5(s.encode()).hexdigest()
           ^^^^^^^
NameError: name 'hashlib' is not defined. Did you forget to import 'hashlib'
Traceback (most recent call last):
  File "/a/mm/ab/gpt/brute/ga/meta_evolution/run_fractal_evolution_cifar100.py", line 263, in fitness_function
    model_checksum = uuid4(code_str)
                     ^^^^^^^^^^^^^^^
  File "/a/mm/ab/gpt/brute/ga/meta_evolution/run_fractal_evolution_cifar100.py", line 250, in uuid4
    return hashlib.md5(s.encode()).hexdigest()
           ^^^^^^^
NameError: name 'hashlib' is not defined. Did you forget to import 'hashlib'
Traceback (most recent call last):
  File "/a/mm/ab/gpt/brute/ga/meta_evolution/run_fractal_evolution_cifar100.py", line 263, in fitness_function
    model_checksum = uuid4(code_str)
                     ^^^^^^^^^^^^^^^
  File "/a/mm/ab/gpt/brute/ga/meta_evolution/run_fractal_evolution_cifar100.py", line 250, in uuid4
    return hashlib.md5(s.encode()).hexdigest()
           ^^^^^^^
NameError: name 'hashlib' is not defined. Did you forget to import 'hashlib'
Traceback (most recent call last):
  File "/a/mm/ab/gpt/brute/ga/meta_evolution/run_fractal_evolution_cifar100.py", line 263, in fitness_function
    model_checksum = uuid4(code_str)
                     ^^^^^^^^^^^^^^^
  File "/a/mm/ab/gpt/brute/ga/meta_evolution/run_fractal_evolution_cifar100.py", line 250, in uuid4
    return hashlib.md5(s.encode()).hexdigest()
           ^^^^^^^
NameError: name 'hashlib' is not defined. Did you forget to import 'hashlib'
Traceback (most recent call last):
  File "/a/mm/ab/gpt/brute/ga/meta_evolution/run_fractal_evolution_cifar100.py", line 263, in fitness_function
    model_checksum = uuid4(code_str)
                     ^^^^^^^^^^^^^^^
  File "/a/mm/ab/gpt/brute/ga/meta_evolution/run_fractal_evolution_cifar100.py", line 250, in uuid4
    return hashlib.md5(s.encode()).hexdigest()
           ^^^^^^^
NameError: name 'hashlib' is not defined. Did you forget to import 'hashlib'
Traceback (most recent call last):
  File "/a/mm/ab/gpt/brute/ga/meta_evolution/run_fractal_evolution_cifar100.py", line 263, in fitness_function
    model_checksum = uuid4(code_str)
                     ^^^^^^^^^^^^^^^
  File "/a/mm/ab/gpt/brute/ga/meta_evolution/run_fractal_evolution_cifar100.py", line 250, in uuid4
    return hashlib.md5(s.encode()).hexdigest()
           ^^^^^^^
NameError: name 'hashlib' is not defined. Did you forget to import 'hashlib'
Traceback (most recent call last):
  File "/a/mm/ab/gpt/brute/ga/meta_evolution/run_fractal_evolution_cifar100.py", line 263, in fitness_function
    model_checksum = uuid4(code_str)
                     ^^^^^^^^^^^^^^^
  File "/a/mm/ab/gpt/brute/ga/meta_evolution/run_fractal_evolution_cifar100.py", line 250, in uuid4
    return hashlib.md5(s.encode()).hexdigest()
           ^^^^^^^
NameError: name 'hashlib' is not defined. Did you forget to import 'hashlib'
Traceback (most recent call last):
  File "/a/mm/ab/gpt/brute/ga/meta_evolution/run_fractal_evolution_cifar100.py", line 263, in fitness_function
    model_checksum = uuid4(code_str)
                     ^^^^^^^^^^^^^^^
  File "/a/mm/ab/gpt/brute/ga/meta_evolution/run_fractal_evolution_cifar100.py", line 250, in uuid4
    return hashlib.md5(s.encode()).hexdigest()
           ^^^^^^^
NameError: name 'hashlib' is not defined. Did you forget to import 'hashlib'
Traceback (most recent call last):
  File "/a/mm/ab/gpt/brute/ga/meta_evolution/run_fractal_evolution_cifar100.py", line 263, in fitness_function
    model_checksum = uuid4(code_str)
                     ^^^^^^^^^^^^^^^
  File "/a/mm/ab/gpt/brute/ga/meta_evolution/run_fractal_evolution_cifar100.py", line 250, in uuid4
    return hashlib.md5(s.encode()).hexdigest()
           ^^^^^^^
NameError: name 'hashlib' is not defined. Did you forget to import 'hashlib'
LEMUR root /a/mm
[Init] Loaded 2889 existing checksums from stats/ (skipping duplicates)
[Run] Continuing evolution from gen 0 to 5


 >>> GENERATION 1 <<<

  Evaluating Individual 1/20 ---- Generation: 1/5
Eval Fail: name 'hashlib' is not defined
  [Archive] Cell (4, 16) updated with fitness: 0.0000
  Evaluating Individual 2/20 ---- Generation: 1/5
Eval Fail: name 'hashlib' is not defined
  [Archive] Cell (2, 64) updated with fitness: 0.0000
  Evaluating Individual 3/20 ---- Generation: 1/5
Eval Fail: name 'hashlib' is not defined
  Evaluating Individual 4/20 ---- Generation: 1/5
Eval Fail: name 'hashlib' is not defined
  [Archive] Cell (3, 16) updated with fitness: 0.0000
  Evaluating Individual 5/20 ---- Generation: 1/5
Eval Fail: name 'hashlib' is not defined
  [Archive] Cell (4, 32) updated with fitness: 0.0000
  Evaluating Individual 6/20 ---- Generation: 1/5
Eval Fail: name 'hashlib' is not defined
  [Archive] Cell (2, 32) updated with fitness: 0.0000
  Evaluating Individual 7/20 ---- Generation: 1/5
Eval Fail: name 'hashlib' is not defined
  Evaluating Individual 8/20 ---- Generation: 1/5
Eval Fail: name 'hashlib' is not defined
  Evaluating Individual 9/20 ---- Generation: 1/5
Eval Fail: name 'hashlib' is not defined
  [Archive] Cell (4, 64) updated with fitness: 0.0000
  Evaluating Individual 10/20 ---- Generation: 1/5
Eval Fail: name 'hashlib' is not defined
  Evaluating Individual 11/20 ---- Generation: 1/5
Eval Fail: name 'hashlib' is not defined
  [Archive] Cell (2, 16) updated with fitness: 0.0000
  Evaluating Individual 12/20 ---- Generation: 1/5
Eval Fail: name 'hashlib' is not defined
  Evaluating Individual 13/20 ---- Generation: 1/5
Eval Fail: name 'hashlib' is not defined
  Evaluating Individual 14/20 ---- Generation: 1/5
Eval Fail: name 'hashlib' is not defined
  Evaluating Individual 15/20 ---- Generation: 1/5
Eval Fail: name 'hashlib' is not defined
  Evaluating Individual 16/20 ---- Generation: 1/5
Eval Fail: name 'hashlib' is not defined
  [Archive] Cell (3, 32) updated with fitness: 0.0000
  Evaluating Individual 17/20 ---- Generation: 1/5
Eval Fail: name 'hashlib' is not defined
  [Archive] Cell (3, 64) updated with fitness: 0.0000
  Evaluating Individual 18/20 ---- Generation: 1/5
Eval Fail: name 'hashlib' is not defined
  Evaluating Individual 19/20 ---- Generation: 1/5
Eval Fail: name 'hashlib' is not defined
  Evaluating Individual 20/20 ---- Generation: 1/5
Eval Fail: name 'hashlib' is not defined


 >>> GENERATION 2 <<<

  Evaluating Individual 6/20 ---- Generation: 2/5
Eval Fail: name 'hashlib' is not defined
  Evaluating Individual 7/20 ---- Generation: 2/5
Eval Fail: name 'hashlib' is not defined
  Evaluating Individual 8/20 ---- Generation: 2/5
Eval Fail: name 'hashlib' is not defined
  Evaluating Individual 9/20 ---- Generation: 2/5
Eval Fail: name 'hashlib' is not defined
  Evaluating Individual 10/20 ---- Generation: 2/5
Eval Fail: name 'hashlib' is not defined
  Evaluating Individual 11/20 ---- Generation: 2/5
Eval Fail: name 'hashlib' is not defined
  Evaluating Individual 12/20 ---- Generation: 2/5
Eval Fail: name 'hashlib' is not defined
  Evaluating Individual 13/20 ---- Generation: 2/5
Eval Fail: name 'hashlib' is not defined
  Evaluating Individual 14/20 ---- Generation: 2/5
Eval Fail: name 'hashlib' is not defined
  Evaluating Individual 15/20 ---- Generation: 2/5
Eval Fail: name 'hashlib' is not defined
  Evaluating Individual 16/20 ---- Generation: 2/5
Eval Fail: name 'hashlib' is not defined
  Evaluating Individual 17/20 ---- Generation: 2/5
Eval Fail: name 'hashlib' is not defined
  Evaluating Individual 18/20 ---- Generation: 2/5
Eval Fail: name 'hashlib' is not defined
  Evaluating Individual 19/20 ---- Generation: 2/5
Eval Fail: name 'hashlib' is not defined
  Evaluating Individual 20/20 ---- Generation: 2/5
Eval Fail: name 'hashlib' is not defined


 >>> GENERATION 3 <<<

  Evaluating Individual 6/20 ---- Generation: 3/5
Eval Fail: name 'hashlib' is not defined
  Evaluating Individual 7/20 ---- Generation: 3/5
Eval Fail: name 'hashlib' is not defined
  Evaluating Individual 8/20 ---- Generation: 3/5
Eval Fail: name 'hashlib' is not defined
  Evaluating Individual 9/20 ---- Generation: 3/5
Eval Fail: name 'hashlib' is not defined
  Evaluating Individual 10/20 ---- Generation: 3/5
Eval Fail: name 'hashlib' is not defined
  Evaluating Individual 11/20 ---- Generation: 3/5
Eval Fail: name 'hashlib' is not defined
  Evaluating Individual 12/20 ---- Generation: 3/5
Eval Fail: name 'hashlib' is not defined
  Evaluating Individual 13/20 ---- Generation: 3/5
Eval Fail: name 'hashlib' is not defined
  Evaluating Individual 14/20 ---- Generation: 3/5
Eval Fail: name 'hashlib' is not defined
  Evaluating Individual 15/20 ---- Generation: 3/5
Eval Fail: name 'hashlib' is not defined
  Evaluating Individual 16/20 ---- Generation: 3/5
Eval Fail: name 'hashlib' is not defined
  Evaluating Individual 17/20 ---- Generation: 3/5
Eval Fail: name 'hashlib' is not defined
  Evaluating Individual 18/20 ---- Generation: 3/5
Eval Fail: name 'hashlib' is not defined
  Evaluating Individual 19/20 ---- Generation: 3/5
Eval Fail: name 'hashlib' is not defined
  Evaluating Individual 20/20 ---- Generation: 3/5
Eval Fail: name 'hashlib' is not defined


 >>> GENERATION 4 <<<

  Evaluating Individual 6/20 ---- Generation: 4/5
Eval Fail: name 'hashlib' is not defined
  Evaluating Individual 7/20 ---- Generation: 4/5
Eval Fail: name 'hashlib' is not defined
  Evaluating Individual 8/20 ---- Generation: 4/5
Eval Fail: name 'hashlib' is not defined
  Evaluating Individual 9/20 ---- Generation: 4/5
Eval Fail: name 'hashlib' is not defined
  Evaluating Individual 10/20 ---- Generation: 4/5
Eval Fail: name 'hashlib' is not defined
  Evaluating Individual 11/20 ---- Generation: 4/5
Eval Fail: name 'hashlib' is not defined
  Evaluating Individual 12/20 ---- Generation: 4/5
Eval Fail: name 'hashlib' is not defined
  Evaluating Individual 13/20 ---- Generation: 4/5
Eval Fail: name 'hashlib' is not defined
  Evaluating Individual 14/20 ---- Generation: 4/5
Eval Fail: name 'hashlib' is not defined
  Evaluating Individual 15/20 ---- Generation: 4/5
Eval Fail: name 'hashlib' is not defined
  Evaluating Individual 16/20 ---- Generation: 4/5
Eval Fail: name 'hashlib' is not defined
  Evaluating Individual 17/20 ---- Generation: 4/5
Eval Fail: name 'hashlib' is not defined
  Evaluating Individual 18/20 ---- Generation: 4/5
Eval Fail: name 'hashlib' is not defined
  Evaluating Individual 19/20 ---- Generation: 4/5
Eval Fail: name 'hashlib' is not defined
  Evaluating Individual 20/20 ---- Generation: 4/5
Eval Fail: name 'hashlib' is not defined


 >>> GENERATION 5 <<<

  Evaluating Individual 6/20 ---- Generation: 5/5
Eval Fail: name 'hashlib' is not defined
  Evaluating Individual 7/20 ---- Generation: 5/5
Eval Fail: name 'hashlib' is not defined
  Evaluating Individual 8/20 ---- Generation: 5/5
Eval Fail: name 'hashlib' is not defined
  Evaluating Individual 9/20 ---- Generation: 5/5
Eval Fail: name 'hashlib' is not defined
  Evaluating Individual 10/20 ---- Generation: 5/5
Eval Fail: name 'hashlib' is not defined
  Evaluating Individual 11/20 ---- Generation: 5/5
Eval Fail: name 'hashlib' is not defined
  Evaluating Individual 12/20 ---- Generation: 5/5
Eval Fail: name 'hashlib' is not defined
  Evaluating Individual 13/20 ---- Generation: 5/5
Eval Fail: name 'hashlib' is not defined
  Evaluating Individual 14/20 ---- Generation: 5/5
Eval Fail: name 'hashlib' is not defined
  Evaluating Individual 15/20 ---- Generation: 5/5
Eval Fail: name 'hashlib' is not defined
  Evaluating Individual 16/20 ---- Generation: 5/5
Eval Fail: name 'hashlib' is not defined
  Evaluating Individual 17/20 ---- Generation: 5/5
Eval Fail: name 'hashlib' is not defined
  Evaluating Individual 18/20 ---- Generation: 5/5
Eval Fail: name 'hashlib' is not defined
  Evaluating Individual 19/20 ---- Generation: 5/5
Eval Fail: name 'hashlib' is not defined
  Evaluating Individual 20/20 ---- Generation: 5/5
Eval Fail: name 'hashlib' is not defined
[Best] Saved best model to /a/mm/ab/gpt/brute/ga/meta_evolution/best_fractal_model_cifar100.py
CRITICAL GA FAIL: name 'hashlib' is not definedTraceback (most recent call last):
  File "/a/mm/ab/gpt/brute/ga/meta_evolution/run_fractal_evolution_cifar100.py", line 547, in <module>
    best_checksum = uuid4(best_code)
                    ^^^^^^^^^^^^^^^^
  File "/a/mm/ab/gpt/brute/ga/meta_evolution/run_fractal_evolution_cifar100.py", line 250, in uuid4
    return hashlib.md5(s.encode()).hexdigest()
           ^^^^^^^
NameError: name 'hashlib' is not defined. Did you forget to import 'hashlib'

PEAK_ACCURACY: 0.0
META_SCORE: 0.0
[Meta] Benchmark Output (Snippet):
 Evaluating Individual 17/20 ---- Generation: 5/5
Eval Fail: name 'hashlib' is not defined
  Evaluating Individual 18/20 ---- Generation: 5/5
Eval Fail: name 'hashlib' is not defined
  Evaluating Individual 19/20 ---- Generation: 5/5
Eval Fail: name 'hashlib' is not defined
  Evaluating Individual 20/20 ---- Generation: 5/5
Eval Fail: name 'hashlib' is not defined
[Best] Saved best model to /a/mm/ab/gpt/brute/ga/meta_evolution/best_fractal_model_cifar100.py
CRITICAL GA FAIL: name 'hashlib' is not definedTraceback (most recent call last):
  File "/a/mm/ab/gpt/brute/ga/meta_evolution/run_fractal_evolution_cifar100.py", line 547, in <module>
    best_checksum = uuid4(best_code)
                    ^^^^^^^^^^^^^^^^
  File "/a/mm/ab/gpt/brute/ga/meta_evolution/run_fractal_evolution_cifar100.py", line 250, in uuid4
    return hashlib.md5(s.encode()).hexdigest()
           ^^^^^^^
NameError: name 'hashlib' is not defined. Did you forget to import 'hashlib'

PEAK_ACCURACY: 0.0
META_SCORE: 0.0

[Meta] Median Top-3 Quality over 1 runs: 0.0000
[Meta] GPU cleanup attempted (gc + empty_cache)
[Meta] Calculated Baseline: 0.0000%

[Meta] Target: 5 EXACT evolutions. No retries.

=== Iteration 1/5 — Evolving: combine_genes ===

[Meta] Evolving: combine_genes
--- [DEBUG] Input Code ---
### combine_genes ###
    def combine_genes(self, gene_name, parent1_value, parent2_value, crossover_point, gene_index, total_genes):
        if gene_index < crossover_point:
            return parent1_value
        return parent2_value

-------------------------
[Meta] Generation Temperature: 0.80
--- [DEBUG] Raw Response ---
```python
def combine_genes(self, gene_name, parent1_value, parent2_value, crossover_point, gene_index, total_genes):
    if gene_index < crossover_point:
        return parent1_value
    else:
        return parent2_value

    # Introduce genetic diversity and avoid premature convergence
    if random.random() < 0.5:
        return parent1_value
    else:
        return parent2_value
```
--------------------------
[Meta] Runtime smoke test PASSED (all components validated).
[Meta] Benchmarking...

[Meta] Running Benchmark 1/1...
Skipping import of cpp extensions due to incompatible torch version 2.7.1+cu126 for torchao version 0.15.0+cu126             Please see https://github.com/pytorch/ao/issues/2919 for more info
Traceback (most recent call last):
  File "/a/mm/ab/gpt/brute/ga/meta_evolution/run_fractal_evolution_cifar100.py", line 263, in fitness_function
    model_checksum = uuid4(code_str)
                     ^^^^^^^^^^^^^^^
  File "/a/mm/ab/gpt/brute/ga/meta_evolution/run_fractal_evolution_cifar100.py", line 250, in uuid4
    return hashlib.md5(s.encode()).hexdigest()
           ^^^^^^^
NameError: name 'hashlib' is not defined. Did you forget to import 'hashlib'
Traceback (most recent call last):
  File "/a/mm/ab/gpt/brute/ga/meta_evolution/run_fractal_evolution_cifar100.py", line 263, in fitness_function
    model_checksum = uuid4(code_str)
                     ^^^^^^^^^^^^^^^
  File "/a/mm/ab/gpt/brute/ga/meta_evolution/run_fractal_evolution_cifar100.py", line 250, in uuid4
    return hashlib.md5(s.encode()).hexdigest()
           ^^^^^^^
NameError: name 'hashlib' is not defined. Did you forget to import 'hashlib'
Traceback (most recent call last):
  File "/a/mm/ab/gpt/brute/ga/meta_evolution/run_fractal_evolution_cifar100.py", line 263, in fitness_function
    model_checksum = uuid4(code_str)
                     ^^^^^^^^^^^^^^^
  File "/a/mm/ab/gpt/brute/ga/meta_evolution/run_fractal_evolution_cifar100.py", line 250, in uuid4
    return hashlib.md5(s.encode()).hexdigest()
           ^^^^^^^
NameError: name 'hashlib' is not defined. Did you forget to import 'hashlib'
Traceback (most recent call last):
  File "/a/mm/ab/gpt/brute/ga/meta_evolution/run_fractal_evolution_cifar100.py", line 263, in fitness_function
    model_checksum = uuid4(code_str)
                     ^^^^^^^^^^^^^^^
  File "/a/mm/ab/gpt/brute/ga/meta_evolution/run_fractal_evolution_cifar100.py", line 250, in uuid4
    return hashlib.md5(s.encode()).hexdigest()
           ^^^^^^^
NameError: name 'hashlib' is not defined. Did you forget to import 'hashlib'
Traceback (most recent call last):
  File "/a/mm/ab/gpt/brute/ga/meta_evolution/run_fractal_evolution_cifar100.py", line 263, in fitness_function
    model_checksum = uuid4(code_str)
                     ^^^^^^^^^^^^^^^
  File "/a/mm/ab/gpt/brute/ga/meta_evolution/run_fractal_evolution_cifar100.py", line 250, in uuid4
    return hashlib.md5(s.encode()).hexdigest()
           ^^^^^^^
NameError: name 'hashlib' is not defined. Did you forget to import 'hashlib'
Traceback (most recent call last):
  File "/a/mm/ab/gpt/brute/ga/meta_evolution/run_fractal_evolution_cifar100.py", line 263, in fitness_function
    model_checksum = uuid4(code_str)
                     ^^^^^^^^^^^^^^^
  File "/a/mm/ab/gpt/brute/ga/meta_evolution/run_fractal_evolution_cifar100.py", line 250, in uuid4
    return hashlib.md5(s.encode()).hexdigest()
           ^^^^^^^
NameError: name 'hashlib' is not defined. Did you forget to import 'hashlib'
Traceback (most recent call last):
  File "/a/mm/ab/gpt/brute/ga/meta_evolution/run_fractal_evolution_cifar100.py", line 263, in fitness_function
    model_checksum = uuid4(code_str)
                     ^^^^^^^^^^^^^^^
  File "/a/mm/ab/gpt/brute/ga/meta_evolution/run_fractal_evolution_cifar100.py", line 250, in uuid4
    return hashlib.md5(s.encode()).hexdigest()
           ^^^^^^^
NameError: name 'hashlib' is not defined. Did you forget to import 'hashlib'
Traceback (most recent call last):
  File "/a/mm/ab/gpt/brute/ga/meta_evolution/run_fractal_evolution_cifar100.py", line 263, in fitness_function
    model_checksum = uuid4(code_str)
                     ^^^^^^^^^^^^^^^
  File "/a/mm/ab/gpt/brute/ga/meta_evolution/run_fractal_evolution_cifar100.py", line 250, in uuid4
    return hashlib.md5(s.encode()).hexdigest()
           ^^^^^^^
NameError: name 'hashlib' is not defined. Did you forget to import 'hashlib'
Traceback (most recent call last):
  File "/a/mm/ab/gpt/brute/ga/meta_evolution/run_fractal_evolution_cifar100.py", line 263, in fitness_function
    model_checksum = uuid4(code_str)
                     ^^^^^^^^^^^^^^^
  File "/a/mm/ab/gpt/brute/ga/meta_evolution/run_fractal_evolution_cifar100.py", line 250, in uuid4
    return hashlib.md5(s.encode()).hexdigest()
           ^^^^^^^
NameError: name 'hashlib' is not defined. Did you forget to import 'hashlib'
Traceback (most recent call last):
  File "/a/mm/ab/gpt/brute/ga/meta_evolution/run_fractal_evolution_cifar100.py", line 263, in fitness_function
    model_checksum = uuid4(code_str)
                     ^^^^^^^^^^^^^^^
  File "/a/mm/ab/gpt/brute/ga/meta_evolution/run_fractal_evolution_cifar100.py", line 250, in uuid4
    return hashlib.md5(s.encode()).hexdigest()
           ^^^^^^^
NameError: name 'hashlib' is not defined. Did you forget to import 'hashlib'
Traceback (most recent call last):
  File "/a/mm/ab/gpt/brute/ga/meta_evolution/run_fractal_evolution_cifar100.py", line 263, in fitness_function
    model_checksum = uuid4(code_str)
                     ^^^^^^^^^^^^^^^
  File "/a/mm/ab/gpt/brute/ga/meta_evolution/run_fractal_evolution_cifar100.py", line 250, in uuid4
    return hashlib.md5(s.encode()).hexdigest()
           ^^^^^^^
NameError: name 'hashlib' is not defined. Did you forget to import 'hashlib'
Traceback (most recent call last):
  File "/a/mm/ab/gpt/brute/ga/meta_evolution/run_fractal_evolution_cifar100.py", line 263, in fitness_function
    model_checksum = uuid4(code_str)
                     ^^^^^^^^^^^^^^^
  File "/a/mm/ab/gpt/brute/ga/meta_evolution/run_fractal_evolution_cifar100.py", line 250, in uuid4
    return hashlib.md5(s.encode()).hexdigest()
           ^^^^^^^
NameError: name 'hashlib' is not defined. Did you forget to import 'hashlib'
Traceback (most recent call last):
  File "/a/mm/ab/gpt/brute/ga/meta_evolution/run_fractal_evolution_cifar100.py", line 263, in fitness_function
    model_checksum = uuid4(code_str)
                     ^^^^^^^^^^^^^^^
  File "/a/mm/ab/gpt/brute/ga/meta_evolution/run_fractal_evolution_cifar100.py", line 250, in uuid4
    return hashlib.md5(s.encode()).hexdigest()
           ^^^^^^^
NameError: name 'hashlib' is not defined. Did you forget to import 'hashlib'
Traceback (most recent call last):
  File "/a/mm/ab/gpt/brute/ga/meta_evolution/run_fractal_evolution_cifar100.py", line 263, in fitness_function
    model_checksum = uuid4(code_str)
                     ^^^^^^^^^^^^^^^
  File "/a/mm/ab/gpt/brute/ga/meta_evolution/run_fractal_evolution_cifar100.py", line 250, in uuid4
    return hashlib.md5(s.encode()).hexdigest()
           ^^^^^^^
NameError: name 'hashlib' is not defined. Did you forget to import 'hashlib'
Traceback (most recent call last):
  File "/a/mm/ab/gpt/brute/ga/meta_evolution/run_fractal_evolution_cifar100.py", line 263, in fitness_function
    model_checksum = uuid4(code_str)
                     ^^^^^^^^^^^^^^^
  File "/a/mm/ab/gpt/brute/ga/meta_evolution/run_fractal_evolution_cifar100.py", line 250, in uuid4
    return hashlib.md5(s.encode()).hexdigest()
           ^^^^^^^
NameError: name 'hashlib' is not defined. Did you forget to import 'hashlib'
Traceback (most recent call last):
  File "/a/mm/ab/gpt/brute/ga/meta_evolution/run_fractal_evolution_cifar100.py", line 263, in fitness_function
    model_checksum = uuid4(code_str)
                     ^^^^^^^^^^^^^^^
  File "/a/mm/ab/gpt/brute/ga/meta_evolution/run_fractal_evolution_cifar100.py", line 250, in uuid4
    return hashlib.md5(s.encode()).hexdigest()
           ^^^^^^^
NameError: name 'hashlib' is not defined. Did you forget to import 'hashlib'
Traceback (most recent call last):
  File "/a/mm/ab/gpt/brute/ga/meta_evolution/run_fractal_evolution_cifar100.py", line 263, in fitness_function
    model_checksum = uuid4(code_str)
                     ^^^^^^^^^^^^^^^
  File "/a/mm/ab/gpt/brute/ga/meta_evolution/run_fractal_evolution_cifar100.py", line 250, in uuid4
    return hashlib.md5(s.encode()).hexdigest()
           ^^^^^^^
NameError: name 'hashlib' is not defined. Did you forget to import 'hashlib'
Traceback (most recent call last):
  File "/a/mm/ab/gpt/brute/ga/meta_evolution/run_fractal_evolution_cifar100.py", line 263, in fitness_function
    model_checksum = uuid4(code_str)
                     ^^^^^^^^^^^^^^^
  File "/a/mm/ab/gpt/brute/ga/meta_evolution/run_fractal_evolution_cifar100.py", line 250, in uuid4
    return hashlib.md5(s.encode()).hexdigest()
           ^^^^^^^
NameError: name 'hashlib' is not defined. Did you forget to import 'hashlib'
Traceback (most recent call last):
  File "/a/mm/ab/gpt/brute/ga/meta_evolution/run_fractal_evolution_cifar100.py", line 263, in fitness_function
    model_checksum = uuid4(code_str)
                     ^^^^^^^^^^^^^^^
  File "/a/mm/ab/gpt/brute/ga/meta_evolution/run_fractal_evolution_cifar100.py", line 250, in uuid4
    return hashlib.md5(s.encode()).hexdigest()
           ^^^^^^^
NameError: name 'hashlib' is not defined. Did you forget to import 'hashlib'
Traceback (most recent call last):
  File "/a/mm/ab/gpt/brute/ga/meta_evolution/run_fractal_evolution_cifar100.py", line 263, in fitness_function
    model_checksum = uuid4(code_str)
                     ^^^^^^^^^^^^^^^
  File "/a/mm/ab/gpt/brute/ga/meta_evolution/run_fractal_evolution_cifar100.py", line 250, in uuid4
    return hashlib.md5(s.encode()).hexdigest()
           ^^^^^^^
NameError: name 'hashlib' is not defined. Did you forget to import 'hashlib'
Traceback (most recent call last):
  File "/a/mm/ab/gpt/brute/ga/meta_evolution/run_fractal_evolution_cifar100.py", line 263, in fitness_function
    model_checksum = uuid4(code_str)
                     ^^^^^^^^^^^^^^^
  File "/a/mm/ab/gpt/brute/ga/meta_evolution/run_fractal_evolution_cifar100.py", line 250, in uuid4
    return hashlib.md5(s.encode()).hexdigest()
           ^^^^^^^
NameError: name 'hashlib' is not defined. Did you forget to import 'hashlib'
Traceback (most recent call last):
  File "/a/mm/ab/gpt/brute/ga/meta_evolution/run_fractal_evolution_cifar100.py", line 263, in fitness_function
    model_checksum = uuid4(code_str)
                     ^^^^^^^^^^^^^^^
  File "/a/mm/ab/gpt/brute/ga/meta_evolution/run_fractal_evolution_cifar100.py", line 250, in uuid4
    return hashlib.md5(s.encode()).hexdigest()
           ^^^^^^^
NameError: name 'hashlib' is not defined. Did you forget to import 'hashlib'
Traceback (most recent call last):
  File "/a/mm/ab/gpt/brute/ga/meta_evolution/run_fractal_evolution_cifar100.py", line 263, in fitness_function
    model_checksum = uuid4(code_str)
                     ^^^^^^^^^^^^^^^
  File "/a/mm/ab/gpt/brute/ga/meta_evolution/run_fractal_evolution_cifar100.py", line 250, in uuid4
    return hashlib.md5(s.encode()).hexdigest()
           ^^^^^^^
NameError: name 'hashlib' is not defined. Did you forget to import 'hashlib'
Traceback (most recent call last):
  File "/a/mm/ab/gpt/brute/ga/meta_evolution/run_fractal_evolution_cifar100.py", line 263, in fitness_function
    model_checksum = uuid4(code_str)
                     ^^^^^^^^^^^^^^^
  File "/a/mm/ab/gpt/brute/ga/meta_evolution/run_fractal_evolution_cifar100.py", line 250, in uuid4
    return hashlib.md5(s.encode()).hexdigest()
           ^^^^^^^
NameError: name 'hashlib' is not defined. Did you forget to import 'hashlib'
Traceback (most recent call last):
  File "/a/mm/ab/gpt/brute/ga/meta_evolution/run_fractal_evolution_cifar100.py", line 263, in fitness_function
    model_checksum = uuid4(code_str)
                     ^^^^^^^^^^^^^^^
  File "/a/mm/ab/gpt/brute/ga/meta_evolution/run_fractal_evolution_cifar100.py", line 250, in uuid4
    return hashlib.md5(s.encode()).hexdigest()
           ^^^^^^^
NameError: name 'hashlib' is not defined. Did you forget to import 'hashlib'
Traceback (most recent call last):
  File "/a/mm/ab/gpt/brute/ga/meta_evolution/run_fractal_evolution_cifar100.py", line 263, in fitness_function
    model_checksum = uuid4(code_str)
                     ^^^^^^^^^^^^^^^
  File "/a/mm/ab/gpt/brute/ga/meta_evolution/run_fractal_evolution_cifar100.py", line 250, in uuid4
    return hashlib.md5(s.encode()).hexdigest()
           ^^^^^^^
NameError: name 'hashlib' is not defined. Did you forget to import 'hashlib'
Traceback (most recent call last):
  File "/a/mm/ab/gpt/brute/ga/meta_evolution/run_fractal_evolution_cifar100.py", line 263, in fitness_function
    model_checksum = uuid4(code_str)
                     ^^^^^^^^^^^^^^^
  File "/a/mm/ab/gpt/brute/ga/meta_evolution/run_fractal_evolution_cifar100.py", line 250, in uuid4
    return hashlib.md5(s.encode()).hexdigest()
           ^^^^^^^
NameError: name 'hashlib' is not defined. Did you forget to import 'hashlib'
Traceback (most recent call last):
  File "/a/mm/ab/gpt/brute/ga/meta_evolution/run_fractal_evolution_cifar100.py", line 263, in fitness_function
    model_checksum = uuid4(code_str)
                     ^^^^^^^^^^^^^^^
  File "/a/mm/ab/gpt/brute/ga/meta_evolution/run_fractal_evolution_cifar100.py", line 250, in uuid4
    return hashlib.md5(s.encode()).hexdigest()
           ^^^^^^^
NameError: name 'hashlib' is not defined. Did you forget to import 'hashlib'
Traceback (most recent call last):
  File "/a/mm/ab/gpt/brute/ga/meta_evolution/run_fractal_evolution_cifar100.py", line 263, in fitness_function
    model_checksum = uuid4(code_str)
                     ^^^^^^^^^^^^^^^
  File "/a/mm/ab/gpt/brute/ga/meta_evolution/run_fractal_evolution_cifar100.py", line 250, in uuid4
    return hashlib.md5(s.encode()).hexdigest()
           ^^^^^^^
NameError: name 'hashlib' is not defined. Did you forget to import 'hashlib'
Traceback (most recent call last):
  File "/a/mm/ab/gpt/brute/ga/meta_evolution/run_fractal_evolution_cifar100.py", line 263, in fitness_function
    model_checksum = uuid4(code_str)
                     ^^^^^^^^^^^^^^^
  File "/a/mm/ab/gpt/brute/ga/meta_evolution/run_fractal_evolution_cifar100.py", line 250, in uuid4
    return hashlib.md5(s.encode()).hexdigest()
           ^^^^^^^
NameError: name 'hashlib' is not defined. Did you forget to import 'hashlib'
Traceback (most recent call last):
  File "/a/mm/ab/gpt/brute/ga/meta_evolution/run_fractal_evolution_cifar100.py", line 263, in fitness_function
    model_checksum = uuid4(code_str)
                     ^^^^^^^^^^^^^^^
  File "/a/mm/ab/gpt/brute/ga/meta_evolution/run_fractal_evolution_cifar100.py", line 250, in uuid4
    return hashlib.md5(s.encode()).hexdigest()
           ^^^^^^^
NameError: name 'hashlib' is not defined. Did you forget to import 'hashlib'
Traceback (most recent call last):
  File "/a/mm/ab/gpt/brute/ga/meta_evolution/run_fractal_evolution_cifar100.py", line 263, in fitness_function
    model_checksum = uuid4(code_str)
                     ^^^^^^^^^^^^^^^
  File "/a/mm/ab/gpt/brute/ga/meta_evolution/run_fractal_evolution_cifar100.py", line 250, in uuid4
    return hashlib.md5(s.encode()).hexdigest()
           ^^^^^^^
NameError: name 'hashlib' is not defined. Did you forget to import 'hashlib'
Traceback (most recent call last):
  File "/a/mm/ab/gpt/brute/ga/meta_evolution/run_fractal_evolution_cifar100.py", line 263, in fitness_function
    model_checksum = uuid4(code_str)
                     ^^^^^^^^^^^^^^^
  File "/a/mm/ab/gpt/brute/ga/meta_evolution/run_fractal_evolution_cifar100.py", line 250, in uuid4
    return hashlib.md5(s.encode()).hexdigest()
           ^^^^^^^
NameError: name 'hashlib' is not defined. Did you forget to import 'hashlib'
Traceback (most recent call last):
  File "/a/mm/ab/gpt/brute/ga/meta_evolution/run_fractal_evolution_cifar100.py", line 263, in fitness_function
    model_checksum = uuid4(code_str)
                     ^^^^^^^^^^^^^^^
  File "/a/mm/ab/gpt/brute/ga/meta_evolution/run_fractal_evolution_cifar100.py", line 250, in uuid4
    return hashlib.md5(s.encode()).hexdigest()
           ^^^^^^^
NameError: name 'hashlib' is not defined. Did you forget to import 'hashlib'
Traceback (most recent call last):
  File "/a/mm/ab/gpt/brute/ga/meta_evolution/run_fractal_evolution_cifar100.py", line 263, in fitness_function
    model_checksum = uuid4(code_str)
                     ^^^^^^^^^^^^^^^
  File "/a/mm/ab/gpt/brute/ga/meta_evolution/run_fractal_evolution_cifar100.py", line 250, in uuid4
    return hashlib.md5(s.encode()).hexdigest()
           ^^^^^^^
NameError: name 'hashlib' is not defined. Did you forget to import 'hashlib'
Traceback (most recent call last):
  File "/a/mm/ab/gpt/brute/ga/meta_evolution/run_fractal_evolution_cifar100.py", line 263, in fitness_function
    model_checksum = uuid4(code_str)
                     ^^^^^^^^^^^^^^^
  File "/a/mm/ab/gpt/brute/ga/meta_evolution/run_fractal_evolution_cifar100.py", line 250, in uuid4
    return hashlib.md5(s.encode()).hexdigest()
           ^^^^^^^
NameError: name 'hashlib' is not defined. Did you forget to import 'hashlib'
Traceback (most recent call last):
  File "/a/mm/ab/gpt/brute/ga/meta_evolution/run_fractal_evolution_cifar100.py", line 263, in fitness_function
    model_checksum = uuid4(code_str)
                     ^^^^^^^^^^^^^^^
  File "/a/mm/ab/gpt/brute/ga/meta_evolution/run_fractal_evolution_cifar100.py", line 250, in uuid4
    return hashlib.md5(s.encode()).hexdigest()
           ^^^^^^^
NameError: name 'hashlib' is not defined. Did you forget to import 'hashlib'
Traceback (most recent call last):
  File "/a/mm/ab/gpt/brute/ga/meta_evolution/run_fractal_evolution_cifar100.py", line 263, in fitness_function
    model_checksum = uuid4(code_str)
                     ^^^^^^^^^^^^^^^
  File "/a/mm/ab/gpt/brute/ga/meta_evolution/run_fractal_evolution_cifar100.py", line 250, in uuid4
    return hashlib.md5(s.encode()).hexdigest()
           ^^^^^^^
NameError: name 'hashlib' is not defined. Did you forget to import 'hashlib'
Traceback (most recent call last):
  File "/a/mm/ab/gpt/brute/ga/meta_evolution/run_fractal_evolution_cifar100.py", line 263, in fitness_function
    model_checksum = uuid4(code_str)
                     ^^^^^^^^^^^^^^^
  File "/a/mm/ab/gpt/brute/ga/meta_evolution/run_fractal_evolution_cifar100.py", line 250, in uuid4
    return hashlib.md5(s.encode()).hexdigest()
           ^^^^^^^
NameError: name 'hashlib' is not defined. Did you forget to import 'hashlib'
Traceback (most recent call last):
  File "/a/mm/ab/gpt/brute/ga/meta_evolution/run_fractal_evolution_cifar100.py", line 263, in fitness_function
    model_checksum = uuid4(code_str)
                     ^^^^^^^^^^^^^^^
  File "/a/mm/ab/gpt/brute/ga/meta_evolution/run_fractal_evolution_cifar100.py", line 250, in uuid4
    return hashlib.md5(s.encode()).hexdigest()
           ^^^^^^^
NameError: name 'hashlib' is not defined. Did you forget to import 'hashlib'
Traceback (most recent call last):
  File "/a/mm/ab/gpt/brute/ga/meta_evolution/run_fractal_evolution_cifar100.py", line 263, in fitness_function
    model_checksum = uuid4(code_str)
                     ^^^^^^^^^^^^^^^
  File "/a/mm/ab/gpt/brute/ga/meta_evolution/run_fractal_evolution_cifar100.py", line 250, in uuid4
    return hashlib.md5(s.encode()).hexdigest()
           ^^^^^^^
NameError: name 'hashlib' is not defined. Did you forget to import 'hashlib'
Traceback (most recent call last):
  File "/a/mm/ab/gpt/brute/ga/meta_evolution/run_fractal_evolution_cifar100.py", line 263, in fitness_function
    model_checksum = uuid4(code_str)
                     ^^^^^^^^^^^^^^^
  File "/a/mm/ab/gpt/brute/ga/meta_evolution/run_fractal_evolution_cifar100.py", line 250, in uuid4
    return hashlib.md5(s.encode()).hexdigest()
           ^^^^^^^
NameError: name 'hashlib' is not defined. Did you forget to import 'hashlib'
Traceback (most recent call last):
  File "/a/mm/ab/gpt/brute/ga/meta_evolution/run_fractal_evolution_cifar100.py", line 263, in fitness_function
    model_checksum = uuid4(code_str)
                     ^^^^^^^^^^^^^^^
  File "/a/mm/ab/gpt/brute/ga/meta_evolution/run_fractal_evolution_cifar100.py", line 250, in uuid4
    return hashlib.md5(s.encode()).hexdigest()
           ^^^^^^^
NameError: name 'hashlib' is not defined. Did you forget to import 'hashlib'
Traceback (most recent call last):
  File "/a/mm/ab/gpt/brute/ga/meta_evolution/run_fractal_evolution_cifar100.py", line 263, in fitness_function
    model_checksum = uuid4(code_str)
                     ^^^^^^^^^^^^^^^
  File "/a/mm/ab/gpt/brute/ga/meta_evolution/run_fractal_evolution_cifar100.py", line 250, in uuid4
    return hashlib.md5(s.encode()).hexdigest()
           ^^^^^^^
NameError: name 'hashlib' is not defined. Did you forget to import 'hashlib'
Traceback (most recent call last):
  File "/a/mm/ab/gpt/brute/ga/meta_evolution/run_fractal_evolution_cifar100.py", line 263, in fitness_function
    model_checksum = uuid4(code_str)
                     ^^^^^^^^^^^^^^^
  File "/a/mm/ab/gpt/brute/ga/meta_evolution/run_fractal_evolution_cifar100.py", line 250, in uuid4
    return hashlib.md5(s.encode()).hexdigest()
           ^^^^^^^
NameError: name 'hashlib' is not defined. Did you forget to import 'hashlib'
Traceback (most recent call last):
  File "/a/mm/ab/gpt/brute/ga/meta_evolution/run_fractal_evolution_cifar100.py", line 263, in fitness_function
    model_checksum = uuid4(code_str)
                     ^^^^^^^^^^^^^^^
  File "/a/mm/ab/gpt/brute/ga/meta_evolution/run_fractal_evolution_cifar100.py", line 250, in uuid4
    return hashlib.md5(s.encode()).hexdigest()
           ^^^^^^^
NameError: name 'hashlib' is not defined. Did you forget to import 'hashlib'
Traceback (most recent call last):
  File "/a/mm/ab/gpt/brute/ga/meta_evolution/run_fractal_evolution_cifar100.py", line 263, in fitness_function
    model_checksum = uuid4(code_str)
                     ^^^^^^^^^^^^^^^
  File "/a/mm/ab/gpt/brute/ga/meta_evolution/run_fractal_evolution_cifar100.py", line 250, in uuid4
    return hashlib.md5(s.encode()).hexdigest()
           ^^^^^^^
NameError: name 'hashlib' is not defined. Did you forget to import 'hashlib'
Traceback (most recent call last):
  File "/a/mm/ab/gpt/brute/ga/meta_evolution/run_fractal_evolution_cifar100.py", line 263, in fitness_function
    model_checksum = uuid4(code_str)
                     ^^^^^^^^^^^^^^^
  File "/a/mm/ab/gpt/brute/ga/meta_evolution/run_fractal_evolution_cifar100.py", line 250, in uuid4
    return hashlib.md5(s.encode()).hexdigest()
           ^^^^^^^
NameError: name 'hashlib' is not defined. Did you forget to import 'hashlib'
Traceback (most recent call last):
  File "/a/mm/ab/gpt/brute/ga/meta_evolution/run_fractal_evolution_cifar100.py", line 263, in fitness_function
    model_checksum = uuid4(code_str)
                     ^^^^^^^^^^^^^^^
  File "/a/mm/ab/gpt/brute/ga/meta_evolution/run_fractal_evolution_cifar100.py", line 250, in uuid4
    return hashlib.md5(s.encode()).hexdigest()
           ^^^^^^^
NameError: name 'hashlib' is not defined. Did you forget to import 'hashlib'
Traceback (most recent call last):
  File "/a/mm/ab/gpt/brute/ga/meta_evolution/run_fractal_evolution_cifar100.py", line 263, in fitness_function
    model_checksum = uuid4(code_str)
                     ^^^^^^^^^^^^^^^
  File "/a/mm/ab/gpt/brute/ga/meta_evolution/run_fractal_evolution_cifar100.py", line 250, in uuid4
    return hashlib.md5(s.encode()).hexdigest()
           ^^^^^^^
NameError: name 'hashlib' is not defined. Did you forget to import 'hashlib'
Traceback (most recent call last):
  File "/a/mm/ab/gpt/brute/ga/meta_evolution/run_fractal_evolution_cifar100.py", line 263, in fitness_function
    model_checksum = uuid4(code_str)
                     ^^^^^^^^^^^^^^^
  File "/a/mm/ab/gpt/brute/ga/meta_evolution/run_fractal_evolution_cifar100.py", line 250, in uuid4
    return hashlib.md5(s.encode()).hexdigest()
           ^^^^^^^
NameError: name 'hashlib' is not defined. Did you forget to import 'hashlib'
Traceback (most recent call last):
  File "/a/mm/ab/gpt/brute/ga/meta_evolution/run_fractal_evolution_cifar100.py", line 263, in fitness_function
    model_checksum = uuid4(code_str)
                     ^^^^^^^^^^^^^^^
  File "/a/mm/ab/gpt/brute/ga/meta_evolution/run_fractal_evolution_cifar100.py", line 250, in uuid4
    return hashlib.md5(s.encode()).hexdigest()
           ^^^^^^^
NameError: name 'hashlib' is not defined. Did you forget to import 'hashlib'
Traceback (most recent call last):
  File "/a/mm/ab/gpt/brute/ga/meta_evolution/run_fractal_evolution_cifar100.py", line 263, in fitness_function
    model_checksum = uuid4(code_str)
                     ^^^^^^^^^^^^^^^
  File "/a/mm/ab/gpt/brute/ga/meta_evolution/run_fractal_evolution_cifar100.py", line 250, in uuid4
    return hashlib.md5(s.encode()).hexdigest()
           ^^^^^^^
NameError: name 'hashlib' is not defined. Did you forget to import 'hashlib'
Traceback (most recent call last):
  File "/a/mm/ab/gpt/brute/ga/meta_evolution/run_fractal_evolution_cifar100.py", line 263, in fitness_function
    model_checksum = uuid4(code_str)
                     ^^^^^^^^^^^^^^^
  File "/a/mm/ab/gpt/brute/ga/meta_evolution/run_fractal_evolution_cifar100.py", line 250, in uuid4
    return hashlib.md5(s.encode()).hexdigest()
           ^^^^^^^
NameError: name 'hashlib' is not defined. Did you forget to import 'hashlib'
Traceback (most recent call last):
  File "/a/mm/ab/gpt/brute/ga/meta_evolution/run_fractal_evolution_cifar100.py", line 263, in fitness_function
    model_checksum = uuid4(code_str)
                     ^^^^^^^^^^^^^^^
  File "/a/mm/ab/gpt/brute/ga/meta_evolution/run_fractal_evolution_cifar100.py", line 250, in uuid4
    return hashlib.md5(s.encode()).hexdigest()
           ^^^^^^^
NameError: name 'hashlib' is not defined. Did you forget to import 'hashlib'
Traceback (most recent call last):
  File "/a/mm/ab/gpt/brute/ga/meta_evolution/run_fractal_evolution_cifar100.py", line 263, in fitness_function
    model_checksum = uuid4(code_str)
                     ^^^^^^^^^^^^^^^
  File "/a/mm/ab/gpt/brute/ga/meta_evolution/run_fractal_evolution_cifar100.py", line 250, in uuid4
    return hashlib.md5(s.encode()).hexdigest()
           ^^^^^^^
NameError: name 'hashlib' is not defined. Did you forget to import 'hashlib'
Traceback (most recent call last):
  File "/a/mm/ab/gpt/brute/ga/meta_evolution/run_fractal_evolution_cifar100.py", line 263, in fitness_function
    model_checksum = uuid4(code_str)
                     ^^^^^^^^^^^^^^^
  File "/a/mm/ab/gpt/brute/ga/meta_evolution/run_fractal_evolution_cifar100.py", line 250, in uuid4
    return hashlib.md5(s.encode()).hexdigest()
           ^^^^^^^
NameError: name 'hashlib' is not defined. Did you forget to import 'hashlib'
Traceback (most recent call last):
  File "/a/mm/ab/gpt/brute/ga/meta_evolution/run_fractal_evolution_cifar100.py", line 263, in fitness_function
    model_checksum = uuid4(code_str)
                     ^^^^^^^^^^^^^^^
  File "/a/mm/ab/gpt/brute/ga/meta_evolution/run_fractal_evolution_cifar100.py", line 250, in uuid4
    return hashlib.md5(s.encode()).hexdigest()
           ^^^^^^^
NameError: name 'hashlib' is not defined. Did you forget to import 'hashlib'
Traceback (most recent call last):
  File "/a/mm/ab/gpt/brute/ga/meta_evolution/run_fractal_evolution_cifar100.py", line 263, in fitness_function
    model_checksum = uuid4(code_str)
                     ^^^^^^^^^^^^^^^
  File "/a/mm/ab/gpt/brute/ga/meta_evolution/run_fractal_evolution_cifar100.py", line 250, in uuid4
    return hashlib.md5(s.encode()).hexdigest()
           ^^^^^^^
NameError: name 'hashlib' is not defined. Did you forget to import 'hashlib'
Traceback (most recent call last):
  File "/a/mm/ab/gpt/brute/ga/meta_evolution/run_fractal_evolution_cifar100.py", line 263, in fitness_function
    model_checksum = uuid4(code_str)
                     ^^^^^^^^^^^^^^^
  File "/a/mm/ab/gpt/brute/ga/meta_evolution/run_fractal_evolution_cifar100.py", line 250, in uuid4
    return hashlib.md5(s.encode()).hexdigest()
           ^^^^^^^
NameError: name 'hashlib' is not defined. Did you forget to import 'hashlib'
Traceback (most recent call last):
  File "/a/mm/ab/gpt/brute/ga/meta_evolution/run_fractal_evolution_cifar100.py", line 263, in fitness_function
    model_checksum = uuid4(code_str)
                     ^^^^^^^^^^^^^^^
  File "/a/mm/ab/gpt/brute/ga/meta_evolution/run_fractal_evolution_cifar100.py", line 250, in uuid4
    return hashlib.md5(s.encode()).hexdigest()
           ^^^^^^^
NameError: name 'hashlib' is not defined. Did you forget to import 'hashlib'
Traceback (most recent call last):
  File "/a/mm/ab/gpt/brute/ga/meta_evolution/run_fractal_evolution_cifar100.py", line 263, in fitness_function
    model_checksum = uuid4(code_str)
                     ^^^^^^^^^^^^^^^
  File "/a/mm/ab/gpt/brute/ga/meta_evolution/run_fractal_evolution_cifar100.py", line 250, in uuid4
    return hashlib.md5(s.encode()).hexdigest()
           ^^^^^^^
NameError: name 'hashlib' is not defined. Did you forget to import 'hashlib'
Traceback (most recent call last):
  File "/a/mm/ab/gpt/brute/ga/meta_evolution/run_fractal_evolution_cifar100.py", line 263, in fitness_function
    model_checksum = uuid4(code_str)
                     ^^^^^^^^^^^^^^^
  File "/a/mm/ab/gpt/brute/ga/meta_evolution/run_fractal_evolution_cifar100.py", line 250, in uuid4
    return hashlib.md5(s.encode()).hexdigest()
           ^^^^^^^
NameError: name 'hashlib' is not defined. Did you forget to import 'hashlib'
Traceback (most recent call last):
  File "/a/mm/ab/gpt/brute/ga/meta_evolution/run_fractal_evolution_cifar100.py", line 263, in fitness_function
    model_checksum = uuid4(code_str)
                     ^^^^^^^^^^^^^^^
  File "/a/mm/ab/gpt/brute/ga/meta_evolution/run_fractal_evolution_cifar100.py", line 250, in uuid4
    return hashlib.md5(s.encode()).hexdigest()
           ^^^^^^^
NameError: name 'hashlib' is not defined. Did you forget to import 'hashlib'
Traceback (most recent call last):
  File "/a/mm/ab/gpt/brute/ga/meta_evolution/run_fractal_evolution_cifar100.py", line 263, in fitness_function
    model_checksum = uuid4(code_str)
                     ^^^^^^^^^^^^^^^
  File "/a/mm/ab/gpt/brute/ga/meta_evolution/run_fractal_evolution_cifar100.py", line 250, in uuid4
    return hashlib.md5(s.encode()).hexdigest()
           ^^^^^^^
NameError: name 'hashlib' is not defined. Did you forget to import 'hashlib'
Traceback (most recent call last):
  File "/a/mm/ab/gpt/brute/ga/meta_evolution/run_fractal_evolution_cifar100.py", line 263, in fitness_function
    model_checksum = uuid4(code_str)
                     ^^^^^^^^^^^^^^^
  File "/a/mm/ab/gpt/brute/ga/meta_evolution/run_fractal_evolution_cifar100.py", line 250, in uuid4
    return hashlib.md5(s.encode()).hexdigest()
           ^^^^^^^
NameError: name 'hashlib' is not defined. Did you forget to import 'hashlib'
Traceback (most recent call last):
  File "/a/mm/ab/gpt/brute/ga/meta_evolution/run_fractal_evolution_cifar100.py", line 263, in fitness_function
    model_checksum = uuid4(code_str)
                     ^^^^^^^^^^^^^^^
  File "/a/mm/ab/gpt/brute/ga/meta_evolution/run_fractal_evolution_cifar100.py", line 250, in uuid4
    return hashlib.md5(s.encode()).hexdigest()
           ^^^^^^^
NameError: name 'hashlib' is not defined. Did you forget to import 'hashlib'
Traceback (most recent call last):
  File "/a/mm/ab/gpt/brute/ga/meta_evolution/run_fractal_evolution_cifar100.py", line 263, in fitness_function
    model_checksum = uuid4(code_str)
                     ^^^^^^^^^^^^^^^
  File "/a/mm/ab/gpt/brute/ga/meta_evolution/run_fractal_evolution_cifar100.py", line 250, in uuid4
    return hashlib.md5(s.encode()).hexdigest()
           ^^^^^^^
NameError: name 'hashlib' is not defined. Did you forget to import 'hashlib'
Traceback (most recent call last):
  File "/a/mm/ab/gpt/brute/ga/meta_evolution/run_fractal_evolution_cifar100.py", line 263, in fitness_function
    model_checksum = uuid4(code_str)
                     ^^^^^^^^^^^^^^^
  File "/a/mm/ab/gpt/brute/ga/meta_evolution/run_fractal_evolution_cifar100.py", line 250, in uuid4
    return hashlib.md5(s.encode()).hexdigest()
           ^^^^^^^
NameError: name 'hashlib' is not defined. Did you forget to import 'hashlib'
Traceback (most recent call last):
  File "/a/mm/ab/gpt/brute/ga/meta_evolution/run_fractal_evolution_cifar100.py", line 263, in fitness_function
    model_checksum = uuid4(code_str)
                     ^^^^^^^^^^^^^^^
  File "/a/mm/ab/gpt/brute/ga/meta_evolution/run_fractal_evolution_cifar100.py", line 250, in uuid4
    return hashlib.md5(s.encode()).hexdigest()
           ^^^^^^^
NameError: name 'hashlib' is not defined. Did you forget to import 'hashlib'
Traceback (most recent call last):
  File "/a/mm/ab/gpt/brute/ga/meta_evolution/run_fractal_evolution_cifar100.py", line 263, in fitness_function
    model_checksum = uuid4(code_str)
                     ^^^^^^^^^^^^^^^
  File "/a/mm/ab/gpt/brute/ga/meta_evolution/run_fractal_evolution_cifar100.py", line 250, in uuid4
    return hashlib.md5(s.encode()).hexdigest()
           ^^^^^^^
NameError: name 'hashlib' is not defined. Did you forget to import 'hashlib'
Traceback (most recent call last):
  File "/a/mm/ab/gpt/brute/ga/meta_evolution/run_fractal_evolution_cifar100.py", line 263, in fitness_function
    model_checksum = uuid4(code_str)
                     ^^^^^^^^^^^^^^^
  File "/a/mm/ab/gpt/brute/ga/meta_evolution/run_fractal_evolution_cifar100.py", line 250, in uuid4
    return hashlib.md5(s.encode()).hexdigest()
           ^^^^^^^
NameError: name 'hashlib' is not defined. Did you forget to import 'hashlib'
Traceback (most recent call last):
  File "/a/mm/ab/gpt/brute/ga/meta_evolution/run_fractal_evolution_cifar100.py", line 263, in fitness_function
    model_checksum = uuid4(code_str)
                     ^^^^^^^^^^^^^^^
  File "/a/mm/ab/gpt/brute/ga/meta_evolution/run_fractal_evolution_cifar100.py", line 250, in uuid4
    return hashlib.md5(s.encode()).hexdigest()
           ^^^^^^^
NameError: name 'hashlib' is not defined. Did you forget to import 'hashlib'
Traceback (most recent call last):
  File "/a/mm/ab/gpt/brute/ga/meta_evolution/run_fractal_evolution_cifar100.py", line 263, in fitness_function
    model_checksum = uuid4(code_str)
                     ^^^^^^^^^^^^^^^
  File "/a/mm/ab/gpt/brute/ga/meta_evolution/run_fractal_evolution_cifar100.py", line 250, in uuid4
    return hashlib.md5(s.encode()).hexdigest()
           ^^^^^^^
NameError: name 'hashlib' is not defined. Did you forget to import 'hashlib'
Traceback (most recent call last):
  File "/a/mm/ab/gpt/brute/ga/meta_evolution/run_fractal_evolution_cifar100.py", line 263, in fitness_function
    model_checksum = uuid4(code_str)
                     ^^^^^^^^^^^^^^^
  File "/a/mm/ab/gpt/brute/ga/meta_evolution/run_fractal_evolution_cifar100.py", line 250, in uuid4
    return hashlib.md5(s.encode()).hexdigest()
           ^^^^^^^
NameError: name 'hashlib' is not defined. Did you forget to import 'hashlib'
Traceback (most recent call last):
  File "/a/mm/ab/gpt/brute/ga/meta_evolution/run_fractal_evolution_cifar100.py", line 547, in <module>
    best_checksum = uuid4(best_code)
                    ^^^^^^^^^^^^^^^^
  File "/a/mm/ab/gpt/brute/ga/meta_evolution/run_fractal_evolution_cifar100.py", line 250, in uuid4
    return hashlib.md5(s.encode()).hexdigest()
           ^^^^^^^
NameError: name 'hashlib' is not defined. Did you forget to import 'hashlib'
LEMUR root /a/mm
[Init] Loaded 2889 existing checksums from stats/ (skipping duplicates)
[Run] Continuing evolution from gen 5 to 10


 >>> GENERATION 6 <<<

  Evaluating Individual 6/20 ---- Generation: 6/10
Eval Fail: name 'hashlib' is not defined
  [Archive] Cell (3, 64) updated with fitness: 0.0000
  Evaluating Individual 7/20 ---- Generation: 6/10
Eval Fail: name 'hashlib' is not defined
  [Archive] Cell (4, 64) updated with fitness: 0.0000
  Evaluating Individual 8/20 ---- Generation: 6/10
Eval Fail: name 'hashlib' is not defined
  [Archive] Cell (2, 16) updated with fitness: 0.0000
  Evaluating Individual 9/20 ---- Generation: 6/10
Eval Fail: name 'hashlib' is not defined
  Evaluating Individual 10/20 ---- Generation: 6/10
Eval Fail: name 'hashlib' is not defined
  [Archive] Cell (4, 16) updated with fitness: 0.0000
  Evaluating Individual 11/20 ---- Generation: 6/10
Eval Fail: name 'hashlib' is not defined
  [Archive] Cell (3, 32) updated with fitness: 0.0000
  Evaluating Individual 12/20 ---- Generation: 6/10
Eval Fail: name 'hashlib' is not defined
  [Archive] Cell (2, 32) updated with fitness: 0.0000
  Evaluating Individual 13/20 ---- Generation: 6/10
Eval Fail: name 'hashlib' is not defined
  Evaluating Individual 14/20 ---- Generation: 6/10
Eval Fail: name 'hashlib' is not defined
  Evaluating Individual 15/20 ---- Generation: 6/10
Eval Fail: name 'hashlib' is not defined
  [Archive] Cell (4, 32) updated with fitness: 0.0000
  Evaluating Individual 16/20 ---- Generation: 6/10
Eval Fail: name 'hashlib' is not defined
  Evaluating Individual 17/20 ---- Generation: 6/10
Eval Fail: name 'hashlib' is not defined
  Evaluating Individual 18/20 ---- Generation: 6/10
Eval Fail: name 'hashlib' is not defined
  Evaluating Individual 19/20 ---- Generation: 6/10
Eval Fail: name 'hashlib' is not defined
  Evaluating Individual 20/20 ---- Generation: 6/10
Eval Fail: name 'hashlib' is not defined


 >>> GENERATION 7 <<<

  Evaluating Individual 6/20 ---- Generation: 7/10
Eval Fail: name 'hashlib' is not defined
  Evaluating Individual 7/20 ---- Generation: 7/10
Eval Fail: name 'hashlib' is not defined
  Evaluating Individual 8/20 ---- Generation: 7/10
Eval Fail: name 'hashlib' is not defined
  Evaluating Individual 9/20 ---- Generation: 7/10
Eval Fail: name 'hashlib' is not defined
  Evaluating Individual 10/20 ---- Generation: 7/10
Eval Fail: name 'hashlib' is not defined
  Evaluating Individual 11/20 ---- Generation: 7/10
Eval Fail: name 'hashlib' is not defined
  [Archive] Cell (2, 64) updated with fitness: 0.0000
  Evaluating Individual 12/20 ---- Generation: 7/10
Eval Fail: name 'hashlib' is not defined
  Evaluating Individual 13/20 ---- Generation: 7/10
Eval Fail: name 'hashlib' is not defined
  Evaluating Individual 14/20 ---- Generation: 7/10
Eval Fail: name 'hashlib' is not defined
  Evaluating Individual 15/20 ---- Generation: 7/10
Eval Fail: name 'hashlib' is not defined
  Evaluating Individual 16/20 ---- Generation: 7/10
Eval Fail: name 'hashlib' is not defined
  Evaluating Individual 17/20 ---- Generation: 7/10
Eval Fail: name 'hashlib' is not defined
  Evaluating Individual 18/20 ---- Generation: 7/10
Eval Fail: name 'hashlib' is not defined
  Evaluating Individual 19/20 ---- Generation: 7/10
Eval Fail: name 'hashlib' is not defined
  Evaluating Individual 20/20 ---- Generation: 7/10
Eval Fail: name 'hashlib' is not defined


 >>> GENERATION 8 <<<

  Evaluating Individual 6/20 ---- Generation: 8/10
Eval Fail: name 'hashlib' is not defined
  Evaluating Individual 7/20 ---- Generation: 8/10
Eval Fail: name 'hashlib' is not defined
  Evaluating Individual 8/20 ---- Generation: 8/10
Eval Fail: name 'hashlib' is not defined
  Evaluating Individual 9/20 ---- Generation: 8/10
Eval Fail: name 'hashlib' is not defined
  Evaluating Individual 10/20 ---- Generation: 8/10
Eval Fail: name 'hashlib' is not defined
  Evaluating Individual 11/20 ---- Generation: 8/10
Eval Fail: name 'hashlib' is not defined
  Evaluating Individual 12/20 ---- Generation: 8/10
Eval Fail: name 'hashlib' is not defined
  Evaluating Individual 13/20 ---- Generation: 8/10
Eval Fail: name 'hashlib' is not defined
  Evaluating Individual 14/20 ---- Generation: 8/10
Eval Fail: name 'hashlib' is not defined
  Evaluating Individual 15/20 ---- Generation: 8/10
Eval Fail: name 'hashlib' is not defined
  Evaluating Individual 16/20 ---- Generation: 8/10
Eval Fail: name 'hashlib' is not defined
  Evaluating Individual 17/20 ---- Generation: 8/10
Eval Fail: name 'hashlib' is not defined
  Evaluating Individual 18/20 ---- Generation: 8/10
Eval Fail: name 'hashlib' is not defined
  Evaluating Individual 19/20 ---- Generation: 8/10
Eval Fail: name 'hashlib' is not defined
  Evaluating Individual 20/20 ---- Generation: 8/10
Eval Fail: name 'hashlib' is not defined


 >>> GENERATION 9 <<<

  Evaluating Individual 6/20 ---- Generation: 9/10
Eval Fail: name 'hashlib' is not defined
  Evaluating Individual 7/20 ---- Generation: 9/10
Eval Fail: name 'hashlib' is not defined
  Evaluating Individual 8/20 ---- Generation: 9/10
Eval Fail: name 'hashlib' is not defined
  Evaluating Individual 9/20 ---- Generation: 9/10
Eval Fail: name 'hashlib' is not defined
  Evaluating Individual 10/20 ---- Generation: 9/10
Eval Fail: name 'hashlib' is not defined
  Evaluating Individual 11/20 ---- Generation: 9/10
Eval Fail: name 'hashlib' is not defined
  Evaluating Individual 12/20 ---- Generation: 9/10
Eval Fail: name 'hashlib' is not defined
  Evaluating Individual 13/20 ---- Generation: 9/10
Eval Fail: name 'hashlib' is not defined
  Evaluating Individual 14/20 ---- Generation: 9/10
Eval Fail: name 'hashlib' is not defined
  Evaluating Individual 15/20 ---- Generation: 9/10
Eval Fail: name 'hashlib' is not defined
  Evaluating Individual 16/20 ---- Generation: 9/10
Eval Fail: name 'hashlib' is not defined
  [Archive] Cell (3, 16) updated with fitness: 0.0000
  Evaluating Individual 17/20 ---- Generation: 9/10
Eval Fail: name 'hashlib' is not defined
  Evaluating Individual 18/20 ---- Generation: 9/10
Eval Fail: name 'hashlib' is not defined
  Evaluating Individual 19/20 ---- Generation: 9/10
Eval Fail: name 'hashlib' is not defined
  Evaluating Individual 20/20 ---- Generation: 9/10
Eval Fail: name 'hashlib' is not defined


 >>> GENERATION 10 <<<

  Evaluating Individual 6/20 ---- Generation: 10/10
Eval Fail: name 'hashlib' is not defined
  Evaluating Individual 7/20 ---- Generation: 10/10
Eval Fail: name 'hashlib' is not defined
  Evaluating Individual 8/20 ---- Generation: 10/10
Eval Fail: name 'hashlib' is not defined
  Evaluating Individual 9/20 ---- Generation: 10/10
Eval Fail: name 'hashlib' is not defined
  Evaluating Individual 10/20 ---- Generation: 10/10
Eval Fail: name 'hashlib' is not defined
  Evaluating Individual 11/20 ---- Generation: 10/10
Eval Fail: name 'hashlib' is not defined
  Evaluating Individual 12/20 ---- Generation: 10/10
Eval Fail: name 'hashlib' is not defined
  Evaluating Individual 13/20 ---- Generation: 10/10
Eval Fail: name 'hashlib' is not defined
  Evaluating Individual 14/20 ---- Generation: 10/10
Eval Fail: name 'hashlib' is not defined
  Evaluating Individual 15/20 ---- Generation: 10/10
Eval Fail: name 'hashlib' is not defined
  Evaluating Individual 16/20 ---- Generation: 10/10
Eval Fail: name 'hashlib' is not defined
  Evaluating Individual 17/20 ---- Generation: 10/10
Eval Fail: name 'hashlib' is not defined
  Evaluating Individual 18/20 ---- Generation: 10/10
Eval Fail: name 'hashlib' is not defined
  Evaluating Individual 19/20 ---- Generation: 10/10
Eval Fail: name 'hashlib' is not defined
  Evaluating Individual 20/20 ---- Generation: 10/10
Eval Fail: name 'hashlib' is not defined
[Best] Saved best model to /a/mm/ab/gpt/brute/ga/meta_evolution/best_fractal_model_cifar100.py
CRITICAL GA FAIL: name 'hashlib' is not defined
PEAK_ACCURACY: 0.0
META_SCORE: 0.0
[Meta] Benchmark Output (Snippet):
12/20 ---- Generation: 10/10
Eval Fail: name 'hashlib' is not defined
  Evaluating Individual 13/20 ---- Generation: 10/10
Eval Fail: name 'hashlib' is not defined
  Evaluating Individual 14/20 ---- Generation: 10/10
Eval Fail: name 'hashlib' is not defined
  Evaluating Individual 15/20 ---- Generation: 10/10
Eval Fail: name 'hashlib' is not defined
  Evaluating Individual 16/20 ---- Generation: 10/10
Eval Fail: name 'hashlib' is not defined
  Evaluating Individual 17/20 ---- Generation: 10/10
Eval Fail: name 'hashlib' is not defined
  Evaluating Individual 18/20 ---- Generation: 10/10
Eval Fail: name 'hashlib' is not defined
  Evaluating Individual 19/20 ---- Generation: 10/10
Eval Fail: name 'hashlib' is not defined
  Evaluating Individual 20/20 ---- Generation: 10/10
Eval Fail: name 'hashlib' is not defined
[Best] Saved best model to /a/mm/ab/gpt/brute/ga/meta_evolution/best_fractal_model_cifar100.py
CRITICAL GA FAIL: name 'hashlib' is not defined
PEAK_ACCURACY: 0.0
META_SCORE: 0.0

[Meta] Median Top-3 Quality over 1 runs: 0.0000
[Meta] GPU cleanup attempted (gc + empty_cache)
   [RL] PENALTY: Zero Archive Novelty (Stagnation/Premature Convergence). Penalty: -2.0000
   [RL] Total Reward: -2.0000
--> FAILURE/REGRESSION. Skipping fine-tuning to encourage creativity.
[Meta] GPU cleanup attempted (gc + empty_cache)
--> Reverting File.
[Meta] ✗ Iteration 1 failed (regression or syntax error). Code reverted.

=== Iteration 2/5 — Evolving: mutate_gene ===

[Meta] Evolving: mutate_gene
--- [DEBUG] Input Code ---
### mutate_gene ###
    def mutate_gene(self, gene_name, current_value, possible_values):
        if possible_values:
            return random.choice(possible_values)
        return current_value

-------------------------
[Meta] Generation Temperature: 0.80
--- [DEBUG] Raw Response ---
```python
    def mutate_gene(self, gene_name, current_value, possible_values):
        if possible_values:
            if random.random() < self.mutation_rate:
                # Introduce larger mutations by choosing a random value within the search space
                mutated_value = random.choice(list(set(possible_values) - {current_value}))
                return mutated_value
        return current_value
```
--------------------------
[Meta] Runtime smoke test PASSED (all components validated).
[Meta] Benchmarking...

[Meta] Running Benchmark 1/1...
Skipping import of cpp extensions due to incompatible torch version 2.7.1+cu126 for torchao version 0.15.0+cu126             Please see https://github.com/pytorch/ao/issues/2919 for more info
Traceback (most recent call last):
  File "/a/mm/ab/gpt/brute/ga/meta_evolution/run_fractal_evolution_cifar100.py", line 263, in fitness_function
    model_checksum = uuid4(code_str)
                     ^^^^^^^^^^^^^^^
  File "/a/mm/ab/gpt/brute/ga/meta_evolution/run_fractal_evolution_cifar100.py", line 250, in uuid4
    return hashlib.md5(s.encode()).hexdigest()
           ^^^^^^^
NameError: name 'hashlib' is not defined. Did you forget to import 'hashlib'
Traceback (most recent call last):
  File "/a/mm/ab/gpt/brute/ga/meta_evolution/run_fractal_evolution_cifar100.py", line 263, in fitness_function
    model_checksum = uuid4(code_str)
                     ^^^^^^^^^^^^^^^
  File "/a/mm/ab/gpt/brute/ga/meta_evolution/run_fractal_evolution_cifar100.py", line 250, in uuid4
    return hashlib.md5(s.encode()).hexdigest()
           ^^^^^^^
NameError: name 'hashlib' is not defined. Did you forget to import 'hashlib'
Traceback (most recent call last):
  File "/a/mm/ab/gpt/brute/ga/meta_evolution/run_fractal_evolution_cifar100.py", line 263, in fitness_function
    model_checksum = uuid4(code_str)
                     ^^^^^^^^^^^^^^^
  File "/a/mm/ab/gpt/brute/ga/meta_evolution/run_fractal_evolution_cifar100.py", line 250, in uuid4
    return hashlib.md5(s.encode()).hexdigest()
           ^^^^^^^
NameError: name 'hashlib' is not defined. Did you forget to import 'hashlib'
Traceback (most recent call last):
  File "/a/mm/ab/gpt/brute/ga/meta_evolution/run_fractal_evolution_cifar100.py", line 263, in fitness_function
    model_checksum = uuid4(code_str)
                     ^^^^^^^^^^^^^^^
  File "/a/mm/ab/gpt/brute/ga/meta_evolution/run_fractal_evolution_cifar100.py", line 250, in uuid4
    return hashlib.md5(s.encode()).hexdigest()
           ^^^^^^^
NameError: name 'hashlib' is not defined. Did you forget to import 'hashlib'
Traceback (most recent call last):
  File "/a/mm/ab/gpt/brute/ga/meta_evolution/run_fractal_evolution_cifar100.py", line 263, in fitness_function
    model_checksum = uuid4(code_str)
                     ^^^^^^^^^^^^^^^
  File "/a/mm/ab/gpt/brute/ga/meta_evolution/run_fractal_evolution_cifar100.py", line 250, in uuid4
    return hashlib.md5(s.encode()).hexdigest()
           ^^^^^^^
NameError: name 'hashlib' is not defined. Did you forget to import 'hashlib'
Traceback (most recent call last):
  File "/a/mm/ab/gpt/brute/ga/meta_evolution/run_fractal_evolution_cifar100.py", line 263, in fitness_function
    model_checksum = uuid4(code_str)
                     ^^^^^^^^^^^^^^^
  File "/a/mm/ab/gpt/brute/ga/meta_evolution/run_fractal_evolution_cifar100.py", line 250, in uuid4
    return hashlib.md5(s.encode()).hexdigest()
           ^^^^^^^
NameError: name 'hashlib' is not defined. Did you forget to import 'hashlib'
Traceback (most recent call last):
  File "/a/mm/ab/gpt/brute/ga/meta_evolution/run_fractal_evolution_cifar100.py", line 263, in fitness_function
    model_checksum = uuid4(code_str)
                     ^^^^^^^^^^^^^^^
  File "/a/mm/ab/gpt/brute/ga/meta_evolution/run_fractal_evolution_cifar100.py", line 250, in uuid4
    return hashlib.md5(s.encode()).hexdigest()
           ^^^^^^^
NameError: name 'hashlib' is not defined. Did you forget to import 'hashlib'
Traceback (most recent call last):
  File "/a/mm/ab/gpt/brute/ga/meta_evolution/run_fractal_evolution_cifar100.py", line 263, in fitness_function
    model_checksum = uuid4(code_str)
                     ^^^^^^^^^^^^^^^
  File "/a/mm/ab/gpt/brute/ga/meta_evolution/run_fractal_evolution_cifar100.py", line 250, in uuid4
    return hashlib.md5(s.encode()).hexdigest()
           ^^^^^^^
NameError: name 'hashlib' is not defined. Did you forget to import 'hashlib'
Traceback (most recent call last):
  File "/a/mm/ab/gpt/brute/ga/meta_evolution/run_fractal_evolution_cifar100.py", line 263, in fitness_function
    model_checksum = uuid4(code_str)
                     ^^^^^^^^^^^^^^^
  File "/a/mm/ab/gpt/brute/ga/meta_evolution/run_fractal_evolution_cifar100.py", line 250, in uuid4
    return hashlib.md5(s.encode()).hexdigest()
           ^^^^^^^
NameError: name 'hashlib' is not defined. Did you forget to import 'hashlib'
Traceback (most recent call last):
  File "/a/mm/ab/gpt/brute/ga/meta_evolution/run_fractal_evolution_cifar100.py", line 263, in fitness_function
    model_checksum = uuid4(code_str)
                     ^^^^^^^^^^^^^^^
  File "/a/mm/ab/gpt/brute/ga/meta_evolution/run_fractal_evolution_cifar100.py", line 250, in uuid4
    return hashlib.md5(s.encode()).hexdigest()
           ^^^^^^^
NameError: name 'hashlib' is not defined. Did you forget to import 'hashlib'
Traceback (most recent call last):
  File "/a/mm/ab/gpt/brute/ga/meta_evolution/run_fractal_evolution_cifar100.py", line 263, in fitness_function
    model_checksum = uuid4(code_str)
                     ^^^^^^^^^^^^^^^
  File "/a/mm/ab/gpt/brute/ga/meta_evolution/run_fractal_evolution_cifar100.py", line 250, in uuid4
    return hashlib.md5(s.encode()).hexdigest()
           ^^^^^^^
NameError: name 'hashlib' is not defined. Did you forget to import 'hashlib'
Traceback (most recent call last):
  File "/a/mm/ab/gpt/brute/ga/meta_evolution/run_fractal_evolution_cifar100.py", line 263, in fitness_function
    model_checksum = uuid4(code_str)
                     ^^^^^^^^^^^^^^^
  File "/a/mm/ab/gpt/brute/ga/meta_evolution/run_fractal_evolution_cifar100.py", line 250, in uuid4
    return hashlib.md5(s.encode()).hexdigest()
           ^^^^^^^
NameError: name 'hashlib' is not defined. Did you forget to import 'hashlib'
Traceback (most recent call last):
  File "/a/mm/ab/gpt/brute/ga/meta_evolution/run_fractal_evolution_cifar100.py", line 263, in fitness_function
    model_checksum = uuid4(code_str)
                     ^^^^^^^^^^^^^^^
  File "/a/mm/ab/gpt/brute/ga/meta_evolution/run_fractal_evolution_cifar100.py", line 250, in uuid4
    return hashlib.md5(s.encode()).hexdigest()
           ^^^^^^^
NameError: name 'hashlib' is not defined. Did you forget to import 'hashlib'
Traceback (most recent call last):
  File "/a/mm/ab/gpt/brute/ga/meta_evolution/run_fractal_evolution_cifar100.py", line 263, in fitness_function
    model_checksum = uuid4(code_str)
                     ^^^^^^^^^^^^^^^
  File "/a/mm/ab/gpt/brute/ga/meta_evolution/run_fractal_evolution_cifar100.py", line 250, in uuid4
    return hashlib.md5(s.encode()).hexdigest()
           ^^^^^^^
NameError: name 'hashlib' is not defined. Did you forget to import 'hashlib'
Traceback (most recent call last):
  File "/a/mm/ab/gpt/brute/ga/meta_evolution/run_fractal_evolution_cifar100.py", line 263, in fitness_function
    model_checksum = uuid4(code_str)
                     ^^^^^^^^^^^^^^^
  File "/a/mm/ab/gpt/brute/ga/meta_evolution/run_fractal_evolution_cifar100.py", line 250, in uuid4
    return hashlib.md5(s.encode()).hexdigest()
           ^^^^^^^
NameError: name 'hashlib' is not defined. Did you forget to import 'hashlib'
Traceback (most recent call last):
  File "/a/mm/ab/gpt/brute/ga/meta_evolution/run_fractal_evolution_cifar100.py", line 263, in fitness_function
    model_checksum = uuid4(code_str)
                     ^^^^^^^^^^^^^^^
  File "/a/mm/ab/gpt/brute/ga/meta_evolution/run_fractal_evolution_cifar100.py", line 250, in uuid4
    return hashlib.md5(s.encode()).hexdigest()
           ^^^^^^^
NameError: name 'hashlib' is not defined. Did you forget to import 'hashlib'
Traceback (most recent call last):
  File "/a/mm/ab/gpt/brute/ga/meta_evolution/run_fractal_evolution_cifar100.py", line 263, in fitness_function
    model_checksum = uuid4(code_str)
                     ^^^^^^^^^^^^^^^
  File "/a/mm/ab/gpt/brute/ga/meta_evolution/run_fractal_evolution_cifar100.py", line 250, in uuid4
    return hashlib.md5(s.encode()).hexdigest()
           ^^^^^^^
NameError: name 'hashlib' is not defined. Did you forget to import 'hashlib'
Traceback (most recent call last):
  File "/a/mm/ab/gpt/brute/ga/meta_evolution/run_fractal_evolution_cifar100.py", line 263, in fitness_function
    model_checksum = uuid4(code_str)
                     ^^^^^^^^^^^^^^^
  File "/a/mm/ab/gpt/brute/ga/meta_evolution/run_fractal_evolution_cifar100.py", line 250, in uuid4
    return hashlib.md5(s.encode()).hexdigest()
           ^^^^^^^
NameError: name 'hashlib' is not defined. Did you forget to import 'hashlib'
Traceback (most recent call last):
  File "/a/mm/ab/gpt/brute/ga/meta_evolution/run_fractal_evolution_cifar100.py", line 263, in fitness_function
    model_checksum = uuid4(code_str)
                     ^^^^^^^^^^^^^^^
  File "/a/mm/ab/gpt/brute/ga/meta_evolution/run_fractal_evolution_cifar100.py", line 250, in uuid4
    return hashlib.md5(s.encode()).hexdigest()
           ^^^^^^^
NameError: name 'hashlib' is not defined. Did you forget to import 'hashlib'
Traceback (most recent call last):
  File "/a/mm/ab/gpt/brute/ga/meta_evolution/run_fractal_evolution_cifar100.py", line 263, in fitness_function
    model_checksum = uuid4(code_str)
                     ^^^^^^^^^^^^^^^
  File "/a/mm/ab/gpt/brute/ga/meta_evolution/run_fractal_evolution_cifar100.py", line 250, in uuid4
    return hashlib.md5(s.encode()).hexdigest()
           ^^^^^^^
NameError: name 'hashlib' is not defined. Did you forget to import 'hashlib'
Traceback (most recent call last):
  File "/a/mm/ab/gpt/brute/ga/meta_evolution/run_fractal_evolution_cifar100.py", line 263, in fitness_function
    model_checksum = uuid4(code_str)
                     ^^^^^^^^^^^^^^^
  File "/a/mm/ab/gpt/brute/ga/meta_evolution/run_fractal_evolution_cifar100.py", line 250, in uuid4
    return hashlib.md5(s.encode()).hexdigest()
           ^^^^^^^
NameError: name 'hashlib' is not defined. Did you forget to import 'hashlib'
Traceback (most recent call last):
  File "/a/mm/ab/gpt/brute/ga/meta_evolution/run_fractal_evolution_cifar100.py", line 263, in fitness_function
    model_checksum = uuid4(code_str)
                     ^^^^^^^^^^^^^^^
  File "/a/mm/ab/gpt/brute/ga/meta_evolution/run_fractal_evolution_cifar100.py", line 250, in uuid4
    return hashlib.md5(s.encode()).hexdigest()
           ^^^^^^^
NameError: name 'hashlib' is not defined. Did you forget to import 'hashlib'
Traceback (most recent call last):
  File "/a/mm/ab/gpt/brute/ga/meta_evolution/run_fractal_evolution_cifar100.py", line 263, in fitness_function
    model_checksum = uuid4(code_str)
                     ^^^^^^^^^^^^^^^
  File "/a/mm/ab/gpt/brute/ga/meta_evolution/run_fractal_evolution_cifar100.py", line 250, in uuid4
    return hashlib.md5(s.encode()).hexdigest()
           ^^^^^^^
NameError: name 'hashlib' is not defined. Did you forget to import 'hashlib'
Traceback (most recent call last):
  File "/a/mm/ab/gpt/brute/ga/meta_evolution/run_fractal_evolution_cifar100.py", line 263, in fitness_function
    model_checksum = uuid4(code_str)
                     ^^^^^^^^^^^^^^^
  File "/a/mm/ab/gpt/brute/ga/meta_evolution/run_fractal_evolution_cifar100.py", line 250, in uuid4
    return hashlib.md5(s.encode()).hexdigest()
           ^^^^^^^
NameError: name 'hashlib' is not defined. Did you forget to import 'hashlib'
Traceback (most recent call last):
  File "/a/mm/ab/gpt/brute/ga/meta_evolution/run_fractal_evolution_cifar100.py", line 263, in fitness_function
    model_checksum = uuid4(code_str)
                     ^^^^^^^^^^^^^^^
  File "/a/mm/ab/gpt/brute/ga/meta_evolution/run_fractal_evolution_cifar100.py", line 250, in uuid4
    return hashlib.md5(s.encode()).hexdigest()
           ^^^^^^^
NameError: name 'hashlib' is not defined. Did you forget to import 'hashlib'
Traceback (most recent call last):
  File "/a/mm/ab/gpt/brute/ga/meta_evolution/run_fractal_evolution_cifar100.py", line 263, in fitness_function
    model_checksum = uuid4(code_str)
                     ^^^^^^^^^^^^^^^
  File "/a/mm/ab/gpt/brute/ga/meta_evolution/run_fractal_evolution_cifar100.py", line 250, in uuid4
    return hashlib.md5(s.encode()).hexdigest()
           ^^^^^^^
NameError: name 'hashlib' is not defined. Did you forget to import 'hashlib'
Traceback (most recent call last):
  File "/a/mm/ab/gpt/brute/ga/meta_evolution/run_fractal_evolution_cifar100.py", line 263, in fitness_function
    model_checksum = uuid4(code_str)
                     ^^^^^^^^^^^^^^^
  File "/a/mm/ab/gpt/brute/ga/meta_evolution/run_fractal_evolution_cifar100.py", line 250, in uuid4
    return hashlib.md5(s.encode()).hexdigest()
           ^^^^^^^
NameError: name 'hashlib' is not defined. Did you forget to import 'hashlib'
Traceback (most recent call last):
  File "/a/mm/ab/gpt/brute/ga/meta_evolution/run_fractal_evolution_cifar100.py", line 263, in fitness_function
    model_checksum = uuid4(code_str)
                     ^^^^^^^^^^^^^^^
  File "/a/mm/ab/gpt/brute/ga/meta_evolution/run_fractal_evolution_cifar100.py", line 250, in uuid4
    return hashlib.md5(s.encode()).hexdigest()
           ^^^^^^^
NameError: name 'hashlib' is not defined. Did you forget to import 'hashlib'
Traceback (most recent call last):
  File "/a/mm/ab/gpt/brute/ga/meta_evolution/run_fractal_evolution_cifar100.py", line 263, in fitness_function
    model_checksum = uuid4(code_str)
                     ^^^^^^^^^^^^^^^
  File "/a/mm/ab/gpt/brute/ga/meta_evolution/run_fractal_evolution_cifar100.py", line 250, in uuid4
    return hashlib.md5(s.encode()).hexdigest()
           ^^^^^^^
NameError: name 'hashlib' is not defined. Did you forget to import 'hashlib'
Traceback (most recent call last):
  File "/a/mm/ab/gpt/brute/ga/meta_evolution/run_fractal_evolution_cifar100.py", line 263, in fitness_function
    model_checksum = uuid4(code_str)
                     ^^^^^^^^^^^^^^^
  File "/a/mm/ab/gpt/brute/ga/meta_evolution/run_fractal_evolution_cifar100.py", line 250, in uuid4
    return hashlib.md5(s.encode()).hexdigest()
           ^^^^^^^
NameError: name 'hashlib' is not defined. Did you forget to import 'hashlib'
Traceback (most recent call last):
  File "/a/mm/ab/gpt/brute/ga/meta_evolution/run_fractal_evolution_cifar100.py", line 263, in fitness_function
    model_checksum = uuid4(code_str)
                     ^^^^^^^^^^^^^^^
  File "/a/mm/ab/gpt/brute/ga/meta_evolution/run_fractal_evolution_cifar100.py", line 250, in uuid4
    return hashlib.md5(s.encode()).hexdigest()
           ^^^^^^^
NameError: name 'hashlib' is not defined. Did you forget to import 'hashlib'
Traceback (most recent call last):
  File "/a/mm/ab/gpt/brute/ga/meta_evolution/run_fractal_evolution_cifar100.py", line 263, in fitness_function
    model_checksum = uuid4(code_str)
                     ^^^^^^^^^^^^^^^
  File "/a/mm/ab/gpt/brute/ga/meta_evolution/run_fractal_evolution_cifar100.py", line 250, in uuid4
    return hashlib.md5(s.encode()).hexdigest()
           ^^^^^^^
NameError: name 'hashlib' is not defined. Did you forget to import 'hashlib'
Traceback (most recent call last):
  File "/a/mm/ab/gpt/brute/ga/meta_evolution/run_fractal_evolution_cifar100.py", line 263, in fitness_function
    model_checksum = uuid4(code_str)
                     ^^^^^^^^^^^^^^^
  File "/a/mm/ab/gpt/brute/ga/meta_evolution/run_fractal_evolution_cifar100.py", line 250, in uuid4
    return hashlib.md5(s.encode()).hexdigest()
           ^^^^^^^
NameError: name 'hashlib' is not defined. Did you forget to import 'hashlib'
Traceback (most recent call last):
  File "/a/mm/ab/gpt/brute/ga/meta_evolution/run_fractal_evolution_cifar100.py", line 263, in fitness_function
    model_checksum = uuid4(code_str)
                     ^^^^^^^^^^^^^^^
  File "/a/mm/ab/gpt/brute/ga/meta_evolution/run_fractal_evolution_cifar100.py", line 250, in uuid4
    return hashlib.md5(s.encode()).hexdigest()
           ^^^^^^^
NameError: name 'hashlib' is not defined. Did you forget to import 'hashlib'
Traceback (most recent call last):
  File "/a/mm/ab/gpt/brute/ga/meta_evolution/run_fractal_evolution_cifar100.py", line 263, in fitness_function
    model_checksum = uuid4(code_str)
                     ^^^^^^^^^^^^^^^
  File "/a/mm/ab/gpt/brute/ga/meta_evolution/run_fractal_evolution_cifar100.py", line 250, in uuid4
    return hashlib.md5(s.encode()).hexdigest()
           ^^^^^^^
NameError: name 'hashlib' is not defined. Did you forget to import 'hashlib'
Traceback (most recent call last):
  File "/a/mm/ab/gpt/brute/ga/meta_evolution/run_fractal_evolution_cifar100.py", line 263, in fitness_function
    model_checksum = uuid4(code_str)
                     ^^^^^^^^^^^^^^^
  File "/a/mm/ab/gpt/brute/ga/meta_evolution/run_fractal_evolution_cifar100.py", line 250, in uuid4
    return hashlib.md5(s.encode()).hexdigest()
           ^^^^^^^
NameError: name 'hashlib' is not defined. Did you forget to import 'hashlib'
Traceback (most recent call last):
  File "/a/mm/ab/gpt/brute/ga/meta_evolution/run_fractal_evolution_cifar100.py", line 263, in fitness_function
    model_checksum = uuid4(code_str)
                     ^^^^^^^^^^^^^^^
  File "/a/mm/ab/gpt/brute/ga/meta_evolution/run_fractal_evolution_cifar100.py", line 250, in uuid4
    return hashlib.md5(s.encode()).hexdigest()
           ^^^^^^^
NameError: name 'hashlib' is not defined. Did you forget to import 'hashlib'
Traceback (most recent call last):
  File "/a/mm/ab/gpt/brute/ga/meta_evolution/run_fractal_evolution_cifar100.py", line 263, in fitness_function
    model_checksum = uuid4(code_str)
                     ^^^^^^^^^^^^^^^
  File "/a/mm/ab/gpt/brute/ga/meta_evolution/run_fractal_evolution_cifar100.py", line 250, in uuid4
    return hashlib.md5(s.encode()).hexdigest()
           ^^^^^^^
NameError: name 'hashlib' is not defined. Did you forget to import 'hashlib'
Traceback (most recent call last):
  File "/a/mm/ab/gpt/brute/ga/meta_evolution/run_fractal_evolution_cifar100.py", line 263, in fitness_function
    model_checksum = uuid4(code_str)
                     ^^^^^^^^^^^^^^^
  File "/a/mm/ab/gpt/brute/ga/meta_evolution/run_fractal_evolution_cifar100.py", line 250, in uuid4
    return hashlib.md5(s.encode()).hexdigest()
           ^^^^^^^
NameError: name 'hashlib' is not defined. Did you forget to import 'hashlib'
Traceback (most recent call last):
  File "/a/mm/ab/gpt/brute/ga/meta_evolution/run_fractal_evolution_cifar100.py", line 263, in fitness_function
    model_checksum = uuid4(code_str)
                     ^^^^^^^^^^^^^^^
  File "/a/mm/ab/gpt/brute/ga/meta_evolution/run_fractal_evolution_cifar100.py", line 250, in uuid4
    return hashlib.md5(s.encode()).hexdigest()
           ^^^^^^^
NameError: name 'hashlib' is not defined. Did you forget to import 'hashlib'
Traceback (most recent call last):
  File "/a/mm/ab/gpt/brute/ga/meta_evolution/run_fractal_evolution_cifar100.py", line 263, in fitness_function
    model_checksum = uuid4(code_str)
                     ^^^^^^^^^^^^^^^
  File "/a/mm/ab/gpt/brute/ga/meta_evolution/run_fractal_evolution_cifar100.py", line 250, in uuid4
    return hashlib.md5(s.encode()).hexdigest()
           ^^^^^^^
NameError: name 'hashlib' is not defined. Did you forget to import 'hashlib'
Traceback (most recent call last):
  File "/a/mm/ab/gpt/brute/ga/meta_evolution/run_fractal_evolution_cifar100.py", line 263, in fitness_function
    model_checksum = uuid4(code_str)
                     ^^^^^^^^^^^^^^^
  File "/a/mm/ab/gpt/brute/ga/meta_evolution/run_fractal_evolution_cifar100.py", line 250, in uuid4
    return hashlib.md5(s.encode()).hexdigest()
           ^^^^^^^
NameError: name 'hashlib' is not defined. Did you forget to import 'hashlib'
Traceback (most recent call last):
  File "/a/mm/ab/gpt/brute/ga/meta_evolution/run_fractal_evolution_cifar100.py", line 263, in fitness_function
    model_checksum = uuid4(code_str)
                     ^^^^^^^^^^^^^^^
  File "/a/mm/ab/gpt/brute/ga/meta_evolution/run_fractal_evolution_cifar100.py", line 250, in uuid4
    return hashlib.md5(s.encode()).hexdigest()
           ^^^^^^^
NameError: name 'hashlib' is not defined. Did you forget to import 'hashlib'
Traceback (most recent call last):
  File "/a/mm/ab/gpt/brute/ga/meta_evolution/run_fractal_evolution_cifar100.py", line 263, in fitness_function
    model_checksum = uuid4(code_str)
                     ^^^^^^^^^^^^^^^
  File "/a/mm/ab/gpt/brute/ga/meta_evolution/run_fractal_evolution_cifar100.py", line 250, in uuid4
    return hashlib.md5(s.encode()).hexdigest()
           ^^^^^^^
NameError: name 'hashlib' is not defined. Did you forget to import 'hashlib'
Traceback (most recent call last):
  File "/a/mm/ab/gpt/brute/ga/meta_evolution/run_fractal_evolution_cifar100.py", line 263, in fitness_function
    model_checksum = uuid4(code_str)
                     ^^^^^^^^^^^^^^^
  File "/a/mm/ab/gpt/brute/ga/meta_evolution/run_fractal_evolution_cifar100.py", line 250, in uuid4
    return hashlib.md5(s.encode()).hexdigest()
           ^^^^^^^
NameError: name 'hashlib' is not defined. Did you forget to import 'hashlib'
Traceback (most recent call last):
  File "/a/mm/ab/gpt/brute/ga/meta_evolution/run_fractal_evolution_cifar100.py", line 263, in fitness_function
    model_checksum = uuid4(code_str)
                     ^^^^^^^^^^^^^^^
  File "/a/mm/ab/gpt/brute/ga/meta_evolution/run_fractal_evolution_cifar100.py", line 250, in uuid4
    return hashlib.md5(s.encode()).hexdigest()
           ^^^^^^^
NameError: name 'hashlib' is not defined. Did you forget to import 'hashlib'
Traceback (most recent call last):
  File "/a/mm/ab/gpt/brute/ga/meta_evolution/run_fractal_evolution_cifar100.py", line 263, in fitness_function
    model_checksum = uuid4(code_str)
                     ^^^^^^^^^^^^^^^
  File "/a/mm/ab/gpt/brute/ga/meta_evolution/run_fractal_evolution_cifar100.py", line 250, in uuid4
    return hashlib.md5(s.encode()).hexdigest()
           ^^^^^^^
NameError: name 'hashlib' is not defined. Did you forget to import 'hashlib'
Traceback (most recent call last):
  File "/a/mm/ab/gpt/brute/ga/meta_evolution/run_fractal_evolution_cifar100.py", line 263, in fitness_function
    model_checksum = uuid4(code_str)
                     ^^^^^^^^^^^^^^^
  File "/a/mm/ab/gpt/brute/ga/meta_evolution/run_fractal_evolution_cifar100.py", line 250, in uuid4
    return hashlib.md5(s.encode()).hexdigest()
           ^^^^^^^
NameError: name 'hashlib' is not defined. Did you forget to import 'hashlib'
Traceback (most recent call last):
  File "/a/mm/ab/gpt/brute/ga/meta_evolution/run_fractal_evolution_cifar100.py", line 263, in fitness_function
    model_checksum = uuid4(code_str)
                     ^^^^^^^^^^^^^^^
  File "/a/mm/ab/gpt/brute/ga/meta_evolution/run_fractal_evolution_cifar100.py", line 250, in uuid4
    return hashlib.md5(s.encode()).hexdigest()
           ^^^^^^^
NameError: name 'hashlib' is not defined. Did you forget to import 'hashlib'
Traceback (most recent call last):
  File "/a/mm/ab/gpt/brute/ga/meta_evolution/run_fractal_evolution_cifar100.py", line 263, in fitness_function
    model_checksum = uuid4(code_str)
                     ^^^^^^^^^^^^^^^
  File "/a/mm/ab/gpt/brute/ga/meta_evolution/run_fractal_evolution_cifar100.py", line 250, in uuid4
    return hashlib.md5(s.encode()).hexdigest()
           ^^^^^^^
NameError: name 'hashlib' is not defined. Did you forget to import 'hashlib'
Traceback (most recent call last):
  File "/a/mm/ab/gpt/brute/ga/meta_evolution/run_fractal_evolution_cifar100.py", line 263, in fitness_function
    model_checksum = uuid4(code_str)
                     ^^^^^^^^^^^^^^^
  File "/a/mm/ab/gpt/brute/ga/meta_evolution/run_fractal_evolution_cifar100.py", line 250, in uuid4
    return hashlib.md5(s.encode()).hexdigest()
           ^^^^^^^
NameError: name 'hashlib' is not defined. Did you forget to import 'hashlib'
Traceback (most recent call last):
  File "/a/mm/ab/gpt/brute/ga/meta_evolution/run_fractal_evolution_cifar100.py", line 263, in fitness_function
    model_checksum = uuid4(code_str)
                     ^^^^^^^^^^^^^^^
  File "/a/mm/ab/gpt/brute/ga/meta_evolution/run_fractal_evolution_cifar100.py", line 250, in uuid4
    return hashlib.md5(s.encode()).hexdigest()
           ^^^^^^^
NameError: name 'hashlib' is not defined. Did you forget to import 'hashlib'
Traceback (most recent call last):
  File "/a/mm/ab/gpt/brute/ga/meta_evolution/run_fractal_evolution_cifar100.py", line 263, in fitness_function
    model_checksum = uuid4(code_str)
                     ^^^^^^^^^^^^^^^
  File "/a/mm/ab/gpt/brute/ga/meta_evolution/run_fractal_evolution_cifar100.py", line 250, in uuid4
    return hashlib.md5(s.encode()).hexdigest()
           ^^^^^^^
NameError: name 'hashlib' is not defined. Did you forget to import 'hashlib'
Traceback (most recent call last):
  File "/a/mm/ab/gpt/brute/ga/meta_evolution/run_fractal_evolution_cifar100.py", line 263, in fitness_function
    model_checksum = uuid4(code_str)
                     ^^^^^^^^^^^^^^^
  File "/a/mm/ab/gpt/brute/ga/meta_evolution/run_fractal_evolution_cifar100.py", line 250, in uuid4
    return hashlib.md5(s.encode()).hexdigest()
           ^^^^^^^
NameError: name 'hashlib' is not defined. Did you forget to import 'hashlib'
Traceback (most recent call last):
  File "/a/mm/ab/gpt/brute/ga/meta_evolution/run_fractal_evolution_cifar100.py", line 263, in fitness_function
    model_checksum = uuid4(code_str)
                     ^^^^^^^^^^^^^^^
  File "/a/mm/ab/gpt/brute/ga/meta_evolution/run_fractal_evolution_cifar100.py", line 250, in uuid4
    return hashlib.md5(s.encode()).hexdigest()
           ^^^^^^^
NameError: name 'hashlib' is not defined. Did you forget to import 'hashlib'
Traceback (most recent call last):
  File "/a/mm/ab/gpt/brute/ga/meta_evolution/run_fractal_evolution_cifar100.py", line 263, in fitness_function
    model_checksum = uuid4(code_str)
                     ^^^^^^^^^^^^^^^
  File "/a/mm/ab/gpt/brute/ga/meta_evolution/run_fractal_evolution_cifar100.py", line 250, in uuid4
    return hashlib.md5(s.encode()).hexdigest()
           ^^^^^^^
NameError: name 'hashlib' is not defined. Did you forget to import 'hashlib'
Traceback (most recent call last):
  File "/a/mm/ab/gpt/brute/ga/meta_evolution/run_fractal_evolution_cifar100.py", line 263, in fitness_function
    model_checksum = uuid4(code_str)
                     ^^^^^^^^^^^^^^^
  File "/a/mm/ab/gpt/brute/ga/meta_evolution/run_fractal_evolution_cifar100.py", line 250, in uuid4
    return hashlib.md5(s.encode()).hexdigest()
           ^^^^^^^
NameError: name 'hashlib' is not defined. Did you forget to import 'hashlib'
Traceback (most recent call last):
  File "/a/mm/ab/gpt/brute/ga/meta_evolution/run_fractal_evolution_cifar100.py", line 263, in fitness_function
    model_checksum = uuid4(code_str)
                     ^^^^^^^^^^^^^^^
  File "/a/mm/ab/gpt/brute/ga/meta_evolution/run_fractal_evolution_cifar100.py", line 250, in uuid4
    return hashlib.md5(s.encode()).hexdigest()
           ^^^^^^^
NameError: name 'hashlib' is not defined. Did you forget to import 'hashlib'
Traceback (most recent call last):
  File "/a/mm/ab/gpt/brute/ga/meta_evolution/run_fractal_evolution_cifar100.py", line 263, in fitness_function
    model_checksum = uuid4(code_str)
                     ^^^^^^^^^^^^^^^
  File "/a/mm/ab/gpt/brute/ga/meta_evolution/run_fractal_evolution_cifar100.py", line 250, in uuid4
    return hashlib.md5(s.encode()).hexdigest()
           ^^^^^^^
NameError: name 'hashlib' is not defined. Did you forget to import 'hashlib'
Traceback (most recent call last):
  File "/a/mm/ab/gpt/brute/ga/meta_evolution/run_fractal_evolution_cifar100.py", line 263, in fitness_function
    model_checksum = uuid4(code_str)
                     ^^^^^^^^^^^^^^^
  File "/a/mm/ab/gpt/brute/ga/meta_evolution/run_fractal_evolution_cifar100.py", line 250, in uuid4
    return hashlib.md5(s.encode()).hexdigest()
           ^^^^^^^
NameError: name 'hashlib' is not defined. Did you forget to import 'hashlib'
Traceback (most recent call last):
  File "/a/mm/ab/gpt/brute/ga/meta_evolution/run_fractal_evolution_cifar100.py", line 263, in fitness_function
    model_checksum = uuid4(code_str)
                     ^^^^^^^^^^^^^^^
  File "/a/mm/ab/gpt/brute/ga/meta_evolution/run_fractal_evolution_cifar100.py", line 250, in uuid4
    return hashlib.md5(s.encode()).hexdigest()
           ^^^^^^^
NameError: name 'hashlib' is not defined. Did you forget to import 'hashlib'
Traceback (most recent call last):
  File "/a/mm/ab/gpt/brute/ga/meta_evolution/run_fractal_evolution_cifar100.py", line 263, in fitness_function
    model_checksum = uuid4(code_str)
                     ^^^^^^^^^^^^^^^
  File "/a/mm/ab/gpt/brute/ga/meta_evolution/run_fractal_evolution_cifar100.py", line 250, in uuid4
    return hashlib.md5(s.encode()).hexdigest()
           ^^^^^^^
NameError: name 'hashlib' is not defined. Did you forget to import 'hashlib'
Traceback (most recent call last):
  File "/a/mm/ab/gpt/brute/ga/meta_evolution/run_fractal_evolution_cifar100.py", line 263, in fitness_function
    model_checksum = uuid4(code_str)
                     ^^^^^^^^^^^^^^^
  File "/a/mm/ab/gpt/brute/ga/meta_evolution/run_fractal_evolution_cifar100.py", line 250, in uuid4
    return hashlib.md5(s.encode()).hexdigest()
           ^^^^^^^
NameError: name 'hashlib' is not defined. Did you forget to import 'hashlib'
Traceback (most recent call last):
  File "/a/mm/ab/gpt/brute/ga/meta_evolution/run_fractal_evolution_cifar100.py", line 263, in fitness_function
    model_checksum = uuid4(code_str)
                     ^^^^^^^^^^^^^^^
  File "/a/mm/ab/gpt/brute/ga/meta_evolution/run_fractal_evolution_cifar100.py", line 250, in uuid4
    return hashlib.md5(s.encode()).hexdigest()
           ^^^^^^^
NameError: name 'hashlib' is not defined. Did you forget to import 'hashlib'
Traceback (most recent call last):
  File "/a/mm/ab/gpt/brute/ga/meta_evolution/run_fractal_evolution_cifar100.py", line 263, in fitness_function
    model_checksum = uuid4(code_str)
                     ^^^^^^^^^^^^^^^
  File "/a/mm/ab/gpt/brute/ga/meta_evolution/run_fractal_evolution_cifar100.py", line 250, in uuid4
    return hashlib.md5(s.encode()).hexdigest()
           ^^^^^^^
NameError: name 'hashlib' is not defined. Did you forget to import 'hashlib'
Traceback (most recent call last):
  File "/a/mm/ab/gpt/brute/ga/meta_evolution/run_fractal_evolution_cifar100.py", line 263, in fitness_function
    model_checksum = uuid4(code_str)
                     ^^^^^^^^^^^^^^^
  File "/a/mm/ab/gpt/brute/ga/meta_evolution/run_fractal_evolution_cifar100.py", line 250, in uuid4
    return hashlib.md5(s.encode()).hexdigest()
           ^^^^^^^
NameError: name 'hashlib' is not defined. Did you forget to import 'hashlib'
Traceback (most recent call last):
  File "/a/mm/ab/gpt/brute/ga/meta_evolution/run_fractal_evolution_cifar100.py", line 263, in fitness_function
    model_checksum = uuid4(code_str)
                     ^^^^^^^^^^^^^^^
  File "/a/mm/ab/gpt/brute/ga/meta_evolution/run_fractal_evolution_cifar100.py", line 250, in uuid4
    return hashlib.md5(s.encode()).hexdigest()
           ^^^^^^^
NameError: name 'hashlib' is not defined. Did you forget to import 'hashlib'
Traceback (most recent call last):
  File "/a/mm/ab/gpt/brute/ga/meta_evolution/run_fractal_evolution_cifar100.py", line 263, in fitness_function
    model_checksum = uuid4(code_str)
                     ^^^^^^^^^^^^^^^
  File "/a/mm/ab/gpt/brute/ga/meta_evolution/run_fractal_evolution_cifar100.py", line 250, in uuid4
    return hashlib.md5(s.encode()).hexdigest()
           ^^^^^^^
NameError: name 'hashlib' is not defined. Did you forget to import 'hashlib'
Traceback (most recent call last):
  File "/a/mm/ab/gpt/brute/ga/meta_evolution/run_fractal_evolution_cifar100.py", line 263, in fitness_function
    model_checksum = uuid4(code_str)
                     ^^^^^^^^^^^^^^^
  File "/a/mm/ab/gpt/brute/ga/meta_evolution/run_fractal_evolution_cifar100.py", line 250, in uuid4
    return hashlib.md5(s.encode()).hexdigest()
           ^^^^^^^
NameError: name 'hashlib' is not defined. Did you forget to import 'hashlib'
Traceback (most recent call last):
  File "/a/mm/ab/gpt/brute/ga/meta_evolution/run_fractal_evolution_cifar100.py", line 263, in fitness_function
    model_checksum = uuid4(code_str)
                     ^^^^^^^^^^^^^^^
  File "/a/mm/ab/gpt/brute/ga/meta_evolution/run_fractal_evolution_cifar100.py", line 250, in uuid4
    return hashlib.md5(s.encode()).hexdigest()
           ^^^^^^^
NameError: name 'hashlib' is not defined. Did you forget to import 'hashlib'
Traceback (most recent call last):
  File "/a/mm/ab/gpt/brute/ga/meta_evolution/run_fractal_evolution_cifar100.py", line 263, in fitness_function
    model_checksum = uuid4(code_str)
                     ^^^^^^^^^^^^^^^
  File "/a/mm/ab/gpt/brute/ga/meta_evolution/run_fractal_evolution_cifar100.py", line 250, in uuid4
    return hashlib.md5(s.encode()).hexdigest()
           ^^^^^^^
NameError: name 'hashlib' is not defined. Did you forget to import 'hashlib'
Traceback (most recent call last):
  File "/a/mm/ab/gpt/brute/ga/meta_evolution/run_fractal_evolution_cifar100.py", line 263, in fitness_function
    model_checksum = uuid4(code_str)
                     ^^^^^^^^^^^^^^^
  File "/a/mm/ab/gpt/brute/ga/meta_evolution/run_fractal_evolution_cifar100.py", line 250, in uuid4
    return hashlib.md5(s.encode()).hexdigest()
           ^^^^^^^
NameError: name 'hashlib' is not defined. Did you forget to import 'hashlib'
Traceback (most recent call last):
  File "/a/mm/ab/gpt/brute/ga/meta_evolution/run_fractal_evolution_cifar100.py", line 263, in fitness_function
    model_checksum = uuid4(code_str)
                     ^^^^^^^^^^^^^^^
  File "/a/mm/ab/gpt/brute/ga/meta_evolution/run_fractal_evolution_cifar100.py", line 250, in uuid4
    return hashlib.md5(s.encode()).hexdigest()
           ^^^^^^^
NameError: name 'hashlib' is not defined. Did you forget to import 'hashlib'
Traceback (most recent call last):
  File "/a/mm/ab/gpt/brute/ga/meta_evolution/run_fractal_evolution_cifar100.py", line 263, in fitness_function
    model_checksum = uuid4(code_str)
                     ^^^^^^^^^^^^^^^
  File "/a/mm/ab/gpt/brute/ga/meta_evolution/run_fractal_evolution_cifar100.py", line 250, in uuid4
    return hashlib.md5(s.encode()).hexdigest()
           ^^^^^^^
NameError: name 'hashlib' is not defined. Did you forget to import 'hashlib'
Traceback (most recent call last):
  File "/a/mm/ab/gpt/brute/ga/meta_evolution/run_fractal_evolution_cifar100.py", line 263, in fitness_function
    model_checksum = uuid4(code_str)
                     ^^^^^^^^^^^^^^^
  File "/a/mm/ab/gpt/brute/ga/meta_evolution/run_fractal_evolution_cifar100.py", line 250, in uuid4
    return hashlib.md5(s.encode()).hexdigest()
           ^^^^^^^
NameError: name 'hashlib' is not defined. Did you forget to import 'hashlib'
Traceback (most recent call last):
  File "/a/mm/ab/gpt/brute/ga/meta_evolution/run_fractal_evolution_cifar100.py", line 547, in <module>
    best_checksum = uuid4(best_code)
                    ^^^^^^^^^^^^^^^^
  File "/a/mm/ab/gpt/brute/ga/meta_evolution/run_fractal_evolution_cifar100.py", line 250, in uuid4
    return hashlib.md5(s.encode()).hexdigest()
           ^^^^^^^
NameError: name 'hashlib' is not defined. Did you forget to import 'hashlib'
LEMUR root /a/mm
[Init] Loaded 2889 existing checksums from stats/ (skipping duplicates)
[Run] Continuing evolution from gen 10 to 15


 >>> GENERATION 11 <<<

  Evaluating Individual 6/20 ---- Generation: 11/15
Eval Fail: name 'hashlib' is not defined
  [Archive] Cell (4, 16) updated with fitness: 0.0000
  Evaluating Individual 7/20 ---- Generation: 11/15
Eval Fail: name 'hashlib' is not defined
  [Archive] Cell (2, 16) updated with fitness: 0.0000
  Evaluating Individual 8/20 ---- Generation: 11/15
Eval Fail: name 'hashlib' is not defined
  Evaluating Individual 9/20 ---- Generation: 11/15
Eval Fail: name 'hashlib' is not defined
  Evaluating Individual 10/20 ---- Generation: 11/15
Eval Fail: name 'hashlib' is not defined
  [Archive] Cell (4, 32) updated with fitness: 0.0000
  Evaluating Individual 11/20 ---- Generation: 11/15
Eval Fail: name 'hashlib' is not defined
  [Archive] Cell (3, 16) updated with fitness: 0.0000
  Evaluating Individual 12/20 ---- Generation: 11/15
Eval Fail: name 'hashlib' is not defined
  Evaluating Individual 13/20 ---- Generation: 11/15
Eval Fail: name 'hashlib' is not defined
  Evaluating Individual 14/20 ---- Generation: 11/15
Eval Fail: name 'hashlib' is not defined
  Evaluating Individual 15/20 ---- Generation: 11/15
Eval Fail: name 'hashlib' is not defined
  [Archive] Cell (4, 64) updated with fitness: 0.0000
  Evaluating Individual 16/20 ---- Generation: 11/15
Eval Fail: name 'hashlib' is not defined
  Evaluating Individual 17/20 ---- Generation: 11/15
Eval Fail: name 'hashlib' is not defined
  Evaluating Individual 18/20 ---- Generation: 11/15
Eval Fail: name 'hashlib' is not defined
  Evaluating Individual 19/20 ---- Generation: 11/15
Eval Fail: name 'hashlib' is not defined
  Evaluating Individual 20/20 ---- Generation: 11/15
Eval Fail: name 'hashlib' is not defined
  [Archive] Cell (2, 64) updated with fitness: 0.0000


 >>> GENERATION 12 <<<

  Evaluating Individual 6/20 ---- Generation: 12/15
Eval Fail: name 'hashlib' is not defined
  Evaluating Individual 7/20 ---- Generation: 12/15
Eval Fail: name 'hashlib' is not defined
  Evaluating Individual 8/20 ---- Generation: 12/15
Eval Fail: name 'hashlib' is not defined
  Evaluating Individual 9/20 ---- Generation: 12/15
Eval Fail: name 'hashlib' is not defined
  Evaluating Individual 10/20 ---- Generation: 12/15
Eval Fail: name 'hashlib' is not defined
  Evaluating Individual 11/20 ---- Generation: 12/15
Eval Fail: name 'hashlib' is not defined
  Evaluating Individual 12/20 ---- Generation: 12/15
Eval Fail: name 'hashlib' is not defined
  Evaluating Individual 13/20 ---- Generation: 12/15
Eval Fail: name 'hashlib' is not defined
  Evaluating Individual 14/20 ---- Generation: 12/15
Eval Fail: name 'hashlib' is not defined
  Evaluating Individual 15/20 ---- Generation: 12/15
Eval Fail: name 'hashlib' is not defined
  Evaluating Individual 16/20 ---- Generation: 12/15
Eval Fail: name 'hashlib' is not defined
  Evaluating Individual 17/20 ---- Generation: 12/15
Eval Fail: name 'hashlib' is not defined
  Evaluating Individual 18/20 ---- Generation: 12/15
Eval Fail: name 'hashlib' is not defined
  Evaluating Individual 19/20 ---- Generation: 12/15
Eval Fail: name 'hashlib' is not defined
  Evaluating Individual 20/20 ---- Generation: 12/15
Eval Fail: name 'hashlib' is not defined


 >>> GENERATION 13 <<<

  Evaluating Individual 6/20 ---- Generation: 13/15
Eval Fail: name 'hashlib' is not defined
  Evaluating Individual 7/20 ---- Generation: 13/15
Eval Fail: name 'hashlib' is not defined
  Evaluating Individual 8/20 ---- Generation: 13/15
Eval Fail: name 'hashlib' is not defined
  Evaluating Individual 9/20 ---- Generation: 13/15
Eval Fail: name 'hashlib' is not defined
  Evaluating Individual 10/20 ---- Generation: 13/15
Eval Fail: name 'hashlib' is not defined
  Evaluating Individual 11/20 ---- Generation: 13/15
Eval Fail: name 'hashlib' is not defined
  Evaluating Individual 12/20 ---- Generation: 13/15
Eval Fail: name 'hashlib' is not defined
  Evaluating Individual 13/20 ---- Generation: 13/15
Eval Fail: name 'hashlib' is not defined
  Evaluating Individual 14/20 ---- Generation: 13/15
Eval Fail: name 'hashlib' is not defined
  Evaluating Individual 15/20 ---- Generation: 13/15
Eval Fail: name 'hashlib' is not defined
  Evaluating Individual 16/20 ---- Generation: 13/15
Eval Fail: name 'hashlib' is not defined
  Evaluating Individual 17/20 ---- Generation: 13/15
Eval Fail: name 'hashlib' is not defined
  Evaluating Individual 18/20 ---- Generation: 13/15
Eval Fail: name 'hashlib' is not defined
  Evaluating Individual 19/20 ---- Generation: 13/15
Eval Fail: name 'hashlib' is not defined
  Evaluating Individual 20/20 ---- Generation: 13/15
Eval Fail: name 'hashlib' is not defined


 >>> GENERATION 14 <<<

  Evaluating Individual 6/20 ---- Generation: 14/15
Eval Fail: name 'hashlib' is not defined
  Evaluating Individual 7/20 ---- Generation: 14/15
Eval Fail: name 'hashlib' is not defined
  Evaluating Individual 8/20 ---- Generation: 14/15
Eval Fail: name 'hashlib' is not defined
  Evaluating Individual 9/20 ---- Generation: 14/15
Eval Fail: name 'hashlib' is not defined
  Evaluating Individual 10/20 ---- Generation: 14/15
Eval Fail: name 'hashlib' is not defined
  Evaluating Individual 11/20 ---- Generation: 14/15
Eval Fail: name 'hashlib' is not defined
  Evaluating Individual 12/20 ---- Generation: 14/15
Eval Fail: name 'hashlib' is not defined
  Evaluating Individual 13/20 ---- Generation: 14/15
Eval Fail: name 'hashlib' is not defined
  Evaluating Individual 14/20 ---- Generation: 14/15
Eval Fail: name 'hashlib' is not defined
  Evaluating Individual 15/20 ---- Generation: 14/15
Eval Fail: name 'hashlib' is not defined
  Evaluating Individual 16/20 ---- Generation: 14/15
Eval Fail: name 'hashlib' is not defined
  Evaluating Individual 17/20 ---- Generation: 14/15
Eval Fail: name 'hashlib' is not defined
  Evaluating Individual 18/20 ---- Generation: 14/15
Eval Fail: name 'hashlib' is not defined
  Evaluating Individual 19/20 ---- Generation: 14/15
Eval Fail: name 'hashlib' is not defined
  Evaluating Individual 20/20 ---- Generation: 14/15
Eval Fail: name 'hashlib' is not defined


 >>> GENERATION 15 <<<

  Evaluating Individual 6/20 ---- Generation: 15/15
Eval Fail: name 'hashlib' is not defined
  Evaluating Individual 7/20 ---- Generation: 15/15
Eval Fail: name 'hashlib' is not defined
  Evaluating Individual 8/20 ---- Generation: 15/15
Eval Fail: name 'hashlib' is not defined
  Evaluating Individual 9/20 ---- Generation: 15/15
Eval Fail: name 'hashlib' is not defined
  Evaluating Individual 10/20 ---- Generation: 15/15
Eval Fail: name 'hashlib' is not defined
  Evaluating Individual 11/20 ---- Generation: 15/15
Eval Fail: name 'hashlib' is not defined
  Evaluating Individual 12/20 ---- Generation: 15/15
Eval Fail: name 'hashlib' is not defined
  Evaluating Individual 13/20 ---- Generation: 15/15
Eval Fail: name 'hashlib' is not defined
  Evaluating Individual 14/20 ---- Generation: 15/15
Eval Fail: name 'hashlib' is not defined
  Evaluating Individual 15/20 ---- Generation: 15/15
Eval Fail: name 'hashlib' is not defined
  Evaluating Individual 16/20 ---- Generation: 15/15
Eval Fail: name 'hashlib' is not defined
  Evaluating Individual 17/20 ---- Generation: 15/15
Eval Fail: name 'hashlib' is not defined
  Evaluating Individual 18/20 ---- Generation: 15/15
Eval Fail: name 'hashlib' is not defined
  Evaluating Individual 19/20 ---- Generation: 15/15
Eval Fail: name 'hashlib' is not defined
  Evaluating Individual 20/20 ---- Generation: 15/15
Eval Fail: name 'hashlib' is not defined
[Best] Saved best model to /a/mm/ab/gpt/brute/ga/meta_evolution/best_fractal_model_cifar100.py
CRITICAL GA FAIL: name 'hashlib' is not defined
PEAK_ACCURACY: 0.0
META_SCORE: 0.0
[Meta] Benchmark Output (Snippet):
12/20 ---- Generation: 15/15
Eval Fail: name 'hashlib' is not defined
  Evaluating Individual 13/20 ---- Generation: 15/15
Eval Fail: name 'hashlib' is not defined
  Evaluating Individual 14/20 ---- Generation: 15/15
Eval Fail: name 'hashlib' is not defined
  Evaluating Individual 15/20 ---- Generation: 15/15
Eval Fail: name 'hashlib' is not defined
  Evaluating Individual 16/20 ---- Generation: 15/15
Eval Fail: name 'hashlib' is not defined
  Evaluating Individual 17/20 ---- Generation: 15/15
Eval Fail: name 'hashlib' is not defined
  Evaluating Individual 18/20 ---- Generation: 15/15
Eval Fail: name 'hashlib' is not defined
  Evaluating Individual 19/20 ---- Generation: 15/15
Eval Fail: name 'hashlib' is not defined
  Evaluating Individual 20/20 ---- Generation: 15/15
Eval Fail: name 'hashlib' is not defined
[Best] Saved best model to /a/mm/ab/gpt/brute/ga/meta_evolution/best_fractal_model_cifar100.py
CRITICAL GA FAIL: name 'hashlib' is not defined
PEAK_ACCURACY: 0.0
META_SCORE: 0.0

[Meta] Median Top-3 Quality over 1 runs: 0.0000
[Meta] GPU cleanup attempted (gc + empty_cache)
   [RL] PENALTY: Zero Archive Novelty (Stagnation/Premature Convergence). Penalty: -2.0000
   [RL] Total Reward: -2.0000
--> FAILURE/REGRESSION. Skipping fine-tuning to encourage creativity.
[Meta] GPU cleanup attempted (gc + empty_cache)
--> Reverting File.
[Meta] ✗ Iteration 2 failed (regression or syntax error). Code reverted.

=== Iteration 3/5 — Evolving: select_competitor ===

[Meta] Evolving: select_competitor
--- [DEBUG] Input Code ---
### select_competitor ###
    def select_competitor(self, competitors):
        return max(competitors, key=lambda x: x['fitness'] if x['fitness'] is not None else -1)

-------------------------
[Meta] Generation Temperature: 0.80
--- [DEBUG] Raw Response ---
```python
def select_competitor(self, competitors):
    k = 5
    selected = random.sample(self.population, min(k, len(self.population)))
    return max(selected, key=lambda x: x['fitness'] if x['fitness'] is not None else -1)
```
--------------------------
[Meta] Runtime smoke test PASSED (all components validated).
[Meta] Benchmarking...

[Meta] Running Benchmark 1/1...
Skipping import of cpp extensions due to incompatible torch version 2.7.1+cu126 for torchao version 0.15.0+cu126             Please see https://github.com/pytorch/ao/issues/2919 for more info
Traceback (most recent call last):
  File "/a/mm/ab/gpt/brute/ga/meta_evolution/run_fractal_evolution_cifar100.py", line 263, in fitness_function
    model_checksum = uuid4(code_str)
                     ^^^^^^^^^^^^^^^
  File "/a/mm/ab/gpt/brute/ga/meta_evolution/run_fractal_evolution_cifar100.py", line 250, in uuid4
    return hashlib.md5(s.encode()).hexdigest()
           ^^^^^^^
NameError: name 'hashlib' is not defined. Did you forget to import 'hashlib'
Traceback (most recent call last):
  File "/a/mm/ab/gpt/brute/ga/meta_evolution/run_fractal_evolution_cifar100.py", line 263, in fitness_function
    model_checksum = uuid4(code_str)
                     ^^^^^^^^^^^^^^^
  File "/a/mm/ab/gpt/brute/ga/meta_evolution/run_fractal_evolution_cifar100.py", line 250, in uuid4
    return hashlib.md5(s.encode()).hexdigest()
           ^^^^^^^
NameError: name 'hashlib' is not defined. Did you forget to import 'hashlib'
Traceback (most recent call last):
  File "/a/mm/ab/gpt/brute/ga/meta_evolution/run_fractal_evolution_cifar100.py", line 263, in fitness_function
    model_checksum = uuid4(code_str)
                     ^^^^^^^^^^^^^^^
  File "/a/mm/ab/gpt/brute/ga/meta_evolution/run_fractal_evolution_cifar100.py", line 250, in uuid4
    return hashlib.md5(s.encode()).hexdigest()
           ^^^^^^^
NameError: name 'hashlib' is not defined. Did you forget to import 'hashlib'
Traceback (most recent call last):
  File "/a/mm/ab/gpt/brute/ga/meta_evolution/run_fractal_evolution_cifar100.py", line 263, in fitness_function
    model_checksum = uuid4(code_str)
                     ^^^^^^^^^^^^^^^
  File "/a/mm/ab/gpt/brute/ga/meta_evolution/run_fractal_evolution_cifar100.py", line 250, in uuid4
    return hashlib.md5(s.encode()).hexdigest()
           ^^^^^^^
NameError: name 'hashlib' is not defined. Did you forget to import 'hashlib'
Traceback (most recent call last):
  File "/a/mm/ab/gpt/brute/ga/meta_evolution/run_fractal_evolution_cifar100.py", line 263, in fitness_function
    model_checksum = uuid4(code_str)
                     ^^^^^^^^^^^^^^^
  File "/a/mm/ab/gpt/brute/ga/meta_evolution/run_fractal_evolution_cifar100.py", line 250, in uuid4
    return hashlib.md5(s.encode()).hexdigest()
           ^^^^^^^
NameError: name 'hashlib' is not defined. Did you forget to import 'hashlib'
Traceback (most recent call last):
  File "/a/mm/ab/gpt/brute/ga/meta_evolution/run_fractal_evolution_cifar100.py", line 263, in fitness_function
    model_checksum = uuid4(code_str)
                     ^^^^^^^^^^^^^^^
  File "/a/mm/ab/gpt/brute/ga/meta_evolution/run_fractal_evolution_cifar100.py", line 250, in uuid4
    return hashlib.md5(s.encode()).hexdigest()
           ^^^^^^^
NameError: name 'hashlib' is not defined. Did you forget to import 'hashlib'
Traceback (most recent call last):
  File "/a/mm/ab/gpt/brute/ga/meta_evolution/run_fractal_evolution_cifar100.py", line 263, in fitness_function
    model_checksum = uuid4(code_str)
                     ^^^^^^^^^^^^^^^
  File "/a/mm/ab/gpt/brute/ga/meta_evolution/run_fractal_evolution_cifar100.py", line 250, in uuid4
    return hashlib.md5(s.encode()).hexdigest()
           ^^^^^^^
NameError: name 'hashlib' is not defined. Did you forget to import 'hashlib'
Traceback (most recent call last):
  File "/a/mm/ab/gpt/brute/ga/meta_evolution/run_fractal_evolution_cifar100.py", line 263, in fitness_function
    model_checksum = uuid4(code_str)
                     ^^^^^^^^^^^^^^^
  File "/a/mm/ab/gpt/brute/ga/meta_evolution/run_fractal_evolution_cifar100.py", line 250, in uuid4
    return hashlib.md5(s.encode()).hexdigest()
           ^^^^^^^
NameError: name 'hashlib' is not defined. Did you forget to import 'hashlib'
Traceback (most recent call last):
  File "/a/mm/ab/gpt/brute/ga/meta_evolution/run_fractal_evolution_cifar100.py", line 263, in fitness_function
    model_checksum = uuid4(code_str)
                     ^^^^^^^^^^^^^^^
  File "/a/mm/ab/gpt/brute/ga/meta_evolution/run_fractal_evolution_cifar100.py", line 250, in uuid4
    return hashlib.md5(s.encode()).hexdigest()
           ^^^^^^^
NameError: name 'hashlib' is not defined. Did you forget to import 'hashlib'
Traceback (most recent call last):
  File "/a/mm/ab/gpt/brute/ga/meta_evolution/run_fractal_evolution_cifar100.py", line 263, in fitness_function
    model_checksum = uuid4(code_str)
                     ^^^^^^^^^^^^^^^
  File "/a/mm/ab/gpt/brute/ga/meta_evolution/run_fractal_evolution_cifar100.py", line 250, in uuid4
    return hashlib.md5(s.encode()).hexdigest()
           ^^^^^^^
NameError: name 'hashlib' is not defined. Did you forget to import 'hashlib'
Traceback (most recent call last):
  File "/a/mm/ab/gpt/brute/ga/meta_evolution/run_fractal_evolution_cifar100.py", line 263, in fitness_function
    model_checksum = uuid4(code_str)
                     ^^^^^^^^^^^^^^^
  File "/a/mm/ab/gpt/brute/ga/meta_evolution/run_fractal_evolution_cifar100.py", line 250, in uuid4
    return hashlib.md5(s.encode()).hexdigest()
           ^^^^^^^
NameError: name 'hashlib' is not defined. Did you forget to import 'hashlib'
Traceback (most recent call last):
  File "/a/mm/ab/gpt/brute/ga/meta_evolution/run_fractal_evolution_cifar100.py", line 263, in fitness_function
    model_checksum = uuid4(code_str)
                     ^^^^^^^^^^^^^^^
  File "/a/mm/ab/gpt/brute/ga/meta_evolution/run_fractal_evolution_cifar100.py", line 250, in uuid4
    return hashlib.md5(s.encode()).hexdigest()
           ^^^^^^^
NameError: name 'hashlib' is not defined. Did you forget to import 'hashlib'
Traceback (most recent call last):
  File "/a/mm/ab/gpt/brute/ga/meta_evolution/run_fractal_evolution_cifar100.py", line 263, in fitness_function
    model_checksum = uuid4(code_str)
                     ^^^^^^^^^^^^^^^
  File "/a/mm/ab/gpt/brute/ga/meta_evolution/run_fractal_evolution_cifar100.py", line 250, in uuid4
    return hashlib.md5(s.encode()).hexdigest()
           ^^^^^^^
NameError: name 'hashlib' is not defined. Did you forget to import 'hashlib'
Traceback (most recent call last):
  File "/a/mm/ab/gpt/brute/ga/meta_evolution/run_fractal_evolution_cifar100.py", line 263, in fitness_function
    model_checksum = uuid4(code_str)
                     ^^^^^^^^^^^^^^^
  File "/a/mm/ab/gpt/brute/ga/meta_evolution/run_fractal_evolution_cifar100.py", line 250, in uuid4
    return hashlib.md5(s.encode()).hexdigest()
           ^^^^^^^
NameError: name 'hashlib' is not defined. Did you forget to import 'hashlib'
Traceback (most recent call last):
  File "/a/mm/ab/gpt/brute/ga/meta_evolution/run_fractal_evolution_cifar100.py", line 263, in fitness_function
    model_checksum = uuid4(code_str)
                     ^^^^^^^^^^^^^^^
  File "/a/mm/ab/gpt/brute/ga/meta_evolution/run_fractal_evolution_cifar100.py", line 250, in uuid4
    return hashlib.md5(s.encode()).hexdigest()
           ^^^^^^^
NameError: name 'hashlib' is not defined. Did you forget to import 'hashlib'
Traceback (most recent call last):
  File "/a/mm/ab/gpt/brute/ga/meta_evolution/run_fractal_evolution_cifar100.py", line 263, in fitness_function
    model_checksum = uuid4(code_str)
                     ^^^^^^^^^^^^^^^
  File "/a/mm/ab/gpt/brute/ga/meta_evolution/run_fractal_evolution_cifar100.py", line 250, in uuid4
    return hashlib.md5(s.encode()).hexdigest()
           ^^^^^^^
NameError: name 'hashlib' is not defined. Did you forget to import 'hashlib'
Traceback (most recent call last):
  File "/a/mm/ab/gpt/brute/ga/meta_evolution/run_fractal_evolution_cifar100.py", line 263, in fitness_function
    model_checksum = uuid4(code_str)
                     ^^^^^^^^^^^^^^^
  File "/a/mm/ab/gpt/brute/ga/meta_evolution/run_fractal_evolution_cifar100.py", line 250, in uuid4
    return hashlib.md5(s.encode()).hexdigest()
           ^^^^^^^
NameError: name 'hashlib' is not defined. Did you forget to import 'hashlib'
Traceback (most recent call last):
  File "/a/mm/ab/gpt/brute/ga/meta_evolution/run_fractal_evolution_cifar100.py", line 263, in fitness_function
    model_checksum = uuid4(code_str)
                     ^^^^^^^^^^^^^^^
  File "/a/mm/ab/gpt/brute/ga/meta_evolution/run_fractal_evolution_cifar100.py", line 250, in uuid4
    return hashlib.md5(s.encode()).hexdigest()
           ^^^^^^^
NameError: name 'hashlib' is not defined. Did you forget to import 'hashlib'
Traceback (most recent call last):
  File "/a/mm/ab/gpt/brute/ga/meta_evolution/run_fractal_evolution_cifar100.py", line 263, in fitness_function
    model_checksum = uuid4(code_str)
                     ^^^^^^^^^^^^^^^
  File "/a/mm/ab/gpt/brute/ga/meta_evolution/run_fractal_evolution_cifar100.py", line 250, in uuid4
    return hashlib.md5(s.encode()).hexdigest()
           ^^^^^^^
NameError: name 'hashlib' is not defined. Did you forget to import 'hashlib'
Traceback (most recent call last):
  File "/a/mm/ab/gpt/brute/ga/meta_evolution/run_fractal_evolution_cifar100.py", line 263, in fitness_function
    model_checksum = uuid4(code_str)
                     ^^^^^^^^^^^^^^^
  File "/a/mm/ab/gpt/brute/ga/meta_evolution/run_fractal_evolution_cifar100.py", line 250, in uuid4
    return hashlib.md5(s.encode()).hexdigest()
           ^^^^^^^
NameError: name 'hashlib' is not defined. Did you forget to import 'hashlib'
Traceback (most recent call last):
  File "/a/mm/ab/gpt/brute/ga/meta_evolution/run_fractal_evolution_cifar100.py", line 263, in fitness_function
    model_checksum = uuid4(code_str)
                     ^^^^^^^^^^^^^^^
  File "/a/mm/ab/gpt/brute/ga/meta_evolution/run_fractal_evolution_cifar100.py", line 250, in uuid4
    return hashlib.md5(s.encode()).hexdigest()
           ^^^^^^^
NameError: name 'hashlib' is not defined. Did you forget to import 'hashlib'
Traceback (most recent call last):
  File "/a/mm/ab/gpt/brute/ga/meta_evolution/run_fractal_evolution_cifar100.py", line 263, in fitness_function
    model_checksum = uuid4(code_str)
                     ^^^^^^^^^^^^^^^
  File "/a/mm/ab/gpt/brute/ga/meta_evolution/run_fractal_evolution_cifar100.py", line 250, in uuid4
    return hashlib.md5(s.encode()).hexdigest()
           ^^^^^^^
NameError: name 'hashlib' is not defined. Did you forget to import 'hashlib'
Traceback (most recent call last):
  File "/a/mm/ab/gpt/brute/ga/meta_evolution/run_fractal_evolution_cifar100.py", line 263, in fitness_function
    model_checksum = uuid4(code_str)
                     ^^^^^^^^^^^^^^^
  File "/a/mm/ab/gpt/brute/ga/meta_evolution/run_fractal_evolution_cifar100.py", line 250, in uuid4
    return hashlib.md5(s.encode()).hexdigest()
           ^^^^^^^
NameError: name 'hashlib' is not defined. Did you forget to import 'hashlib'
Traceback (most recent call last):
  File "/a/mm/ab/gpt/brute/ga/meta_evolution/run_fractal_evolution_cifar100.py", line 263, in fitness_function
    model_checksum = uuid4(code_str)
                     ^^^^^^^^^^^^^^^
  File "/a/mm/ab/gpt/brute/ga/meta_evolution/run_fractal_evolution_cifar100.py", line 250, in uuid4
    return hashlib.md5(s.encode()).hexdigest()
           ^^^^^^^
NameError: name 'hashlib' is not defined. Did you forget to import 'hashlib'
Traceback (most recent call last):
  File "/a/mm/ab/gpt/brute/ga/meta_evolution/run_fractal_evolution_cifar100.py", line 263, in fitness_function
    model_checksum = uuid4(code_str)
                     ^^^^^^^^^^^^^^^
  File "/a/mm/ab/gpt/brute/ga/meta_evolution/run_fractal_evolution_cifar100.py", line 250, in uuid4
    return hashlib.md5(s.encode()).hexdigest()
           ^^^^^^^
NameError: name 'hashlib' is not defined. Did you forget to import 'hashlib'
Traceback (most recent call last):
  File "/a/mm/ab/gpt/brute/ga/meta_evolution/run_fractal_evolution_cifar100.py", line 263, in fitness_function
    model_checksum = uuid4(code_str)
                     ^^^^^^^^^^^^^^^
  File "/a/mm/ab/gpt/brute/ga/meta_evolution/run_fractal_evolution_cifar100.py", line 250, in uuid4
    return hashlib.md5(s.encode()).hexdigest()
           ^^^^^^^
NameError: name 'hashlib' is not defined. Did you forget to import 'hashlib'
Traceback (most recent call last):
  File "/a/mm/ab/gpt/brute/ga/meta_evolution/run_fractal_evolution_cifar100.py", line 263, in fitness_function
    model_checksum = uuid4(code_str)
                     ^^^^^^^^^^^^^^^
  File "/a/mm/ab/gpt/brute/ga/meta_evolution/run_fractal_evolution_cifar100.py", line 250, in uuid4
    return hashlib.md5(s.encode()).hexdigest()
           ^^^^^^^
NameError: name 'hashlib' is not defined. Did you forget to import 'hashlib'
Traceback (most recent call last):
  File "/a/mm/ab/gpt/brute/ga/meta_evolution/run_fractal_evolution_cifar100.py", line 263, in fitness_function
    model_checksum = uuid4(code_str)
                     ^^^^^^^^^^^^^^^
  File "/a/mm/ab/gpt/brute/ga/meta_evolution/run_fractal_evolution_cifar100.py", line 250, in uuid4
    return hashlib.md5(s.encode()).hexdigest()
           ^^^^^^^
NameError: name 'hashlib' is not defined. Did you forget to import 'hashlib'
Traceback (most recent call last):
  File "/a/mm/ab/gpt/brute/ga/meta_evolution/run_fractal_evolution_cifar100.py", line 263, in fitness_function
    model_checksum = uuid4(code_str)
                     ^^^^^^^^^^^^^^^
  File "/a/mm/ab/gpt/brute/ga/meta_evolution/run_fractal_evolution_cifar100.py", line 250, in uuid4
    return hashlib.md5(s.encode()).hexdigest()
           ^^^^^^^
NameError: name 'hashlib' is not defined. Did you forget to import 'hashlib'
Traceback (most recent call last):
  File "/a/mm/ab/gpt/brute/ga/meta_evolution/run_fractal_evolution_cifar100.py", line 263, in fitness_function
    model_checksum = uuid4(code_str)
                     ^^^^^^^^^^^^^^^
  File "/a/mm/ab/gpt/brute/ga/meta_evolution/run_fractal_evolution_cifar100.py", line 250, in uuid4
    return hashlib.md5(s.encode()).hexdigest()
           ^^^^^^^
NameError: name 'hashlib' is not defined. Did you forget to import 'hashlib'
Traceback (most recent call last):
  File "/a/mm/ab/gpt/brute/ga/meta_evolution/run_fractal_evolution_cifar100.py", line 263, in fitness_function
    model_checksum = uuid4(code_str)
                     ^^^^^^^^^^^^^^^
  File "/a/mm/ab/gpt/brute/ga/meta_evolution/run_fractal_evolution_cifar100.py", line 250, in uuid4
    return hashlib.md5(s.encode()).hexdigest()
           ^^^^^^^
NameError: name 'hashlib' is not defined. Did you forget to import 'hashlib'
Traceback (most recent call last):
  File "/a/mm/ab/gpt/brute/ga/meta_evolution/run_fractal_evolution_cifar100.py", line 263, in fitness_function
    model_checksum = uuid4(code_str)
                     ^^^^^^^^^^^^^^^
  File "/a/mm/ab/gpt/brute/ga/meta_evolution/run_fractal_evolution_cifar100.py", line 250, in uuid4
    return hashlib.md5(s.encode()).hexdigest()
           ^^^^^^^
NameError: name 'hashlib' is not defined. Did you forget to import 'hashlib'
Traceback (most recent call last):
  File "/a/mm/ab/gpt/brute/ga/meta_evolution/run_fractal_evolution_cifar100.py", line 263, in fitness_function
    model_checksum = uuid4(code_str)
                     ^^^^^^^^^^^^^^^
  File "/a/mm/ab/gpt/brute/ga/meta_evolution/run_fractal_evolution_cifar100.py", line 250, in uuid4
    return hashlib.md5(s.encode()).hexdigest()
           ^^^^^^^
NameError: name 'hashlib' is not defined. Did you forget to import 'hashlib'
Traceback (most recent call last):
  File "/a/mm/ab/gpt/brute/ga/meta_evolution/run_fractal_evolution_cifar100.py", line 263, in fitness_function
    model_checksum = uuid4(code_str)
                     ^^^^^^^^^^^^^^^
  File "/a/mm/ab/gpt/brute/ga/meta_evolution/run_fractal_evolution_cifar100.py", line 250, in uuid4
    return hashlib.md5(s.encode()).hexdigest()
           ^^^^^^^
NameError: name 'hashlib' is not defined. Did you forget to import 'hashlib'
Traceback (most recent call last):
  File "/a/mm/ab/gpt/brute/ga/meta_evolution/run_fractal_evolution_cifar100.py", line 263, in fitness_function
    model_checksum = uuid4(code_str)
                     ^^^^^^^^^^^^^^^
  File "/a/mm/ab/gpt/brute/ga/meta_evolution/run_fractal_evolution_cifar100.py", line 250, in uuid4
    return hashlib.md5(s.encode()).hexdigest()
           ^^^^^^^
NameError: name 'hashlib' is not defined. Did you forget to import 'hashlib'
Traceback (most recent call last):
  File "/a/mm/ab/gpt/brute/ga/meta_evolution/run_fractal_evolution_cifar100.py", line 263, in fitness_function
    model_checksum = uuid4(code_str)
                     ^^^^^^^^^^^^^^^
  File "/a/mm/ab/gpt/brute/ga/meta_evolution/run_fractal_evolution_cifar100.py", line 250, in uuid4
    return hashlib.md5(s.encode()).hexdigest()
           ^^^^^^^
NameError: name 'hashlib' is not defined. Did you forget to import 'hashlib'
Traceback (most recent call last):
  File "/a/mm/ab/gpt/brute/ga/meta_evolution/run_fractal_evolution_cifar100.py", line 263, in fitness_function
    model_checksum = uuid4(code_str)
                     ^^^^^^^^^^^^^^^
  File "/a/mm/ab/gpt/brute/ga/meta_evolution/run_fractal_evolution_cifar100.py", line 250, in uuid4
    return hashlib.md5(s.encode()).hexdigest()
           ^^^^^^^
NameError: name 'hashlib' is not defined. Did you forget to import 'hashlib'
Traceback (most recent call last):
  File "/a/mm/ab/gpt/brute/ga/meta_evolution/run_fractal_evolution_cifar100.py", line 263, in fitness_function
    model_checksum = uuid4(code_str)
                     ^^^^^^^^^^^^^^^
  File "/a/mm/ab/gpt/brute/ga/meta_evolution/run_fractal_evolution_cifar100.py", line 250, in uuid4
    return hashlib.md5(s.encode()).hexdigest()
           ^^^^^^^
NameError: name 'hashlib' is not defined. Did you forget to import 'hashlib'
Traceback (most recent call last):
  File "/a/mm/ab/gpt/brute/ga/meta_evolution/run_fractal_evolution_cifar100.py", line 263, in fitness_function
    model_checksum = uuid4(code_str)
                     ^^^^^^^^^^^^^^^
  File "/a/mm/ab/gpt/brute/ga/meta_evolution/run_fractal_evolution_cifar100.py", line 250, in uuid4
    return hashlib.md5(s.encode()).hexdigest()
           ^^^^^^^
NameError: name 'hashlib' is not defined. Did you forget to import 'hashlib'
Traceback (most recent call last):
  File "/a/mm/ab/gpt/brute/ga/meta_evolution/run_fractal_evolution_cifar100.py", line 263, in fitness_function
    model_checksum = uuid4(code_str)
                     ^^^^^^^^^^^^^^^
  File "/a/mm/ab/gpt/brute/ga/meta_evolution/run_fractal_evolution_cifar100.py", line 250, in uuid4
    return hashlib.md5(s.encode()).hexdigest()
           ^^^^^^^
NameError: name 'hashlib' is not defined. Did you forget to import 'hashlib'
Traceback (most recent call last):
  File "/a/mm/ab/gpt/brute/ga/meta_evolution/run_fractal_evolution_cifar100.py", line 263, in fitness_function
    model_checksum = uuid4(code_str)
                     ^^^^^^^^^^^^^^^
  File "/a/mm/ab/gpt/brute/ga/meta_evolution/run_fractal_evolution_cifar100.py", line 250, in uuid4
    return hashlib.md5(s.encode()).hexdigest()
           ^^^^^^^
NameError: name 'hashlib' is not defined. Did you forget to import 'hashlib'
Traceback (most recent call last):
  File "/a/mm/ab/gpt/brute/ga/meta_evolution/run_fractal_evolution_cifar100.py", line 263, in fitness_function
    model_checksum = uuid4(code_str)
                     ^^^^^^^^^^^^^^^
  File "/a/mm/ab/gpt/brute/ga/meta_evolution/run_fractal_evolution_cifar100.py", line 250, in uuid4
    return hashlib.md5(s.encode()).hexdigest()
           ^^^^^^^
NameError: name 'hashlib' is not defined. Did you forget to import 'hashlib'
Traceback (most recent call last):
  File "/a/mm/ab/gpt/brute/ga/meta_evolution/run_fractal_evolution_cifar100.py", line 263, in fitness_function
    model_checksum = uuid4(code_str)
                     ^^^^^^^^^^^^^^^
  File "/a/mm/ab/gpt/brute/ga/meta_evolution/run_fractal_evolution_cifar100.py", line 250, in uuid4
    return hashlib.md5(s.encode()).hexdigest()
           ^^^^^^^
NameError: name 'hashlib' is not defined. Did you forget to import 'hashlib'
Traceback (most recent call last):
  File "/a/mm/ab/gpt/brute/ga/meta_evolution/run_fractal_evolution_cifar100.py", line 263, in fitness_function
    model_checksum = uuid4(code_str)
                     ^^^^^^^^^^^^^^^
  File "/a/mm/ab/gpt/brute/ga/meta_evolution/run_fractal_evolution_cifar100.py", line 250, in uuid4
    return hashlib.md5(s.encode()).hexdigest()
           ^^^^^^^
NameError: name 'hashlib' is not defined. Did you forget to import 'hashlib'
Traceback (most recent call last):
  File "/a/mm/ab/gpt/brute/ga/meta_evolution/run_fractal_evolution_cifar100.py", line 263, in fitness_function
    model_checksum = uuid4(code_str)
                     ^^^^^^^^^^^^^^^
  File "/a/mm/ab/gpt/brute/ga/meta_evolution/run_fractal_evolution_cifar100.py", line 250, in uuid4
    return hashlib.md5(s.encode()).hexdigest()
           ^^^^^^^
NameError: name 'hashlib' is not defined. Did you forget to import 'hashlib'
Traceback (most recent call last):
  File "/a/mm/ab/gpt/brute/ga/meta_evolution/run_fractal_evolution_cifar100.py", line 263, in fitness_function
    model_checksum = uuid4(code_str)
                     ^^^^^^^^^^^^^^^
  File "/a/mm/ab/gpt/brute/ga/meta_evolution/run_fractal_evolution_cifar100.py", line 250, in uuid4
    return hashlib.md5(s.encode()).hexdigest()
           ^^^^^^^
NameError: name 'hashlib' is not defined. Did you forget to import 'hashlib'
Traceback (most recent call last):
  File "/a/mm/ab/gpt/brute/ga/meta_evolution/run_fractal_evolution_cifar100.py", line 263, in fitness_function
    model_checksum = uuid4(code_str)
                     ^^^^^^^^^^^^^^^
  File "/a/mm/ab/gpt/brute/ga/meta_evolution/run_fractal_evolution_cifar100.py", line 250, in uuid4
    return hashlib.md5(s.encode()).hexdigest()
           ^^^^^^^
NameError: name 'hashlib' is not defined. Did you forget to import 'hashlib'
Traceback (most recent call last):
  File "/a/mm/ab/gpt/brute/ga/meta_evolution/run_fractal_evolution_cifar100.py", line 263, in fitness_function
    model_checksum = uuid4(code_str)
                     ^^^^^^^^^^^^^^^
  File "/a/mm/ab/gpt/brute/ga/meta_evolution/run_fractal_evolution_cifar100.py", line 250, in uuid4
    return hashlib.md5(s.encode()).hexdigest()
           ^^^^^^^
NameError: name 'hashlib' is not defined. Did you forget to import 'hashlib'
Traceback (most recent call last):
  File "/a/mm/ab/gpt/brute/ga/meta_evolution/run_fractal_evolution_cifar100.py", line 263, in fitness_function
    model_checksum = uuid4(code_str)
                     ^^^^^^^^^^^^^^^
  File "/a/mm/ab/gpt/brute/ga/meta_evolution/run_fractal_evolution_cifar100.py", line 250, in uuid4
    return hashlib.md5(s.encode()).hexdigest()
           ^^^^^^^
NameError: name 'hashlib' is not defined. Did you forget to import 'hashlib'
Traceback (most recent call last):
  File "/a/mm/ab/gpt/brute/ga/meta_evolution/run_fractal_evolution_cifar100.py", line 263, in fitness_function
    model_checksum = uuid4(code_str)
                     ^^^^^^^^^^^^^^^
  File "/a/mm/ab/gpt/brute/ga/meta_evolution/run_fractal_evolution_cifar100.py", line 250, in uuid4
    return hashlib.md5(s.encode()).hexdigest()
           ^^^^^^^
NameError: name 'hashlib' is not defined. Did you forget to import 'hashlib'
Traceback (most recent call last):
  File "/a/mm/ab/gpt/brute/ga/meta_evolution/run_fractal_evolution_cifar100.py", line 263, in fitness_function
    model_checksum = uuid4(code_str)
                     ^^^^^^^^^^^^^^^
  File "/a/mm/ab/gpt/brute/ga/meta_evolution/run_fractal_evolution_cifar100.py", line 250, in uuid4
    return hashlib.md5(s.encode()).hexdigest()
           ^^^^^^^
NameError: name 'hashlib' is not defined. Did you forget to import 'hashlib'
Traceback (most recent call last):
  File "/a/mm/ab/gpt/brute/ga/meta_evolution/run_fractal_evolution_cifar100.py", line 263, in fitness_function
    model_checksum = uuid4(code_str)
                     ^^^^^^^^^^^^^^^
  File "/a/mm/ab/gpt/brute/ga/meta_evolution/run_fractal_evolution_cifar100.py", line 250, in uuid4
    return hashlib.md5(s.encode()).hexdigest()
           ^^^^^^^
NameError: name 'hashlib' is not defined. Did you forget to import 'hashlib'
Traceback (most recent call last):
  File "/a/mm/ab/gpt/brute/ga/meta_evolution/run_fractal_evolution_cifar100.py", line 263, in fitness_function
    model_checksum = uuid4(code_str)
                     ^^^^^^^^^^^^^^^
  File "/a/mm/ab/gpt/brute/ga/meta_evolution/run_fractal_evolution_cifar100.py", line 250, in uuid4
    return hashlib.md5(s.encode()).hexdigest()
           ^^^^^^^
NameError: name 'hashlib' is not defined. Did you forget to import 'hashlib'
Traceback (most recent call last):
  File "/a/mm/ab/gpt/brute/ga/meta_evolution/run_fractal_evolution_cifar100.py", line 263, in fitness_function
    model_checksum = uuid4(code_str)
                     ^^^^^^^^^^^^^^^
  File "/a/mm/ab/gpt/brute/ga/meta_evolution/run_fractal_evolution_cifar100.py", line 250, in uuid4
    return hashlib.md5(s.encode()).hexdigest()
           ^^^^^^^
NameError: name 'hashlib' is not defined. Did you forget to import 'hashlib'
Traceback (most recent call last):
  File "/a/mm/ab/gpt/brute/ga/meta_evolution/run_fractal_evolution_cifar100.py", line 263, in fitness_function
    model_checksum = uuid4(code_str)
                     ^^^^^^^^^^^^^^^
  File "/a/mm/ab/gpt/brute/ga/meta_evolution/run_fractal_evolution_cifar100.py", line 250, in uuid4
    return hashlib.md5(s.encode()).hexdigest()
           ^^^^^^^
NameError: name 'hashlib' is not defined. Did you forget to import 'hashlib'
Traceback (most recent call last):
  File "/a/mm/ab/gpt/brute/ga/meta_evolution/run_fractal_evolution_cifar100.py", line 263, in fitness_function
    model_checksum = uuid4(code_str)
                     ^^^^^^^^^^^^^^^
  File "/a/mm/ab/gpt/brute/ga/meta_evolution/run_fractal_evolution_cifar100.py", line 250, in uuid4
    return hashlib.md5(s.encode()).hexdigest()
           ^^^^^^^
NameError: name 'hashlib' is not defined. Did you forget to import 'hashlib'
Traceback (most recent call last):
  File "/a/mm/ab/gpt/brute/ga/meta_evolution/run_fractal_evolution_cifar100.py", line 263, in fitness_function
    model_checksum = uuid4(code_str)
                     ^^^^^^^^^^^^^^^
  File "/a/mm/ab/gpt/brute/ga/meta_evolution/run_fractal_evolution_cifar100.py", line 250, in uuid4
    return hashlib.md5(s.encode()).hexdigest()
           ^^^^^^^
NameError: name 'hashlib' is not defined. Did you forget to import 'hashlib'
Traceback (most recent call last):
  File "/a/mm/ab/gpt/brute/ga/meta_evolution/run_fractal_evolution_cifar100.py", line 263, in fitness_function
    model_checksum = uuid4(code_str)
                     ^^^^^^^^^^^^^^^
  File "/a/mm/ab/gpt/brute/ga/meta_evolution/run_fractal_evolution_cifar100.py", line 250, in uuid4
    return hashlib.md5(s.encode()).hexdigest()
           ^^^^^^^
NameError: name 'hashlib' is not defined. Did you forget to import 'hashlib'
Traceback (most recent call last):
  File "/a/mm/ab/gpt/brute/ga/meta_evolution/run_fractal_evolution_cifar100.py", line 263, in fitness_function
    model_checksum = uuid4(code_str)
                     ^^^^^^^^^^^^^^^
  File "/a/mm/ab/gpt/brute/ga/meta_evolution/run_fractal_evolution_cifar100.py", line 250, in uuid4
    return hashlib.md5(s.encode()).hexdigest()
           ^^^^^^^
NameError: name 'hashlib' is not defined. Did you forget to import 'hashlib'
Traceback (most recent call last):
  File "/a/mm/ab/gpt/brute/ga/meta_evolution/run_fractal_evolution_cifar100.py", line 263, in fitness_function
    model_checksum = uuid4(code_str)
                     ^^^^^^^^^^^^^^^
  File "/a/mm/ab/gpt/brute/ga/meta_evolution/run_fractal_evolution_cifar100.py", line 250, in uuid4
    return hashlib.md5(s.encode()).hexdigest()
           ^^^^^^^
NameError: name 'hashlib' is not defined. Did you forget to import 'hashlib'
Traceback (most recent call last):
  File "/a/mm/ab/gpt/brute/ga/meta_evolution/run_fractal_evolution_cifar100.py", line 263, in fitness_function
    model_checksum = uuid4(code_str)
                     ^^^^^^^^^^^^^^^
  File "/a/mm/ab/gpt/brute/ga/meta_evolution/run_fractal_evolution_cifar100.py", line 250, in uuid4
    return hashlib.md5(s.encode()).hexdigest()
           ^^^^^^^
NameError: name 'hashlib' is not defined. Did you forget to import 'hashlib'
Traceback (most recent call last):
  File "/a/mm/ab/gpt/brute/ga/meta_evolution/run_fractal_evolution_cifar100.py", line 263, in fitness_function
    model_checksum = uuid4(code_str)
                     ^^^^^^^^^^^^^^^
  File "/a/mm/ab/gpt/brute/ga/meta_evolution/run_fractal_evolution_cifar100.py", line 250, in uuid4
    return hashlib.md5(s.encode()).hexdigest()
           ^^^^^^^
NameError: name 'hashlib' is not defined. Did you forget to import 'hashlib'
Traceback (most recent call last):
  File "/a/mm/ab/gpt/brute/ga/meta_evolution/run_fractal_evolution_cifar100.py", line 263, in fitness_function
    model_checksum = uuid4(code_str)
                     ^^^^^^^^^^^^^^^
  File "/a/mm/ab/gpt/brute/ga/meta_evolution/run_fractal_evolution_cifar100.py", line 250, in uuid4
    return hashlib.md5(s.encode()).hexdigest()
           ^^^^^^^
NameError: name 'hashlib' is not defined. Did you forget to import 'hashlib'
Traceback (most recent call last):
  File "/a/mm/ab/gpt/brute/ga/meta_evolution/run_fractal_evolution_cifar100.py", line 263, in fitness_function
    model_checksum = uuid4(code_str)
                     ^^^^^^^^^^^^^^^
  File "/a/mm/ab/gpt/brute/ga/meta_evolution/run_fractal_evolution_cifar100.py", line 250, in uuid4
    return hashlib.md5(s.encode()).hexdigest()
           ^^^^^^^
NameError: name 'hashlib' is not defined. Did you forget to import 'hashlib'
Traceback (most recent call last):
  File "/a/mm/ab/gpt/brute/ga/meta_evolution/run_fractal_evolution_cifar100.py", line 263, in fitness_function
    model_checksum = uuid4(code_str)
                     ^^^^^^^^^^^^^^^
  File "/a/mm/ab/gpt/brute/ga/meta_evolution/run_fractal_evolution_cifar100.py", line 250, in uuid4
    return hashlib.md5(s.encode()).hexdigest()
           ^^^^^^^
NameError: name 'hashlib' is not defined. Did you forget to import 'hashlib'
Traceback (most recent call last):
  File "/a/mm/ab/gpt/brute/ga/meta_evolution/run_fractal_evolution_cifar100.py", line 263, in fitness_function
    model_checksum = uuid4(code_str)
                     ^^^^^^^^^^^^^^^
  File "/a/mm/ab/gpt/brute/ga/meta_evolution/run_fractal_evolution_cifar100.py", line 250, in uuid4
    return hashlib.md5(s.encode()).hexdigest()
           ^^^^^^^
NameError: name 'hashlib' is not defined. Did you forget to import 'hashlib'
Traceback (most recent call last):
  File "/a/mm/ab/gpt/brute/ga/meta_evolution/run_fractal_evolution_cifar100.py", line 263, in fitness_function
    model_checksum = uuid4(code_str)
                     ^^^^^^^^^^^^^^^
  File "/a/mm/ab/gpt/brute/ga/meta_evolution/run_fractal_evolution_cifar100.py", line 250, in uuid4
    return hashlib.md5(s.encode()).hexdigest()
           ^^^^^^^
NameError: name 'hashlib' is not defined. Did you forget to import 'hashlib'
Traceback (most recent call last):
  File "/a/mm/ab/gpt/brute/ga/meta_evolution/run_fractal_evolution_cifar100.py", line 263, in fitness_function
    model_checksum = uuid4(code_str)
                     ^^^^^^^^^^^^^^^
  File "/a/mm/ab/gpt/brute/ga/meta_evolution/run_fractal_evolution_cifar100.py", line 250, in uuid4
    return hashlib.md5(s.encode()).hexdigest()
           ^^^^^^^
NameError: name 'hashlib' is not defined. Did you forget to import 'hashlib'
Traceback (most recent call last):
  File "/a/mm/ab/gpt/brute/ga/meta_evolution/run_fractal_evolution_cifar100.py", line 263, in fitness_function
    model_checksum = uuid4(code_str)
                     ^^^^^^^^^^^^^^^
  File "/a/mm/ab/gpt/brute/ga/meta_evolution/run_fractal_evolution_cifar100.py", line 250, in uuid4
    return hashlib.md5(s.encode()).hexdigest()
           ^^^^^^^
NameError: name 'hashlib' is not defined. Did you forget to import 'hashlib'
Traceback (most recent call last):
  File "/a/mm/ab/gpt/brute/ga/meta_evolution/run_fractal_evolution_cifar100.py", line 263, in fitness_function
    model_checksum = uuid4(code_str)
                     ^^^^^^^^^^^^^^^
  File "/a/mm/ab/gpt/brute/ga/meta_evolution/run_fractal_evolution_cifar100.py", line 250, in uuid4
    return hashlib.md5(s.encode()).hexdigest()
           ^^^^^^^
NameError: name 'hashlib' is not defined. Did you forget to import 'hashlib'
Traceback (most recent call last):
  File "/a/mm/ab/gpt/brute/ga/meta_evolution/run_fractal_evolution_cifar100.py", line 263, in fitness_function
    model_checksum = uuid4(code_str)
                     ^^^^^^^^^^^^^^^
  File "/a/mm/ab/gpt/brute/ga/meta_evolution/run_fractal_evolution_cifar100.py", line 250, in uuid4
    return hashlib.md5(s.encode()).hexdigest()
           ^^^^^^^
NameError: name 'hashlib' is not defined. Did you forget to import 'hashlib'
Traceback (most recent call last):
  File "/a/mm/ab/gpt/brute/ga/meta_evolution/run_fractal_evolution_cifar100.py", line 263, in fitness_function
    model_checksum = uuid4(code_str)
                     ^^^^^^^^^^^^^^^
  File "/a/mm/ab/gpt/brute/ga/meta_evolution/run_fractal_evolution_cifar100.py", line 250, in uuid4
    return hashlib.md5(s.encode()).hexdigest()
           ^^^^^^^
NameError: name 'hashlib' is not defined. Did you forget to import 'hashlib'
Traceback (most recent call last):
  File "/a/mm/ab/gpt/brute/ga/meta_evolution/run_fractal_evolution_cifar100.py", line 263, in fitness_function
    model_checksum = uuid4(code_str)
                     ^^^^^^^^^^^^^^^
  File "/a/mm/ab/gpt/brute/ga/meta_evolution/run_fractal_evolution_cifar100.py", line 250, in uuid4
    return hashlib.md5(s.encode()).hexdigest()
           ^^^^^^^
NameError: name 'hashlib' is not defined. Did you forget to import 'hashlib'
Traceback (most recent call last):
  File "/a/mm/ab/gpt/brute/ga/meta_evolution/run_fractal_evolution_cifar100.py", line 263, in fitness_function
    model_checksum = uuid4(code_str)
                     ^^^^^^^^^^^^^^^
  File "/a/mm/ab/gpt/brute/ga/meta_evolution/run_fractal_evolution_cifar100.py", line 250, in uuid4
    return hashlib.md5(s.encode()).hexdigest()
           ^^^^^^^
NameError: name 'hashlib' is not defined. Did you forget to import 'hashlib'
Traceback (most recent call last):
  File "/a/mm/ab/gpt/brute/ga/meta_evolution/run_fractal_evolution_cifar100.py", line 263, in fitness_function
    model_checksum = uuid4(code_str)
                     ^^^^^^^^^^^^^^^
  File "/a/mm/ab/gpt/brute/ga/meta_evolution/run_fractal_evolution_cifar100.py", line 250, in uuid4
    return hashlib.md5(s.encode()).hexdigest()
           ^^^^^^^
NameError: name 'hashlib' is not defined. Did you forget to import 'hashlib'
Traceback (most recent call last):
  File "/a/mm/ab/gpt/brute/ga/meta_evolution/run_fractal_evolution_cifar100.py", line 547, in <module>
    best_checksum = uuid4(best_code)
                    ^^^^^^^^^^^^^^^^
  File "/a/mm/ab/gpt/brute/ga/meta_evolution/run_fractal_evolution_cifar100.py", line 250, in uuid4
    return hashlib.md5(s.encode()).hexdigest()
           ^^^^^^^
NameError: name 'hashlib' is not defined. Did you forget to import 'hashlib'
LEMUR root /a/mm
[Init] Loaded 2889 existing checksums from stats/ (skipping duplicates)
[Run] Continuing evolution from gen 15 to 20


 >>> GENERATION 16 <<<

  Evaluating Individual 6/20 ---- Generation: 16/20
Eval Fail: name 'hashlib' is not defined
  [Archive] Cell (4, 16) updated with fitness: 0.0000
  Evaluating Individual 7/20 ---- Generation: 16/20
Eval Fail: name 'hashlib' is not defined
  [Archive] Cell (2, 64) updated with fitness: 0.0000
  Evaluating Individual 8/20 ---- Generation: 16/20
Eval Fail: name 'hashlib' is not defined
  Evaluating Individual 9/20 ---- Generation: 16/20
Eval Fail: name 'hashlib' is not defined
  Evaluating Individual 10/20 ---- Generation: 16/20
Eval Fail: name 'hashlib' is not defined
  Evaluating Individual 11/20 ---- Generation: 16/20
Eval Fail: name 'hashlib' is not defined
  Evaluating Individual 12/20 ---- Generation: 16/20
Eval Fail: name 'hashlib' is not defined
  [Archive] Cell (3, 16) updated with fitness: 0.0000
  Evaluating Individual 13/20 ---- Generation: 16/20
Eval Fail: name 'hashlib' is not defined
  [Archive] Cell (4, 32) updated with fitness: 0.0000
  Evaluating Individual 14/20 ---- Generation: 16/20
Eval Fail: name 'hashlib' is not defined
  Evaluating Individual 15/20 ---- Generation: 16/20
Eval Fail: name 'hashlib' is not defined
  Evaluating Individual 16/20 ---- Generation: 16/20
Eval Fail: name 'hashlib' is not defined
  Evaluating Individual 17/20 ---- Generation: 16/20
Eval Fail: name 'hashlib' is not defined
  Evaluating Individual 18/20 ---- Generation: 16/20
Eval Fail: name 'hashlib' is not defined
  Evaluating Individual 19/20 ---- Generation: 16/20
Eval Fail: name 'hashlib' is not defined
  Evaluating Individual 20/20 ---- Generation: 16/20
Eval Fail: name 'hashlib' is not defined


 >>> GENERATION 17 <<<

  Evaluating Individual 6/20 ---- Generation: 17/20
Eval Fail: name 'hashlib' is not defined
  Evaluating Individual 7/20 ---- Generation: 17/20
Eval Fail: name 'hashlib' is not defined
  [Archive] Cell (3, 64) updated with fitness: 0.0000
  Evaluating Individual 8/20 ---- Generation: 17/20
Eval Fail: name 'hashlib' is not defined
  [Archive] Cell (2, 32) updated with fitness: 0.0000
  Evaluating Individual 9/20 ---- Generation: 17/20
Eval Fail: name 'hashlib' is not defined
  [Archive] Cell (4, 64) updated with fitness: 0.0000
  Evaluating Individual 10/20 ---- Generation: 17/20
Eval Fail: name 'hashlib' is not defined
  [Archive] Cell (2, 16) updated with fitness: 0.0000
  Evaluating Individual 11/20 ---- Generation: 17/20
Eval Fail: name 'hashlib' is not defined
  Evaluating Individual 12/20 ---- Generation: 17/20
Eval Fail: name 'hashlib' is not defined
  Evaluating Individual 13/20 ---- Generation: 17/20
Eval Fail: name 'hashlib' is not defined
  Evaluating Individual 14/20 ---- Generation: 17/20
Eval Fail: name 'hashlib' is not defined
  Evaluating Individual 15/20 ---- Generation: 17/20
Eval Fail: name 'hashlib' is not defined
  Evaluating Individual 16/20 ---- Generation: 17/20
Eval Fail: name 'hashlib' is not defined
  Evaluating Individual 17/20 ---- Generation: 17/20
Eval Fail: name 'hashlib' is not defined
  Evaluating Individual 18/20 ---- Generation: 17/20
Eval Fail: name 'hashlib' is not defined
  Evaluating Individual 19/20 ---- Generation: 17/20
Eval Fail: name 'hashlib' is not defined
  Evaluating Individual 20/20 ---- Generation: 17/20
Eval Fail: name 'hashlib' is not defined


 >>> GENERATION 18 <<<

  Evaluating Individual 6/20 ---- Generation: 18/20
Eval Fail: name 'hashlib' is not defined
  Evaluating Individual 7/20 ---- Generation: 18/20
Eval Fail: name 'hashlib' is not defined
  Evaluating Individual 8/20 ---- Generation: 18/20
Eval Fail: name 'hashlib' is not defined
  Evaluating Individual 9/20 ---- Generation: 18/20
Eval Fail: name 'hashlib' is not defined
  Evaluating Individual 10/20 ---- Generation: 18/20
Eval Fail: name 'hashlib' is not defined
  Evaluating Individual 11/20 ---- Generation: 18/20
Eval Fail: name 'hashlib' is not defined
  Evaluating Individual 12/20 ---- Generation: 18/20
Eval Fail: name 'hashlib' is not defined
  Evaluating Individual 13/20 ---- Generation: 18/20
Eval Fail: name 'hashlib' is not defined
  [Archive] Cell (3, 32) updated with fitness: 0.0000
  Evaluating Individual 14/20 ---- Generation: 18/20
Eval Fail: name 'hashlib' is not defined
  Evaluating Individual 15/20 ---- Generation: 18/20
Eval Fail: name 'hashlib' is not defined
  Evaluating Individual 16/20 ---- Generation: 18/20
Eval Fail: name 'hashlib' is not defined
  Evaluating Individual 17/20 ---- Generation: 18/20
Eval Fail: name 'hashlib' is not defined
  Evaluating Individual 18/20 ---- Generation: 18/20
Eval Fail: name 'hashlib' is not defined
  Evaluating Individual 19/20 ---- Generation: 18/20
Eval Fail: name 'hashlib' is not defined
  Evaluating Individual 20/20 ---- Generation: 18/20
Eval Fail: name 'hashlib' is not defined


 >>> GENERATION 19 <<<

  Evaluating Individual 6/20 ---- Generation: 19/20
Eval Fail: name 'hashlib' is not defined
  Evaluating Individual 7/20 ---- Generation: 19/20
Eval Fail: name 'hashlib' is not defined
  Evaluating Individual 8/20 ---- Generation: 19/20
Eval Fail: name 'hashlib' is not defined
  Evaluating Individual 9/20 ---- Generation: 19/20
Eval Fail: name 'hashlib' is not defined
  Evaluating Individual 10/20 ---- Generation: 19/20
Eval Fail: name 'hashlib' is not defined
  Evaluating Individual 11/20 ---- Generation: 19/20
Eval Fail: name 'hashlib' is not defined
  Evaluating Individual 12/20 ---- Generation: 19/20
Eval Fail: name 'hashlib' is not defined
  Evaluating Individual 13/20 ---- Generation: 19/20
Eval Fail: name 'hashlib' is not defined
  Evaluating Individual 14/20 ---- Generation: 19/20
Eval Fail: name 'hashlib' is not defined
  Evaluating Individual 15/20 ---- Generation: 19/20
Eval Fail: name 'hashlib' is not defined
  Evaluating Individual 16/20 ---- Generation: 19/20
Eval Fail: name 'hashlib' is not defined
  Evaluating Individual 17/20 ---- Generation: 19/20
Eval Fail: name 'hashlib' is not defined
  Evaluating Individual 18/20 ---- Generation: 19/20
Eval Fail: name 'hashlib' is not defined
  Evaluating Individual 19/20 ---- Generation: 19/20
Eval Fail: name 'hashlib' is not defined
  Evaluating Individual 20/20 ---- Generation: 19/20
Eval Fail: name 'hashlib' is not defined


 >>> GENERATION 20 <<<

  Evaluating Individual 6/20 ---- Generation: 20/20
Eval Fail: name 'hashlib' is not defined
  Evaluating Individual 7/20 ---- Generation: 20/20
Eval Fail: name 'hashlib' is not defined
  Evaluating Individual 8/20 ---- Generation: 20/20
Eval Fail: name 'hashlib' is not defined
  Evaluating Individual 9/20 ---- Generation: 20/20
Eval Fail: name 'hashlib' is not defined
  Evaluating Individual 10/20 ---- Generation: 20/20
Eval Fail: name 'hashlib' is not defined
  Evaluating Individual 11/20 ---- Generation: 20/20
Eval Fail: name 'hashlib' is not defined
  Evaluating Individual 12/20 ---- Generation: 20/20
Eval Fail: name 'hashlib' is not defined
  Evaluating Individual 13/20 ---- Generation: 20/20
Eval Fail: name 'hashlib' is not defined
  Evaluating Individual 14/20 ---- Generation: 20/20
Eval Fail: name 'hashlib' is not defined
  Evaluating Individual 15/20 ---- Generation: 20/20
Eval Fail: name 'hashlib' is not defined
  Evaluating Individual 16/20 ---- Generation: 20/20
Eval Fail: name 'hashlib' is not defined
  Evaluating Individual 17/20 ---- Generation: 20/20
Eval Fail: name 'hashlib' is not defined
  Evaluating Individual 18/20 ---- Generation: 20/20
Eval Fail: name 'hashlib' is not defined
  Evaluating Individual 19/20 ---- Generation: 20/20
Eval Fail: name 'hashlib' is not defined
  Evaluating Individual 20/20 ---- Generation: 20/20
Eval Fail: name 'hashlib' is not defined
[Best] Saved best model to /a/mm/ab/gpt/brute/ga/meta_evolution/best_fractal_model_cifar100.py
CRITICAL GA FAIL: name 'hashlib' is not defined
PEAK_ACCURACY: 0.0
META_SCORE: 0.0
[Meta] Benchmark Output (Snippet):
12/20 ---- Generation: 20/20
Eval Fail: name 'hashlib' is not defined
  Evaluating Individual 13/20 ---- Generation: 20/20
Eval Fail: name 'hashlib' is not defined
  Evaluating Individual 14/20 ---- Generation: 20/20
Eval Fail: name 'hashlib' is not defined
  Evaluating Individual 15/20 ---- Generation: 20/20
Eval Fail: name 'hashlib' is not defined
  Evaluating Individual 16/20 ---- Generation: 20/20
Eval Fail: name 'hashlib' is not defined
  Evaluating Individual 17/20 ---- Generation: 20/20
Eval Fail: name 'hashlib' is not defined
  Evaluating Individual 18/20 ---- Generation: 20/20
Eval Fail: name 'hashlib' is not defined
  Evaluating Individual 19/20 ---- Generation: 20/20
Eval Fail: name 'hashlib' is not defined
  Evaluating Individual 20/20 ---- Generation: 20/20
Eval Fail: name 'hashlib' is not defined
[Best] Saved best model to /a/mm/ab/gpt/brute/ga/meta_evolution/best_fractal_model_cifar100.py
CRITICAL GA FAIL: name 'hashlib' is not defined
PEAK_ACCURACY: 0.0
META_SCORE: 0.0

[Meta] Median Top-3 Quality over 1 runs: 0.0000
[Meta] GPU cleanup attempted (gc + empty_cache)
   [RL] PENALTY: Zero Archive Novelty (Stagnation/Premature Convergence). Penalty: -2.0000
   [RL] Total Reward: -2.0000
--> FAILURE/REGRESSION. Skipping fine-tuning to encourage creativity.
[Meta] GPU cleanup attempted (gc + empty_cache)
--> Reverting File.
[Meta] ✗ Iteration 3 failed (regression or syntax error). Code reverted.

=== Iteration 4/5 — Evolving: _create_random_chromosome ===

[Meta] Evolving: _create_random_chromosome
--- [DEBUG] Input Code ---
### _create_random_chromosome ###
    def _create_random_chromosome(self):
        return {key: random.choice(values) for key, values in self.search_space.items()}

-------------------------
[Meta] Generation Temperature: 0.80
--- [DEBUG] Raw Response ---
```python
    def _create_random_chromosome(self):
        return {key: random.choice(values) for key, values in self.search_space.items()}
```
--------------------------
[Meta] Runtime smoke test PASSED (all components validated).
[Meta] Benchmarking...

[Meta] Running Benchmark 1/1...
Skipping import of cpp extensions due to incompatible torch version 2.7.1+cu126 for torchao version 0.15.0+cu126             Please see https://github.com/pytorch/ao/issues/2919 for more info
Traceback (most recent call last):
  File "/a/mm/ab/gpt/brute/ga/meta_evolution/run_fractal_evolution_cifar100.py", line 263, in fitness_function
    model_checksum = uuid4(code_str)
                     ^^^^^^^^^^^^^^^
  File "/a/mm/ab/gpt/brute/ga/meta_evolution/run_fractal_evolution_cifar100.py", line 250, in uuid4
    return hashlib.md5(s.encode()).hexdigest()
           ^^^^^^^
NameError: name 'hashlib' is not defined. Did you forget to import 'hashlib'
Traceback (most recent call last):
  File "/a/mm/ab/gpt/brute/ga/meta_evolution/run_fractal_evolution_cifar100.py", line 263, in fitness_function
    model_checksum = uuid4(code_str)
                     ^^^^^^^^^^^^^^^
  File "/a/mm/ab/gpt/brute/ga/meta_evolution/run_fractal_evolution_cifar100.py", line 250, in uuid4
    return hashlib.md5(s.encode()).hexdigest()
           ^^^^^^^
NameError: name 'hashlib' is not defined. Did you forget to import 'hashlib'
Traceback (most recent call last):
  File "/a/mm/ab/gpt/brute/ga/meta_evolution/run_fractal_evolution_cifar100.py", line 263, in fitness_function
    model_checksum = uuid4(code_str)
                     ^^^^^^^^^^^^^^^
  File "/a/mm/ab/gpt/brute/ga/meta_evolution/run_fractal_evolution_cifar100.py", line 250, in uuid4
    return hashlib.md5(s.encode()).hexdigest()
           ^^^^^^^
NameError: name 'hashlib' is not defined. Did you forget to import 'hashlib'
Traceback (most recent call last):
  File "/a/mm/ab/gpt/brute/ga/meta_evolution/run_fractal_evolution_cifar100.py", line 263, in fitness_function
    model_checksum = uuid4(code_str)
                     ^^^^^^^^^^^^^^^
  File "/a/mm/ab/gpt/brute/ga/meta_evolution/run_fractal_evolution_cifar100.py", line 250, in uuid4
    return hashlib.md5(s.encode()).hexdigest()
           ^^^^^^^
NameError: name 'hashlib' is not defined. Did you forget to import 'hashlib'
Traceback (most recent call last):
  File "/a/mm/ab/gpt/brute/ga/meta_evolution/run_fractal_evolution_cifar100.py", line 263, in fitness_function
    model_checksum = uuid4(code_str)
                     ^^^^^^^^^^^^^^^
  File "/a/mm/ab/gpt/brute/ga/meta_evolution/run_fractal_evolution_cifar100.py", line 250, in uuid4
    return hashlib.md5(s.encode()).hexdigest()
           ^^^^^^^
NameError: name 'hashlib' is not defined. Did you forget to import 'hashlib'
Traceback (most recent call last):
  File "/a/mm/ab/gpt/brute/ga/meta_evolution/run_fractal_evolution_cifar100.py", line 263, in fitness_function
    model_checksum = uuid4(code_str)
                     ^^^^^^^^^^^^^^^
  File "/a/mm/ab/gpt/brute/ga/meta_evolution/run_fractal_evolution_cifar100.py", line 250, in uuid4
    return hashlib.md5(s.encode()).hexdigest()
           ^^^^^^^
NameError: name 'hashlib' is not defined. Did you forget to import 'hashlib'
Traceback (most recent call last):
  File "/a/mm/ab/gpt/brute/ga/meta_evolution/run_fractal_evolution_cifar100.py", line 263, in fitness_function
    model_checksum = uuid4(code_str)
                     ^^^^^^^^^^^^^^^
  File "/a/mm/ab/gpt/brute/ga/meta_evolution/run_fractal_evolution_cifar100.py", line 250, in uuid4
    return hashlib.md5(s.encode()).hexdigest()
           ^^^^^^^
NameError: name 'hashlib' is not defined. Did you forget to import 'hashlib'
Traceback (most recent call last):
  File "/a/mm/ab/gpt/brute/ga/meta_evolution/run_fractal_evolution_cifar100.py", line 263, in fitness_function
    model_checksum = uuid4(code_str)
                     ^^^^^^^^^^^^^^^
  File "/a/mm/ab/gpt/brute/ga/meta_evolution/run_fractal_evolution_cifar100.py", line 250, in uuid4
    return hashlib.md5(s.encode()).hexdigest()
           ^^^^^^^
NameError: name 'hashlib' is not defined. Did you forget to import 'hashlib'
Traceback (most recent call last):
  File "/a/mm/ab/gpt/brute/ga/meta_evolution/run_fractal_evolution_cifar100.py", line 263, in fitness_function
    model_checksum = uuid4(code_str)
                     ^^^^^^^^^^^^^^^
  File "/a/mm/ab/gpt/brute/ga/meta_evolution/run_fractal_evolution_cifar100.py", line 250, in uuid4
    return hashlib.md5(s.encode()).hexdigest()
           ^^^^^^^
NameError: name 'hashlib' is not defined. Did you forget to import 'hashlib'
Traceback (most recent call last):
  File "/a/mm/ab/gpt/brute/ga/meta_evolution/run_fractal_evolution_cifar100.py", line 263, in fitness_function
    model_checksum = uuid4(code_str)
                     ^^^^^^^^^^^^^^^
  File "/a/mm/ab/gpt/brute/ga/meta_evolution/run_fractal_evolution_cifar100.py", line 250, in uuid4
    return hashlib.md5(s.encode()).hexdigest()
           ^^^^^^^
NameError: name 'hashlib' is not defined. Did you forget to import 'hashlib'
Traceback (most recent call last):
  File "/a/mm/ab/gpt/brute/ga/meta_evolution/run_fractal_evolution_cifar100.py", line 263, in fitness_function
    model_checksum = uuid4(code_str)
                     ^^^^^^^^^^^^^^^
  File "/a/mm/ab/gpt/brute/ga/meta_evolution/run_fractal_evolution_cifar100.py", line 250, in uuid4
    return hashlib.md5(s.encode()).hexdigest()
           ^^^^^^^
NameError: name 'hashlib' is not defined. Did you forget to import 'hashlib'
Traceback (most recent call last):
  File "/a/mm/ab/gpt/brute/ga/meta_evolution/run_fractal_evolution_cifar100.py", line 263, in fitness_function
    model_checksum = uuid4(code_str)
                     ^^^^^^^^^^^^^^^
  File "/a/mm/ab/gpt/brute/ga/meta_evolution/run_fractal_evolution_cifar100.py", line 250, in uuid4
    return hashlib.md5(s.encode()).hexdigest()
           ^^^^^^^
NameError: name 'hashlib' is not defined. Did you forget to import 'hashlib'
Traceback (most recent call last):
  File "/a/mm/ab/gpt/brute/ga/meta_evolution/run_fractal_evolution_cifar100.py", line 263, in fitness_function
    model_checksum = uuid4(code_str)
                     ^^^^^^^^^^^^^^^
  File "/a/mm/ab/gpt/brute/ga/meta_evolution/run_fractal_evolution_cifar100.py", line 250, in uuid4
    return hashlib.md5(s.encode()).hexdigest()
           ^^^^^^^
NameError: name 'hashlib' is not defined. Did you forget to import 'hashlib'
Traceback (most recent call last):
  File "/a/mm/ab/gpt/brute/ga/meta_evolution/run_fractal_evolution_cifar100.py", line 263, in fitness_function
    model_checksum = uuid4(code_str)
                     ^^^^^^^^^^^^^^^
  File "/a/mm/ab/gpt/brute/ga/meta_evolution/run_fractal_evolution_cifar100.py", line 250, in uuid4
    return hashlib.md5(s.encode()).hexdigest()
           ^^^^^^^
NameError: name 'hashlib' is not defined. Did you forget to import 'hashlib'
Traceback (most recent call last):
  File "/a/mm/ab/gpt/brute/ga/meta_evolution/run_fractal_evolution_cifar100.py", line 263, in fitness_function
    model_checksum = uuid4(code_str)
                     ^^^^^^^^^^^^^^^
  File "/a/mm/ab/gpt/brute/ga/meta_evolution/run_fractal_evolution_cifar100.py", line 250, in uuid4
    return hashlib.md5(s.encode()).hexdigest()
           ^^^^^^^
NameError: name 'hashlib' is not defined. Did you forget to import 'hashlib'
Traceback (most recent call last):
  File "/a/mm/ab/gpt/brute/ga/meta_evolution/run_fractal_evolution_cifar100.py", line 263, in fitness_function
    model_checksum = uuid4(code_str)
                     ^^^^^^^^^^^^^^^
  File "/a/mm/ab/gpt/brute/ga/meta_evolution/run_fractal_evolution_cifar100.py", line 250, in uuid4
    return hashlib.md5(s.encode()).hexdigest()
           ^^^^^^^
NameError: name 'hashlib' is not defined. Did you forget to import 'hashlib'
Traceback (most recent call last):
  File "/a/mm/ab/gpt/brute/ga/meta_evolution/run_fractal_evolution_cifar100.py", line 263, in fitness_function
    model_checksum = uuid4(code_str)
                     ^^^^^^^^^^^^^^^
  File "/a/mm/ab/gpt/brute/ga/meta_evolution/run_fractal_evolution_cifar100.py", line 250, in uuid4
    return hashlib.md5(s.encode()).hexdigest()
           ^^^^^^^
NameError: name 'hashlib' is not defined. Did you forget to import 'hashlib'
Traceback (most recent call last):
  File "/a/mm/ab/gpt/brute/ga/meta_evolution/run_fractal_evolution_cifar100.py", line 263, in fitness_function
    model_checksum = uuid4(code_str)
                     ^^^^^^^^^^^^^^^
  File "/a/mm/ab/gpt/brute/ga/meta_evolution/run_fractal_evolution_cifar100.py", line 250, in uuid4
    return hashlib.md5(s.encode()).hexdigest()
           ^^^^^^^
NameError: name 'hashlib' is not defined. Did you forget to import 'hashlib'
Traceback (most recent call last):
  File "/a/mm/ab/gpt/brute/ga/meta_evolution/run_fractal_evolution_cifar100.py", line 263, in fitness_function
    model_checksum = uuid4(code_str)
                     ^^^^^^^^^^^^^^^
  File "/a/mm/ab/gpt/brute/ga/meta_evolution/run_fractal_evolution_cifar100.py", line 250, in uuid4
    return hashlib.md5(s.encode()).hexdigest()
           ^^^^^^^
NameError: name 'hashlib' is not defined. Did you forget to import 'hashlib'
Traceback (most recent call last):
  File "/a/mm/ab/gpt/brute/ga/meta_evolution/run_fractal_evolution_cifar100.py", line 263, in fitness_function
    model_checksum = uuid4(code_str)
                     ^^^^^^^^^^^^^^^
  File "/a/mm/ab/gpt/brute/ga/meta_evolution/run_fractal_evolution_cifar100.py", line 250, in uuid4
    return hashlib.md5(s.encode()).hexdigest()
           ^^^^^^^
NameError: name 'hashlib' is not defined. Did you forget to import 'hashlib'
Traceback (most recent call last):
  File "/a/mm/ab/gpt/brute/ga/meta_evolution/run_fractal_evolution_cifar100.py", line 263, in fitness_function
    model_checksum = uuid4(code_str)
                     ^^^^^^^^^^^^^^^
  File "/a/mm/ab/gpt/brute/ga/meta_evolution/run_fractal_evolution_cifar100.py", line 250, in uuid4
    return hashlib.md5(s.encode()).hexdigest()
           ^^^^^^^
NameError: name 'hashlib' is not defined. Did you forget to import 'hashlib'
Traceback (most recent call last):
  File "/a/mm/ab/gpt/brute/ga/meta_evolution/run_fractal_evolution_cifar100.py", line 263, in fitness_function
    model_checksum = uuid4(code_str)
                     ^^^^^^^^^^^^^^^
  File "/a/mm/ab/gpt/brute/ga/meta_evolution/run_fractal_evolution_cifar100.py", line 250, in uuid4
    return hashlib.md5(s.encode()).hexdigest()
           ^^^^^^^
NameError: name 'hashlib' is not defined. Did you forget to import 'hashlib'
Traceback (most recent call last):
  File "/a/mm/ab/gpt/brute/ga/meta_evolution/run_fractal_evolution_cifar100.py", line 263, in fitness_function
    model_checksum = uuid4(code_str)
                     ^^^^^^^^^^^^^^^
  File "/a/mm/ab/gpt/brute/ga/meta_evolution/run_fractal_evolution_cifar100.py", line 250, in uuid4
    return hashlib.md5(s.encode()).hexdigest()
           ^^^^^^^
NameError: name 'hashlib' is not defined. Did you forget to import 'hashlib'
Traceback (most recent call last):
  File "/a/mm/ab/gpt/brute/ga/meta_evolution/run_fractal_evolution_cifar100.py", line 263, in fitness_function
    model_checksum = uuid4(code_str)
                     ^^^^^^^^^^^^^^^
  File "/a/mm/ab/gpt/brute/ga/meta_evolution/run_fractal_evolution_cifar100.py", line 250, in uuid4
    return hashlib.md5(s.encode()).hexdigest()
           ^^^^^^^
NameError: name 'hashlib' is not defined. Did you forget to import 'hashlib'
Traceback (most recent call last):
  File "/a/mm/ab/gpt/brute/ga/meta_evolution/run_fractal_evolution_cifar100.py", line 263, in fitness_function
    model_checksum = uuid4(code_str)
                     ^^^^^^^^^^^^^^^
  File "/a/mm/ab/gpt/brute/ga/meta_evolution/run_fractal_evolution_cifar100.py", line 250, in uuid4
    return hashlib.md5(s.encode()).hexdigest()
           ^^^^^^^
NameError: name 'hashlib' is not defined. Did you forget to import 'hashlib'
Traceback (most recent call last):
  File "/a/mm/ab/gpt/brute/ga/meta_evolution/run_fractal_evolution_cifar100.py", line 263, in fitness_function
    model_checksum = uuid4(code_str)
                     ^^^^^^^^^^^^^^^
  File "/a/mm/ab/gpt/brute/ga/meta_evolution/run_fractal_evolution_cifar100.py", line 250, in uuid4
    return hashlib.md5(s.encode()).hexdigest()
           ^^^^^^^
NameError: name 'hashlib' is not defined. Did you forget to import 'hashlib'
Traceback (most recent call last):
  File "/a/mm/ab/gpt/brute/ga/meta_evolution/run_fractal_evolution_cifar100.py", line 263, in fitness_function
    model_checksum = uuid4(code_str)
                     ^^^^^^^^^^^^^^^
  File "/a/mm/ab/gpt/brute/ga/meta_evolution/run_fractal_evolution_cifar100.py", line 250, in uuid4
    return hashlib.md5(s.encode()).hexdigest()
           ^^^^^^^
NameError: name 'hashlib' is not defined. Did you forget to import 'hashlib'
Traceback (most recent call last):
  File "/a/mm/ab/gpt/brute/ga/meta_evolution/run_fractal_evolution_cifar100.py", line 263, in fitness_function
    model_checksum = uuid4(code_str)
                     ^^^^^^^^^^^^^^^
  File "/a/mm/ab/gpt/brute/ga/meta_evolution/run_fractal_evolution_cifar100.py", line 250, in uuid4
    return hashlib.md5(s.encode()).hexdigest()
           ^^^^^^^
NameError: name 'hashlib' is not defined. Did you forget to import 'hashlib'
Traceback (most recent call last):
  File "/a/mm/ab/gpt/brute/ga/meta_evolution/run_fractal_evolution_cifar100.py", line 263, in fitness_function
    model_checksum = uuid4(code_str)
                     ^^^^^^^^^^^^^^^
  File "/a/mm/ab/gpt/brute/ga/meta_evolution/run_fractal_evolution_cifar100.py", line 250, in uuid4
    return hashlib.md5(s.encode()).hexdigest()
           ^^^^^^^
NameError: name 'hashlib' is not defined. Did you forget to import 'hashlib'
Traceback (most recent call last):
  File "/a/mm/ab/gpt/brute/ga/meta_evolution/run_fractal_evolution_cifar100.py", line 263, in fitness_function
    model_checksum = uuid4(code_str)
                     ^^^^^^^^^^^^^^^
  File "/a/mm/ab/gpt/brute/ga/meta_evolution/run_fractal_evolution_cifar100.py", line 250, in uuid4
    return hashlib.md5(s.encode()).hexdigest()
           ^^^^^^^
NameError: name 'hashlib' is not defined. Did you forget to import 'hashlib'
Traceback (most recent call last):
  File "/a/mm/ab/gpt/brute/ga/meta_evolution/run_fractal_evolution_cifar100.py", line 263, in fitness_function
    model_checksum = uuid4(code_str)
                     ^^^^^^^^^^^^^^^
  File "/a/mm/ab/gpt/brute/ga/meta_evolution/run_fractal_evolution_cifar100.py", line 250, in uuid4
    return hashlib.md5(s.encode()).hexdigest()
           ^^^^^^^
NameError: name 'hashlib' is not defined. Did you forget to import 'hashlib'
Traceback (most recent call last):
  File "/a/mm/ab/gpt/brute/ga/meta_evolution/run_fractal_evolution_cifar100.py", line 263, in fitness_function
    model_checksum = uuid4(code_str)
                     ^^^^^^^^^^^^^^^
  File "/a/mm/ab/gpt/brute/ga/meta_evolution/run_fractal_evolution_cifar100.py", line 250, in uuid4
    return hashlib.md5(s.encode()).hexdigest()
           ^^^^^^^
NameError: name 'hashlib' is not defined. Did you forget to import 'hashlib'
Traceback (most recent call last):
  File "/a/mm/ab/gpt/brute/ga/meta_evolution/run_fractal_evolution_cifar100.py", line 263, in fitness_function
    model_checksum = uuid4(code_str)
                     ^^^^^^^^^^^^^^^
  File "/a/mm/ab/gpt/brute/ga/meta_evolution/run_fractal_evolution_cifar100.py", line 250, in uuid4
    return hashlib.md5(s.encode()).hexdigest()
           ^^^^^^^
NameError: name 'hashlib' is not defined. Did you forget to import 'hashlib'
Traceback (most recent call last):
  File "/a/mm/ab/gpt/brute/ga/meta_evolution/run_fractal_evolution_cifar100.py", line 263, in fitness_function
    model_checksum = uuid4(code_str)
                     ^^^^^^^^^^^^^^^
  File "/a/mm/ab/gpt/brute/ga/meta_evolution/run_fractal_evolution_cifar100.py", line 250, in uuid4
    return hashlib.md5(s.encode()).hexdigest()
           ^^^^^^^
NameError: name 'hashlib' is not defined. Did you forget to import 'hashlib'
Traceback (most recent call last):
  File "/a/mm/ab/gpt/brute/ga/meta_evolution/run_fractal_evolution_cifar100.py", line 263, in fitness_function
    model_checksum = uuid4(code_str)
                     ^^^^^^^^^^^^^^^
  File "/a/mm/ab/gpt/brute/ga/meta_evolution/run_fractal_evolution_cifar100.py", line 250, in uuid4
    return hashlib.md5(s.encode()).hexdigest()
           ^^^^^^^
NameError: name 'hashlib' is not defined. Did you forget to import 'hashlib'
Traceback (most recent call last):
  File "/a/mm/ab/gpt/brute/ga/meta_evolution/run_fractal_evolution_cifar100.py", line 263, in fitness_function
    model_checksum = uuid4(code_str)
                     ^^^^^^^^^^^^^^^
  File "/a/mm/ab/gpt/brute/ga/meta_evolution/run_fractal_evolution_cifar100.py", line 250, in uuid4
    return hashlib.md5(s.encode()).hexdigest()
           ^^^^^^^
NameError: name 'hashlib' is not defined. Did you forget to import 'hashlib'
Traceback (most recent call last):
  File "/a/mm/ab/gpt/brute/ga/meta_evolution/run_fractal_evolution_cifar100.py", line 263, in fitness_function
    model_checksum = uuid4(code_str)
                     ^^^^^^^^^^^^^^^
  File "/a/mm/ab/gpt/brute/ga/meta_evolution/run_fractal_evolution_cifar100.py", line 250, in uuid4
    return hashlib.md5(s.encode()).hexdigest()
           ^^^^^^^
NameError: name 'hashlib' is not defined. Did you forget to import 'hashlib'
Traceback (most recent call last):
  File "/a/mm/ab/gpt/brute/ga/meta_evolution/run_fractal_evolution_cifar100.py", line 263, in fitness_function
    model_checksum = uuid4(code_str)
                     ^^^^^^^^^^^^^^^
  File "/a/mm/ab/gpt/brute/ga/meta_evolution/run_fractal_evolution_cifar100.py", line 250, in uuid4
    return hashlib.md5(s.encode()).hexdigest()
           ^^^^^^^
NameError: name 'hashlib' is not defined. Did you forget to import 'hashlib'
Traceback (most recent call last):
  File "/a/mm/ab/gpt/brute/ga/meta_evolution/run_fractal_evolution_cifar100.py", line 263, in fitness_function
    model_checksum = uuid4(code_str)
                     ^^^^^^^^^^^^^^^
  File "/a/mm/ab/gpt/brute/ga/meta_evolution/run_fractal_evolution_cifar100.py", line 250, in uuid4
    return hashlib.md5(s.encode()).hexdigest()
           ^^^^^^^
NameError: name 'hashlib' is not defined. Did you forget to import 'hashlib'
Traceback (most recent call last):
  File "/a/mm/ab/gpt/brute/ga/meta_evolution/run_fractal_evolution_cifar100.py", line 263, in fitness_function
    model_checksum = uuid4(code_str)
                     ^^^^^^^^^^^^^^^
  File "/a/mm/ab/gpt/brute/ga/meta_evolution/run_fractal_evolution_cifar100.py", line 250, in uuid4
    return hashlib.md5(s.encode()).hexdigest()
           ^^^^^^^
NameError: name 'hashlib' is not defined. Did you forget to import 'hashlib'
Traceback (most recent call last):
  File "/a/mm/ab/gpt/brute/ga/meta_evolution/run_fractal_evolution_cifar100.py", line 263, in fitness_function
    model_checksum = uuid4(code_str)
                     ^^^^^^^^^^^^^^^
  File "/a/mm/ab/gpt/brute/ga/meta_evolution/run_fractal_evolution_cifar100.py", line 250, in uuid4
    return hashlib.md5(s.encode()).hexdigest()
           ^^^^^^^
NameError: name 'hashlib' is not defined. Did you forget to import 'hashlib'
Traceback (most recent call last):
  File "/a/mm/ab/gpt/brute/ga/meta_evolution/run_fractal_evolution_cifar100.py", line 263, in fitness_function
    model_checksum = uuid4(code_str)
                     ^^^^^^^^^^^^^^^
  File "/a/mm/ab/gpt/brute/ga/meta_evolution/run_fractal_evolution_cifar100.py", line 250, in uuid4
    return hashlib.md5(s.encode()).hexdigest()
           ^^^^^^^
NameError: name 'hashlib' is not defined. Did you forget to import 'hashlib'
Traceback (most recent call last):
  File "/a/mm/ab/gpt/brute/ga/meta_evolution/run_fractal_evolution_cifar100.py", line 263, in fitness_function
    model_checksum = uuid4(code_str)
                     ^^^^^^^^^^^^^^^
  File "/a/mm/ab/gpt/brute/ga/meta_evolution/run_fractal_evolution_cifar100.py", line 250, in uuid4
    return hashlib.md5(s.encode()).hexdigest()
           ^^^^^^^
NameError: name 'hashlib' is not defined. Did you forget to import 'hashlib'
Traceback (most recent call last):
  File "/a/mm/ab/gpt/brute/ga/meta_evolution/run_fractal_evolution_cifar100.py", line 263, in fitness_function
    model_checksum = uuid4(code_str)
                     ^^^^^^^^^^^^^^^
  File "/a/mm/ab/gpt/brute/ga/meta_evolution/run_fractal_evolution_cifar100.py", line 250, in uuid4
    return hashlib.md5(s.encode()).hexdigest()
           ^^^^^^^
NameError: name 'hashlib' is not defined. Did you forget to import 'hashlib'
Traceback (most recent call last):
  File "/a/mm/ab/gpt/brute/ga/meta_evolution/run_fractal_evolution_cifar100.py", line 263, in fitness_function
    model_checksum = uuid4(code_str)
                     ^^^^^^^^^^^^^^^
  File "/a/mm/ab/gpt/brute/ga/meta_evolution/run_fractal_evolution_cifar100.py", line 250, in uuid4
    return hashlib.md5(s.encode()).hexdigest()
           ^^^^^^^
NameError: name 'hashlib' is not defined. Did you forget to import 'hashlib'
Traceback (most recent call last):
  File "/a/mm/ab/gpt/brute/ga/meta_evolution/run_fractal_evolution_cifar100.py", line 263, in fitness_function
    model_checksum = uuid4(code_str)
                     ^^^^^^^^^^^^^^^
  File "/a/mm/ab/gpt/brute/ga/meta_evolution/run_fractal_evolution_cifar100.py", line 250, in uuid4
    return hashlib.md5(s.encode()).hexdigest()
           ^^^^^^^
NameError: name 'hashlib' is not defined. Did you forget to import 'hashlib'
Traceback (most recent call last):
  File "/a/mm/ab/gpt/brute/ga/meta_evolution/run_fractal_evolution_cifar100.py", line 263, in fitness_function
    model_checksum = uuid4(code_str)
                     ^^^^^^^^^^^^^^^
  File "/a/mm/ab/gpt/brute/ga/meta_evolution/run_fractal_evolution_cifar100.py", line 250, in uuid4
    return hashlib.md5(s.encode()).hexdigest()
           ^^^^^^^
NameError: name 'hashlib' is not defined. Did you forget to import 'hashlib'
Traceback (most recent call last):
  File "/a/mm/ab/gpt/brute/ga/meta_evolution/run_fractal_evolution_cifar100.py", line 263, in fitness_function
    model_checksum = uuid4(code_str)
                     ^^^^^^^^^^^^^^^
  File "/a/mm/ab/gpt/brute/ga/meta_evolution/run_fractal_evolution_cifar100.py", line 250, in uuid4
    return hashlib.md5(s.encode()).hexdigest()
           ^^^^^^^
NameError: name 'hashlib' is not defined. Did you forget to import 'hashlib'
Traceback (most recent call last):
  File "/a/mm/ab/gpt/brute/ga/meta_evolution/run_fractal_evolution_cifar100.py", line 263, in fitness_function
    model_checksum = uuid4(code_str)
                     ^^^^^^^^^^^^^^^
  File "/a/mm/ab/gpt/brute/ga/meta_evolution/run_fractal_evolution_cifar100.py", line 250, in uuid4
    return hashlib.md5(s.encode()).hexdigest()
           ^^^^^^^
NameError: name 'hashlib' is not defined. Did you forget to import 'hashlib'
Traceback (most recent call last):
  File "/a/mm/ab/gpt/brute/ga/meta_evolution/run_fractal_evolution_cifar100.py", line 263, in fitness_function
    model_checksum = uuid4(code_str)
                     ^^^^^^^^^^^^^^^
  File "/a/mm/ab/gpt/brute/ga/meta_evolution/run_fractal_evolution_cifar100.py", line 250, in uuid4
    return hashlib.md5(s.encode()).hexdigest()
           ^^^^^^^
NameError: name 'hashlib' is not defined. Did you forget to import 'hashlib'
Traceback (most recent call last):
  File "/a/mm/ab/gpt/brute/ga/meta_evolution/run_fractal_evolution_cifar100.py", line 263, in fitness_function
    model_checksum = uuid4(code_str)
                     ^^^^^^^^^^^^^^^
  File "/a/mm/ab/gpt/brute/ga/meta_evolution/run_fractal_evolution_cifar100.py", line 250, in uuid4
    return hashlib.md5(s.encode()).hexdigest()
           ^^^^^^^
NameError: name 'hashlib' is not defined. Did you forget to import 'hashlib'
Traceback (most recent call last):
  File "/a/mm/ab/gpt/brute/ga/meta_evolution/run_fractal_evolution_cifar100.py", line 263, in fitness_function
    model_checksum = uuid4(code_str)
                     ^^^^^^^^^^^^^^^
  File "/a/mm/ab/gpt/brute/ga/meta_evolution/run_fractal_evolution_cifar100.py", line 250, in uuid4
    return hashlib.md5(s.encode()).hexdigest()
           ^^^^^^^
NameError: name 'hashlib' is not defined. Did you forget to import 'hashlib'
Traceback (most recent call last):
  File "/a/mm/ab/gpt/brute/ga/meta_evolution/run_fractal_evolution_cifar100.py", line 263, in fitness_function
    model_checksum = uuid4(code_str)
                     ^^^^^^^^^^^^^^^
  File "/a/mm/ab/gpt/brute/ga/meta_evolution/run_fractal_evolution_cifar100.py", line 250, in uuid4
    return hashlib.md5(s.encode()).hexdigest()
           ^^^^^^^
NameError: name 'hashlib' is not defined. Did you forget to import 'hashlib'
Traceback (most recent call last):
  File "/a/mm/ab/gpt/brute/ga/meta_evolution/run_fractal_evolution_cifar100.py", line 263, in fitness_function
    model_checksum = uuid4(code_str)
                     ^^^^^^^^^^^^^^^
  File "/a/mm/ab/gpt/brute/ga/meta_evolution/run_fractal_evolution_cifar100.py", line 250, in uuid4
    return hashlib.md5(s.encode()).hexdigest()
           ^^^^^^^
NameError: name 'hashlib' is not defined. Did you forget to import 'hashlib'
Traceback (most recent call last):
  File "/a/mm/ab/gpt/brute/ga/meta_evolution/run_fractal_evolution_cifar100.py", line 263, in fitness_function
    model_checksum = uuid4(code_str)
                     ^^^^^^^^^^^^^^^
  File "/a/mm/ab/gpt/brute/ga/meta_evolution/run_fractal_evolution_cifar100.py", line 250, in uuid4
    return hashlib.md5(s.encode()).hexdigest()
           ^^^^^^^
NameError: name 'hashlib' is not defined. Did you forget to import 'hashlib'
Traceback (most recent call last):
  File "/a/mm/ab/gpt/brute/ga/meta_evolution/run_fractal_evolution_cifar100.py", line 263, in fitness_function
    model_checksum = uuid4(code_str)
                     ^^^^^^^^^^^^^^^
  File "/a/mm/ab/gpt/brute/ga/meta_evolution/run_fractal_evolution_cifar100.py", line 250, in uuid4
    return hashlib.md5(s.encode()).hexdigest()
           ^^^^^^^
NameError: name 'hashlib' is not defined. Did you forget to import 'hashlib'
Traceback (most recent call last):
  File "/a/mm/ab/gpt/brute/ga/meta_evolution/run_fractal_evolution_cifar100.py", line 263, in fitness_function
    model_checksum = uuid4(code_str)
                     ^^^^^^^^^^^^^^^
  File "/a/mm/ab/gpt/brute/ga/meta_evolution/run_fractal_evolution_cifar100.py", line 250, in uuid4
    return hashlib.md5(s.encode()).hexdigest()
           ^^^^^^^
NameError: name 'hashlib' is not defined. Did you forget to import 'hashlib'
Traceback (most recent call last):
  File "/a/mm/ab/gpt/brute/ga/meta_evolution/run_fractal_evolution_cifar100.py", line 263, in fitness_function
    model_checksum = uuid4(code_str)
                     ^^^^^^^^^^^^^^^
  File "/a/mm/ab/gpt/brute/ga/meta_evolution/run_fractal_evolution_cifar100.py", line 250, in uuid4
    return hashlib.md5(s.encode()).hexdigest()
           ^^^^^^^
NameError: name 'hashlib' is not defined. Did you forget to import 'hashlib'
Traceback (most recent call last):
  File "/a/mm/ab/gpt/brute/ga/meta_evolution/run_fractal_evolution_cifar100.py", line 263, in fitness_function
    model_checksum = uuid4(code_str)
                     ^^^^^^^^^^^^^^^
  File "/a/mm/ab/gpt/brute/ga/meta_evolution/run_fractal_evolution_cifar100.py", line 250, in uuid4
    return hashlib.md5(s.encode()).hexdigest()
           ^^^^^^^
NameError: name 'hashlib' is not defined. Did you forget to import 'hashlib'
Traceback (most recent call last):
  File "/a/mm/ab/gpt/brute/ga/meta_evolution/run_fractal_evolution_cifar100.py", line 263, in fitness_function
    model_checksum = uuid4(code_str)
                     ^^^^^^^^^^^^^^^
  File "/a/mm/ab/gpt/brute/ga/meta_evolution/run_fractal_evolution_cifar100.py", line 250, in uuid4
    return hashlib.md5(s.encode()).hexdigest()
           ^^^^^^^
NameError: name 'hashlib' is not defined. Did you forget to import 'hashlib'
Traceback (most recent call last):
  File "/a/mm/ab/gpt/brute/ga/meta_evolution/run_fractal_evolution_cifar100.py", line 263, in fitness_function
    model_checksum = uuid4(code_str)
                     ^^^^^^^^^^^^^^^
  File "/a/mm/ab/gpt/brute/ga/meta_evolution/run_fractal_evolution_cifar100.py", line 250, in uuid4
    return hashlib.md5(s.encode()).hexdigest()
           ^^^^^^^
NameError: name 'hashlib' is not defined. Did you forget to import 'hashlib'
Traceback (most recent call last):
  File "/a/mm/ab/gpt/brute/ga/meta_evolution/run_fractal_evolution_cifar100.py", line 263, in fitness_function
    model_checksum = uuid4(code_str)
                     ^^^^^^^^^^^^^^^
  File "/a/mm/ab/gpt/brute/ga/meta_evolution/run_fractal_evolution_cifar100.py", line 250, in uuid4
    return hashlib.md5(s.encode()).hexdigest()
           ^^^^^^^
NameError: name 'hashlib' is not defined. Did you forget to import 'hashlib'
Traceback (most recent call last):
  File "/a/mm/ab/gpt/brute/ga/meta_evolution/run_fractal_evolution_cifar100.py", line 263, in fitness_function
    model_checksum = uuid4(code_str)
                     ^^^^^^^^^^^^^^^
  File "/a/mm/ab/gpt/brute/ga/meta_evolution/run_fractal_evolution_cifar100.py", line 250, in uuid4
    return hashlib.md5(s.encode()).hexdigest()
           ^^^^^^^
NameError: name 'hashlib' is not defined. Did you forget to import 'hashlib'
Traceback (most recent call last):
  File "/a/mm/ab/gpt/brute/ga/meta_evolution/run_fractal_evolution_cifar100.py", line 263, in fitness_function
    model_checksum = uuid4(code_str)
                     ^^^^^^^^^^^^^^^
  File "/a/mm/ab/gpt/brute/ga/meta_evolution/run_fractal_evolution_cifar100.py", line 250, in uuid4
    return hashlib.md5(s.encode()).hexdigest()
           ^^^^^^^
NameError: name 'hashlib' is not defined. Did you forget to import 'hashlib'
Traceback (most recent call last):
  File "/a/mm/ab/gpt/brute/ga/meta_evolution/run_fractal_evolution_cifar100.py", line 263, in fitness_function
    model_checksum = uuid4(code_str)
                     ^^^^^^^^^^^^^^^
  File "/a/mm/ab/gpt/brute/ga/meta_evolution/run_fractal_evolution_cifar100.py", line 250, in uuid4
    return hashlib.md5(s.encode()).hexdigest()
           ^^^^^^^
NameError: name 'hashlib' is not defined. Did you forget to import 'hashlib'
Traceback (most recent call last):
  File "/a/mm/ab/gpt/brute/ga/meta_evolution/run_fractal_evolution_cifar100.py", line 263, in fitness_function
    model_checksum = uuid4(code_str)
                     ^^^^^^^^^^^^^^^
  File "/a/mm/ab/gpt/brute/ga/meta_evolution/run_fractal_evolution_cifar100.py", line 250, in uuid4
    return hashlib.md5(s.encode()).hexdigest()
           ^^^^^^^
NameError: name 'hashlib' is not defined. Did you forget to import 'hashlib'
Traceback (most recent call last):
  File "/a/mm/ab/gpt/brute/ga/meta_evolution/run_fractal_evolution_cifar100.py", line 263, in fitness_function
    model_checksum = uuid4(code_str)
                     ^^^^^^^^^^^^^^^
  File "/a/mm/ab/gpt/brute/ga/meta_evolution/run_fractal_evolution_cifar100.py", line 250, in uuid4
    return hashlib.md5(s.encode()).hexdigest()
           ^^^^^^^
NameError: name 'hashlib' is not defined. Did you forget to import 'hashlib'
Traceback (most recent call last):
  File "/a/mm/ab/gpt/brute/ga/meta_evolution/run_fractal_evolution_cifar100.py", line 263, in fitness_function
    model_checksum = uuid4(code_str)
                     ^^^^^^^^^^^^^^^
  File "/a/mm/ab/gpt/brute/ga/meta_evolution/run_fractal_evolution_cifar100.py", line 250, in uuid4
    return hashlib.md5(s.encode()).hexdigest()
           ^^^^^^^
NameError: name 'hashlib' is not defined. Did you forget to import 'hashlib'
Traceback (most recent call last):
  File "/a/mm/ab/gpt/brute/ga/meta_evolution/run_fractal_evolution_cifar100.py", line 263, in fitness_function
    model_checksum = uuid4(code_str)
                     ^^^^^^^^^^^^^^^
  File "/a/mm/ab/gpt/brute/ga/meta_evolution/run_fractal_evolution_cifar100.py", line 250, in uuid4
    return hashlib.md5(s.encode()).hexdigest()
           ^^^^^^^
NameError: name 'hashlib' is not defined. Did you forget to import 'hashlib'
Traceback (most recent call last):
  File "/a/mm/ab/gpt/brute/ga/meta_evolution/run_fractal_evolution_cifar100.py", line 263, in fitness_function
    model_checksum = uuid4(code_str)
                     ^^^^^^^^^^^^^^^
  File "/a/mm/ab/gpt/brute/ga/meta_evolution/run_fractal_evolution_cifar100.py", line 250, in uuid4
    return hashlib.md5(s.encode()).hexdigest()
           ^^^^^^^
NameError: name 'hashlib' is not defined. Did you forget to import 'hashlib'
Traceback (most recent call last):
  File "/a/mm/ab/gpt/brute/ga/meta_evolution/run_fractal_evolution_cifar100.py", line 263, in fitness_function
    model_checksum = uuid4(code_str)
                     ^^^^^^^^^^^^^^^
  File "/a/mm/ab/gpt/brute/ga/meta_evolution/run_fractal_evolution_cifar100.py", line 250, in uuid4
    return hashlib.md5(s.encode()).hexdigest()
           ^^^^^^^
NameError: name 'hashlib' is not defined. Did you forget to import 'hashlib'
Traceback (most recent call last):
  File "/a/mm/ab/gpt/brute/ga/meta_evolution/run_fractal_evolution_cifar100.py", line 263, in fitness_function
    model_checksum = uuid4(code_str)
                     ^^^^^^^^^^^^^^^
  File "/a/mm/ab/gpt/brute/ga/meta_evolution/run_fractal_evolution_cifar100.py", line 250, in uuid4
    return hashlib.md5(s.encode()).hexdigest()
           ^^^^^^^
NameError: name 'hashlib' is not defined. Did you forget to import 'hashlib'
Traceback (most recent call last):
  File "/a/mm/ab/gpt/brute/ga/meta_evolution/run_fractal_evolution_cifar100.py", line 263, in fitness_function
    model_checksum = uuid4(code_str)
                     ^^^^^^^^^^^^^^^
  File "/a/mm/ab/gpt/brute/ga/meta_evolution/run_fractal_evolution_cifar100.py", line 250, in uuid4
    return hashlib.md5(s.encode()).hexdigest()
           ^^^^^^^
NameError: name 'hashlib' is not defined. Did you forget to import 'hashlib'
Traceback (most recent call last):
  File "/a/mm/ab/gpt/brute/ga/meta_evolution/run_fractal_evolution_cifar100.py", line 263, in fitness_function
    model_checksum = uuid4(code_str)
                     ^^^^^^^^^^^^^^^
  File "/a/mm/ab/gpt/brute/ga/meta_evolution/run_fractal_evolution_cifar100.py", line 250, in uuid4
    return hashlib.md5(s.encode()).hexdigest()
           ^^^^^^^
NameError: name 'hashlib' is not defined. Did you forget to import 'hashlib'
Traceback (most recent call last):
  File "/a/mm/ab/gpt/brute/ga/meta_evolution/run_fractal_evolution_cifar100.py", line 263, in fitness_function
    model_checksum = uuid4(code_str)
                     ^^^^^^^^^^^^^^^
  File "/a/mm/ab/gpt/brute/ga/meta_evolution/run_fractal_evolution_cifar100.py", line 250, in uuid4
    return hashlib.md5(s.encode()).hexdigest()
           ^^^^^^^
NameError: name 'hashlib' is not defined. Did you forget to import 'hashlib'
Traceback (most recent call last):
  File "/a/mm/ab/gpt/brute/ga/meta_evolution/run_fractal_evolution_cifar100.py", line 547, in <module>
    best_checksum = uuid4(best_code)
                    ^^^^^^^^^^^^^^^^
  File "/a/mm/ab/gpt/brute/ga/meta_evolution/run_fractal_evolution_cifar100.py", line 250, in uuid4
    return hashlib.md5(s.encode()).hexdigest()
           ^^^^^^^
NameError: name 'hashlib' is not defined. Did you forget to import 'hashlib'
LEMUR root /a/mm
[Init] Loaded 2889 existing checksums from stats/ (skipping duplicates)
[Run] Continuing evolution from gen 20 to 25


 >>> GENERATION 21 <<<

  Evaluating Individual 6/20 ---- Generation: 21/25
Eval Fail: name 'hashlib' is not defined
  [Archive] Cell (3, 32) updated with fitness: 0.0000
  Evaluating Individual 7/20 ---- Generation: 21/25
Eval Fail: name 'hashlib' is not defined
  Evaluating Individual 8/20 ---- Generation: 21/25
Eval Fail: name 'hashlib' is not defined
  [Archive] Cell (2, 64) updated with fitness: 0.0000
  Evaluating Individual 9/20 ---- Generation: 21/25
Eval Fail: name 'hashlib' is not defined
  [Archive] Cell (3, 16) updated with fitness: 0.0000
  Evaluating Individual 10/20 ---- Generation: 21/25
Eval Fail: name 'hashlib' is not defined
  Evaluating Individual 11/20 ---- Generation: 21/25
Eval Fail: name 'hashlib' is not defined
  Evaluating Individual 12/20 ---- Generation: 21/25
Eval Fail: name 'hashlib' is not defined
  Evaluating Individual 13/20 ---- Generation: 21/25
Eval Fail: name 'hashlib' is not defined
  [Archive] Cell (4, 16) updated with fitness: 0.0000
  Evaluating Individual 14/20 ---- Generation: 21/25
Eval Fail: name 'hashlib' is not defined
  [Archive] Cell (4, 64) updated with fitness: 0.0000
  Evaluating Individual 15/20 ---- Generation: 21/25
Eval Fail: name 'hashlib' is not defined
  [Archive] Cell (2, 16) updated with fitness: 0.0000
  Evaluating Individual 16/20 ---- Generation: 21/25
Eval Fail: name 'hashlib' is not defined
  Evaluating Individual 17/20 ---- Generation: 21/25
Eval Fail: name 'hashlib' is not defined
  [Archive] Cell (2, 32) updated with fitness: 0.0000
  Evaluating Individual 18/20 ---- Generation: 21/25
Eval Fail: name 'hashlib' is not defined
  Evaluating Individual 19/20 ---- Generation: 21/25
Eval Fail: name 'hashlib' is not defined
  Evaluating Individual 20/20 ---- Generation: 21/25
Eval Fail: name 'hashlib' is not defined


 >>> GENERATION 22 <<<

  Evaluating Individual 6/20 ---- Generation: 22/25
Eval Fail: name 'hashlib' is not defined
  Evaluating Individual 7/20 ---- Generation: 22/25
Eval Fail: name 'hashlib' is not defined
  [Archive] Cell (4, 32) updated with fitness: 0.0000
  Evaluating Individual 8/20 ---- Generation: 22/25
Eval Fail: name 'hashlib' is not defined
  Evaluating Individual 9/20 ---- Generation: 22/25
Eval Fail: name 'hashlib' is not defined
  Evaluating Individual 10/20 ---- Generation: 22/25
Eval Fail: name 'hashlib' is not defined
  Evaluating Individual 11/20 ---- Generation: 22/25
Eval Fail: name 'hashlib' is not defined
  Evaluating Individual 12/20 ---- Generation: 22/25
Eval Fail: name 'hashlib' is not defined
  Evaluating Individual 13/20 ---- Generation: 22/25
Eval Fail: name 'hashlib' is not defined
  Evaluating Individual 14/20 ---- Generation: 22/25
Eval Fail: name 'hashlib' is not defined
  Evaluating Individual 15/20 ---- Generation: 22/25
Eval Fail: name 'hashlib' is not defined
  Evaluating Individual 16/20 ---- Generation: 22/25
Eval Fail: name 'hashlib' is not defined
  Evaluating Individual 17/20 ---- Generation: 22/25
Eval Fail: name 'hashlib' is not defined
  Evaluating Individual 18/20 ---- Generation: 22/25
Eval Fail: name 'hashlib' is not defined
  Evaluating Individual 19/20 ---- Generation: 22/25
Eval Fail: name 'hashlib' is not defined
  Evaluating Individual 20/20 ---- Generation: 22/25
Eval Fail: name 'hashlib' is not defined


 >>> GENERATION 23 <<<

  Evaluating Individual 6/20 ---- Generation: 23/25
Eval Fail: name 'hashlib' is not defined
  Evaluating Individual 7/20 ---- Generation: 23/25
Eval Fail: name 'hashlib' is not defined
  Evaluating Individual 8/20 ---- Generation: 23/25
Eval Fail: name 'hashlib' is not defined
  Evaluating Individual 9/20 ---- Generation: 23/25
Eval Fail: name 'hashlib' is not defined
  Evaluating Individual 10/20 ---- Generation: 23/25
Eval Fail: name 'hashlib' is not defined
  [Archive] Cell (3, 64) updated with fitness: 0.0000
  Evaluating Individual 11/20 ---- Generation: 23/25
Eval Fail: name 'hashlib' is not defined
  Evaluating Individual 12/20 ---- Generation: 23/25
Eval Fail: name 'hashlib' is not defined
  Evaluating Individual 13/20 ---- Generation: 23/25
Eval Fail: name 'hashlib' is not defined
  Evaluating Individual 14/20 ---- Generation: 23/25
Eval Fail: name 'hashlib' is not defined
  Evaluating Individual 15/20 ---- Generation: 23/25
Eval Fail: name 'hashlib' is not defined
  Evaluating Individual 16/20 ---- Generation: 23/25
Eval Fail: name 'hashlib' is not defined
  Evaluating Individual 17/20 ---- Generation: 23/25
Eval Fail: name 'hashlib' is not defined
  Evaluating Individual 18/20 ---- Generation: 23/25
Eval Fail: name 'hashlib' is not defined
  Evaluating Individual 19/20 ---- Generation: 23/25
Eval Fail: name 'hashlib' is not defined
  Evaluating Individual 20/20 ---- Generation: 23/25
Eval Fail: name 'hashlib' is not defined


 >>> GENERATION 24 <<<

  Evaluating Individual 6/20 ---- Generation: 24/25
Eval Fail: name 'hashlib' is not defined
  Evaluating Individual 7/20 ---- Generation: 24/25
Eval Fail: name 'hashlib' is not defined
  Evaluating Individual 8/20 ---- Generation: 24/25
Eval Fail: name 'hashlib' is not defined
  Evaluating Individual 9/20 ---- Generation: 24/25
Eval Fail: name 'hashlib' is not defined
  Evaluating Individual 10/20 ---- Generation: 24/25
Eval Fail: name 'hashlib' is not defined
  Evaluating Individual 11/20 ---- Generation: 24/25
Eval Fail: name 'hashlib' is not defined
  Evaluating Individual 12/20 ---- Generation: 24/25
Eval Fail: name 'hashlib' is not defined
  Evaluating Individual 13/20 ---- Generation: 24/25
Eval Fail: name 'hashlib' is not defined
  Evaluating Individual 14/20 ---- Generation: 24/25
Eval Fail: name 'hashlib' is not defined
  Evaluating Individual 15/20 ---- Generation: 24/25
Eval Fail: name 'hashlib' is not defined
  Evaluating Individual 16/20 ---- Generation: 24/25
Eval Fail: name 'hashlib' is not defined
  Evaluating Individual 17/20 ---- Generation: 24/25
Eval Fail: name 'hashlib' is not defined
  Evaluating Individual 18/20 ---- Generation: 24/25
Eval Fail: name 'hashlib' is not defined
  Evaluating Individual 19/20 ---- Generation: 24/25
Eval Fail: name 'hashlib' is not defined
  Evaluating Individual 20/20 ---- Generation: 24/25
Eval Fail: name 'hashlib' is not defined


 >>> GENERATION 25 <<<

  Evaluating Individual 6/20 ---- Generation: 25/25
Eval Fail: name 'hashlib' is not defined
  Evaluating Individual 7/20 ---- Generation: 25/25
Eval Fail: name 'hashlib' is not defined
  Evaluating Individual 8/20 ---- Generation: 25/25
Eval Fail: name 'hashlib' is not defined
  Evaluating Individual 9/20 ---- Generation: 25/25
Eval Fail: name 'hashlib' is not defined
  Evaluating Individual 10/20 ---- Generation: 25/25
Eval Fail: name 'hashlib' is not defined
  Evaluating Individual 11/20 ---- Generation: 25/25
Eval Fail: name 'hashlib' is not defined
  Evaluating Individual 12/20 ---- Generation: 25/25
Eval Fail: name 'hashlib' is not defined
  Evaluating Individual 13/20 ---- Generation: 25/25
Eval Fail: name 'hashlib' is not defined
  Evaluating Individual 14/20 ---- Generation: 25/25
Eval Fail: name 'hashlib' is not defined
  Evaluating Individual 15/20 ---- Generation: 25/25
Eval Fail: name 'hashlib' is not defined
  Evaluating Individual 16/20 ---- Generation: 25/25
Eval Fail: name 'hashlib' is not defined
  Evaluating Individual 17/20 ---- Generation: 25/25
Eval Fail: name 'hashlib' is not defined
  Evaluating Individual 18/20 ---- Generation: 25/25
Eval Fail: name 'hashlib' is not defined
  Evaluating Individual 19/20 ---- Generation: 25/25
Eval Fail: name 'hashlib' is not defined
  Evaluating Individual 20/20 ---- Generation: 25/25
Eval Fail: name 'hashlib' is not defined
[Best] Saved best model to /a/mm/ab/gpt/brute/ga/meta_evolution/best_fractal_model_cifar100.py
CRITICAL GA FAIL: name 'hashlib' is not defined
PEAK_ACCURACY: 0.0
META_SCORE: 0.0
[Meta] Benchmark Output (Snippet):
12/20 ---- Generation: 25/25
Eval Fail: name 'hashlib' is not defined
  Evaluating Individual 13/20 ---- Generation: 25/25
Eval Fail: name 'hashlib' is not defined
  Evaluating Individual 14/20 ---- Generation: 25/25
Eval Fail: name 'hashlib' is not defined
  Evaluating Individual 15/20 ---- Generation: 25/25
Eval Fail: name 'hashlib' is not defined
  Evaluating Individual 16/20 ---- Generation: 25/25
Eval Fail: name 'hashlib' is not defined
  Evaluating Individual 17/20 ---- Generation: 25/25
Eval Fail: name 'hashlib' is not defined
  Evaluating Individual 18/20 ---- Generation: 25/25
Eval Fail: name 'hashlib' is not defined
  Evaluating Individual 19/20 ---- Generation: 25/25
Eval Fail: name 'hashlib' is not defined
  Evaluating Individual 20/20 ---- Generation: 25/25
Eval Fail: name 'hashlib' is not defined
[Best] Saved best model to /a/mm/ab/gpt/brute/ga/meta_evolution/best_fractal_model_cifar100.py
CRITICAL GA FAIL: name 'hashlib' is not defined
PEAK_ACCURACY: 0.0
META_SCORE: 0.0

[Meta] Median Top-3 Quality over 1 runs: 0.0000
[Meta] GPU cleanup attempted (gc + empty_cache)
   [RL] PENALTY: Zero Archive Novelty (Stagnation/Premature Convergence). Penalty: -2.0000
   [RL] Total Reward: -2.0000
--> FAILURE/REGRESSION. Skipping fine-tuning to encourage creativity.
[Meta] GPU cleanup attempted (gc + empty_cache)
--> Reverting File.
[Meta] ✗ Iteration 4 failed (regression or syntax error). Code reverted.

=== Iteration 5/5 — Evolving: combine_genes ===

[Meta] Evolving: combine_genes
--- [DEBUG] Input Code ---
### combine_genes ###
    def combine_genes(self, gene_name, parent1_value, parent2_value, crossover_point, gene_index, total_genes):
        if gene_index < crossover_point:
            return parent1_value
        return parent2_value

-------------------------
[Meta] Generation Temperature: 0.80
--- [DEBUG] Raw Response ---
```python
    def combine_genes(self, gene_name, parent1_value, parent2_value, crossover_point, gene_index, total_genes):
        if gene_index < crossover_point:
            return parent1_value
        else:
            return parent2_value

    def _sanitize_chromosome(self, chromosome):
        sanitized_chromosome = {}
        for key, value in chromosome.items():
            sanitized_chromosome[key] = self._coerce_gene_value(key, value)
        return sanitized_chromosome

    def _coerce_gene_value(self, gene_name, value):
        possible_values = self.search_space[gene_name]
        return min(max(value, min(possible_values)), max(possible_values))

    def _crossover(self, parent1_chromo, parent2_chromo):
        child_chromo = {}
        genes = list(self.search_space.keys())
        point = random.randint(1, len(genes) - 1)
        for i, gene in enumerate(genes):
            child_chromo[gene] = self.combine_genes(gene, parent1_chromo[gene], parent2_chromo[gene], point, i, len(genes))
        return self._sanitize_chromosome(child_chromo)
```
--------------------------
[Meta] Runtime smoke test PASSED (all components validated).
[Meta] Benchmarking...

[Meta] Running Benchmark 1/1...
Skipping import of cpp extensions due to incompatible torch version 2.7.1+cu126 for torchao version 0.15.0+cu126             Please see https://github.com/pytorch/ao/issues/2919 for more info
Traceback (most recent call last):
  File "/a/mm/ab/gpt/brute/ga/meta_evolution/run_fractal_evolution_cifar100.py", line 263, in fitness_function
    model_checksum = uuid4(code_str)
                     ^^^^^^^^^^^^^^^
  File "/a/mm/ab/gpt/brute/ga/meta_evolution/run_fractal_evolution_cifar100.py", line 250, in uuid4
    return hashlib.md5(s.encode()).hexdigest()
           ^^^^^^^
NameError: name 'hashlib' is not defined. Did you forget to import 'hashlib'
Traceback (most recent call last):
  File "/a/mm/ab/gpt/brute/ga/meta_evolution/run_fractal_evolution_cifar100.py", line 263, in fitness_function
    model_checksum = uuid4(code_str)
                     ^^^^^^^^^^^^^^^
  File "/a/mm/ab/gpt/brute/ga/meta_evolution/run_fractal_evolution_cifar100.py", line 250, in uuid4
    return hashlib.md5(s.encode()).hexdigest()
           ^^^^^^^
NameError: name 'hashlib' is not defined. Did you forget to import 'hashlib'
Traceback (most recent call last):
  File "/a/mm/ab/gpt/brute/ga/meta_evolution/run_fractal_evolution_cifar100.py", line 263, in fitness_function
    model_checksum = uuid4(code_str)
                     ^^^^^^^^^^^^^^^
  File "/a/mm/ab/gpt/brute/ga/meta_evolution/run_fractal_evolution_cifar100.py", line 250, in uuid4
    return hashlib.md5(s.encode()).hexdigest()
           ^^^^^^^
NameError: name 'hashlib' is not defined. Did you forget to import 'hashlib'
Traceback (most recent call last):
  File "/a/mm/ab/gpt/brute/ga/meta_evolution/run_fractal_evolution_cifar100.py", line 263, in fitness_function
    model_checksum = uuid4(code_str)
                     ^^^^^^^^^^^^^^^
  File "/a/mm/ab/gpt/brute/ga/meta_evolution/run_fractal_evolution_cifar100.py", line 250, in uuid4
    return hashlib.md5(s.encode()).hexdigest()
           ^^^^^^^
NameError: name 'hashlib' is not defined. Did you forget to import 'hashlib'
Traceback (most recent call last):
  File "/a/mm/ab/gpt/brute/ga/meta_evolution/run_fractal_evolution_cifar100.py", line 263, in fitness_function
    model_checksum = uuid4(code_str)
                     ^^^^^^^^^^^^^^^
  File "/a/mm/ab/gpt/brute/ga/meta_evolution/run_fractal_evolution_cifar100.py", line 250, in uuid4
    return hashlib.md5(s.encode()).hexdigest()
           ^^^^^^^
NameError: name 'hashlib' is not defined. Did you forget to import 'hashlib'
Traceback (most recent call last):
  File "/a/mm/ab/gpt/brute/ga/meta_evolution/run_fractal_evolution_cifar100.py", line 263, in fitness_function
    model_checksum = uuid4(code_str)
                     ^^^^^^^^^^^^^^^
  File "/a/mm/ab/gpt/brute/ga/meta_evolution/run_fractal_evolution_cifar100.py", line 250, in uuid4
    return hashlib.md5(s.encode()).hexdigest()
           ^^^^^^^
NameError: name 'hashlib' is not defined. Did you forget to import 'hashlib'
Traceback (most recent call last):
  File "/a/mm/ab/gpt/brute/ga/meta_evolution/run_fractal_evolution_cifar100.py", line 263, in fitness_function
    model_checksum = uuid4(code_str)
                     ^^^^^^^^^^^^^^^
  File "/a/mm/ab/gpt/brute/ga/meta_evolution/run_fractal_evolution_cifar100.py", line 250, in uuid4
    return hashlib.md5(s.encode()).hexdigest()
           ^^^^^^^
NameError: name 'hashlib' is not defined. Did you forget to import 'hashlib'
Traceback (most recent call last):
  File "/a/mm/ab/gpt/brute/ga/meta_evolution/run_fractal_evolution_cifar100.py", line 263, in fitness_function
    model_checksum = uuid4(code_str)
                     ^^^^^^^^^^^^^^^
  File "/a/mm/ab/gpt/brute/ga/meta_evolution/run_fractal_evolution_cifar100.py", line 250, in uuid4
    return hashlib.md5(s.encode()).hexdigest()
           ^^^^^^^
NameError: name 'hashlib' is not defined. Did you forget to import 'hashlib'
Traceback (most recent call last):
  File "/a/mm/ab/gpt/brute/ga/meta_evolution/run_fractal_evolution_cifar100.py", line 263, in fitness_function
    model_checksum = uuid4(code_str)
                     ^^^^^^^^^^^^^^^
  File "/a/mm/ab/gpt/brute/ga/meta_evolution/run_fractal_evolution_cifar100.py", line 250, in uuid4
    return hashlib.md5(s.encode()).hexdigest()
           ^^^^^^^
NameError: name 'hashlib' is not defined. Did you forget to import 'hashlib'
Traceback (most recent call last):
  File "/a/mm/ab/gpt/brute/ga/meta_evolution/run_fractal_evolution_cifar100.py", line 263, in fitness_function
    model_checksum = uuid4(code_str)
                     ^^^^^^^^^^^^^^^
  File "/a/mm/ab/gpt/brute/ga/meta_evolution/run_fractal_evolution_cifar100.py", line 250, in uuid4
    return hashlib.md5(s.encode()).hexdigest()
           ^^^^^^^
NameError: name 'hashlib' is not defined. Did you forget to import 'hashlib'
Traceback (most recent call last):
  File "/a/mm/ab/gpt/brute/ga/meta_evolution/run_fractal_evolution_cifar100.py", line 263, in fitness_function
    model_checksum = uuid4(code_str)
                     ^^^^^^^^^^^^^^^
  File "/a/mm/ab/gpt/brute/ga/meta_evolution/run_fractal_evolution_cifar100.py", line 250, in uuid4
    return hashlib.md5(s.encode()).hexdigest()
           ^^^^^^^
NameError: name 'hashlib' is not defined. Did you forget to import 'hashlib'
Traceback (most recent call last):
  File "/a/mm/ab/gpt/brute/ga/meta_evolution/run_fractal_evolution_cifar100.py", line 263, in fitness_function
    model_checksum = uuid4(code_str)
                     ^^^^^^^^^^^^^^^
  File "/a/mm/ab/gpt/brute/ga/meta_evolution/run_fractal_evolution_cifar100.py", line 250, in uuid4
    return hashlib.md5(s.encode()).hexdigest()
           ^^^^^^^
NameError: name 'hashlib' is not defined. Did you forget to import 'hashlib'
Traceback (most recent call last):
  File "/a/mm/ab/gpt/brute/ga/meta_evolution/run_fractal_evolution_cifar100.py", line 263, in fitness_function
    model_checksum = uuid4(code_str)
                     ^^^^^^^^^^^^^^^
  File "/a/mm/ab/gpt/brute/ga/meta_evolution/run_fractal_evolution_cifar100.py", line 250, in uuid4
    return hashlib.md5(s.encode()).hexdigest()
           ^^^^^^^
NameError: name 'hashlib' is not defined. Did you forget to import 'hashlib'
Traceback (most recent call last):
  File "/a/mm/ab/gpt/brute/ga/meta_evolution/run_fractal_evolution_cifar100.py", line 263, in fitness_function
    model_checksum = uuid4(code_str)
                     ^^^^^^^^^^^^^^^
  File "/a/mm/ab/gpt/brute/ga/meta_evolution/run_fractal_evolution_cifar100.py", line 250, in uuid4
    return hashlib.md5(s.encode()).hexdigest()
           ^^^^^^^
NameError: name 'hashlib' is not defined. Did you forget to import 'hashlib'
Traceback (most recent call last):
  File "/a/mm/ab/gpt/brute/ga/meta_evolution/run_fractal_evolution_cifar100.py", line 263, in fitness_function
    model_checksum = uuid4(code_str)
                     ^^^^^^^^^^^^^^^
  File "/a/mm/ab/gpt/brute/ga/meta_evolution/run_fractal_evolution_cifar100.py", line 250, in uuid4
    return hashlib.md5(s.encode()).hexdigest()
           ^^^^^^^
NameError: name 'hashlib' is not defined. Did you forget to import 'hashlib'
Traceback (most recent call last):
  File "/a/mm/ab/gpt/brute/ga/meta_evolution/run_fractal_evolution_cifar100.py", line 263, in fitness_function
    model_checksum = uuid4(code_str)
                     ^^^^^^^^^^^^^^^
  File "/a/mm/ab/gpt/brute/ga/meta_evolution/run_fractal_evolution_cifar100.py", line 250, in uuid4
    return hashlib.md5(s.encode()).hexdigest()
           ^^^^^^^
NameError: name 'hashlib' is not defined. Did you forget to import 'hashlib'
Traceback (most recent call last):
  File "/a/mm/ab/gpt/brute/ga/meta_evolution/run_fractal_evolution_cifar100.py", line 263, in fitness_function
    model_checksum = uuid4(code_str)
                     ^^^^^^^^^^^^^^^
  File "/a/mm/ab/gpt/brute/ga/meta_evolution/run_fractal_evolution_cifar100.py", line 250, in uuid4
    return hashlib.md5(s.encode()).hexdigest()
           ^^^^^^^
NameError: name 'hashlib' is not defined. Did you forget to import 'hashlib'
Traceback (most recent call last):
  File "/a/mm/ab/gpt/brute/ga/meta_evolution/run_fractal_evolution_cifar100.py", line 263, in fitness_function
    model_checksum = uuid4(code_str)
                     ^^^^^^^^^^^^^^^
  File "/a/mm/ab/gpt/brute/ga/meta_evolution/run_fractal_evolution_cifar100.py", line 250, in uuid4
    return hashlib.md5(s.encode()).hexdigest()
           ^^^^^^^
NameError: name 'hashlib' is not defined. Did you forget to import 'hashlib'
Traceback (most recent call last):
  File "/a/mm/ab/gpt/brute/ga/meta_evolution/run_fractal_evolution_cifar100.py", line 263, in fitness_function
    model_checksum = uuid4(code_str)
                     ^^^^^^^^^^^^^^^
  File "/a/mm/ab/gpt/brute/ga/meta_evolution/run_fractal_evolution_cifar100.py", line 250, in uuid4
    return hashlib.md5(s.encode()).hexdigest()
           ^^^^^^^
NameError: name 'hashlib' is not defined. Did you forget to import 'hashlib'
Traceback (most recent call last):
  File "/a/mm/ab/gpt/brute/ga/meta_evolution/run_fractal_evolution_cifar100.py", line 263, in fitness_function
    model_checksum = uuid4(code_str)
                     ^^^^^^^^^^^^^^^
  File "/a/mm/ab/gpt/brute/ga/meta_evolution/run_fractal_evolution_cifar100.py", line 250, in uuid4
    return hashlib.md5(s.encode()).hexdigest()
           ^^^^^^^
NameError: name 'hashlib' is not defined. Did you forget to import 'hashlib'
Traceback (most recent call last):
  File "/a/mm/ab/gpt/brute/ga/meta_evolution/run_fractal_evolution_cifar100.py", line 263, in fitness_function
    model_checksum = uuid4(code_str)
                     ^^^^^^^^^^^^^^^
  File "/a/mm/ab/gpt/brute/ga/meta_evolution/run_fractal_evolution_cifar100.py", line 250, in uuid4
    return hashlib.md5(s.encode()).hexdigest()
           ^^^^^^^
NameError: name 'hashlib' is not defined. Did you forget to import 'hashlib'
Traceback (most recent call last):
  File "/a/mm/ab/gpt/brute/ga/meta_evolution/run_fractal_evolution_cifar100.py", line 263, in fitness_function
    model_checksum = uuid4(code_str)
                     ^^^^^^^^^^^^^^^
  File "/a/mm/ab/gpt/brute/ga/meta_evolution/run_fractal_evolution_cifar100.py", line 250, in uuid4
    return hashlib.md5(s.encode()).hexdigest()
           ^^^^^^^
NameError: name 'hashlib' is not defined. Did you forget to import 'hashlib'
Traceback (most recent call last):
  File "/a/mm/ab/gpt/brute/ga/meta_evolution/run_fractal_evolution_cifar100.py", line 263, in fitness_function
    model_checksum = uuid4(code_str)
                     ^^^^^^^^^^^^^^^
  File "/a/mm/ab/gpt/brute/ga/meta_evolution/run_fractal_evolution_cifar100.py", line 250, in uuid4
    return hashlib.md5(s.encode()).hexdigest()
           ^^^^^^^
NameError: name 'hashlib' is not defined. Did you forget to import 'hashlib'
Traceback (most recent call last):
  File "/a/mm/ab/gpt/brute/ga/meta_evolution/run_fractal_evolution_cifar100.py", line 263, in fitness_function
    model_checksum = uuid4(code_str)
                     ^^^^^^^^^^^^^^^
  File "/a/mm/ab/gpt/brute/ga/meta_evolution/run_fractal_evolution_cifar100.py", line 250, in uuid4
    return hashlib.md5(s.encode()).hexdigest()
           ^^^^^^^
NameError: name 'hashlib' is not defined. Did you forget to import 'hashlib'
Traceback (most recent call last):
  File "/a/mm/ab/gpt/brute/ga/meta_evolution/run_fractal_evolution_cifar100.py", line 263, in fitness_function
    model_checksum = uuid4(code_str)
                     ^^^^^^^^^^^^^^^
  File "/a/mm/ab/gpt/brute/ga/meta_evolution/run_fractal_evolution_cifar100.py", line 250, in uuid4
    return hashlib.md5(s.encode()).hexdigest()
           ^^^^^^^
NameError: name 'hashlib' is not defined. Did you forget to import 'hashlib'
Traceback (most recent call last):
  File "/a/mm/ab/gpt/brute/ga/meta_evolution/run_fractal_evolution_cifar100.py", line 263, in fitness_function
    model_checksum = uuid4(code_str)
                     ^^^^^^^^^^^^^^^
  File "/a/mm/ab/gpt/brute/ga/meta_evolution/run_fractal_evolution_cifar100.py", line 250, in uuid4
    return hashlib.md5(s.encode()).hexdigest()
           ^^^^^^^
NameError: name 'hashlib' is not defined. Did you forget to import 'hashlib'
Traceback (most recent call last):
  File "/a/mm/ab/gpt/brute/ga/meta_evolution/run_fractal_evolution_cifar100.py", line 263, in fitness_function
    model_checksum = uuid4(code_str)
                     ^^^^^^^^^^^^^^^
  File "/a/mm/ab/gpt/brute/ga/meta_evolution/run_fractal_evolution_cifar100.py", line 250, in uuid4
    return hashlib.md5(s.encode()).hexdigest()
           ^^^^^^^
NameError: name 'hashlib' is not defined. Did you forget to import 'hashlib'
Traceback (most recent call last):
  File "/a/mm/ab/gpt/brute/ga/meta_evolution/run_fractal_evolution_cifar100.py", line 263, in fitness_function
    model_checksum = uuid4(code_str)
                     ^^^^^^^^^^^^^^^
  File "/a/mm/ab/gpt/brute/ga/meta_evolution/run_fractal_evolution_cifar100.py", line 250, in uuid4
    return hashlib.md5(s.encode()).hexdigest()
           ^^^^^^^
NameError: name 'hashlib' is not defined. Did you forget to import 'hashlib'
Traceback (most recent call last):
  File "/a/mm/ab/gpt/brute/ga/meta_evolution/run_fractal_evolution_cifar100.py", line 263, in fitness_function
    model_checksum = uuid4(code_str)
                     ^^^^^^^^^^^^^^^
  File "/a/mm/ab/gpt/brute/ga/meta_evolution/run_fractal_evolution_cifar100.py", line 250, in uuid4
    return hashlib.md5(s.encode()).hexdigest()
           ^^^^^^^
NameError: name 'hashlib' is not defined. Did you forget to import 'hashlib'
Traceback (most recent call last):
  File "/a/mm/ab/gpt/brute/ga/meta_evolution/run_fractal_evolution_cifar100.py", line 263, in fitness_function
    model_checksum = uuid4(code_str)
                     ^^^^^^^^^^^^^^^
  File "/a/mm/ab/gpt/brute/ga/meta_evolution/run_fractal_evolution_cifar100.py", line 250, in uuid4
    return hashlib.md5(s.encode()).hexdigest()
           ^^^^^^^
NameError: name 'hashlib' is not defined. Did you forget to import 'hashlib'
Traceback (most recent call last):
  File "/a/mm/ab/gpt/brute/ga/meta_evolution/run_fractal_evolution_cifar100.py", line 263, in fitness_function
    model_checksum = uuid4(code_str)
                     ^^^^^^^^^^^^^^^
  File "/a/mm/ab/gpt/brute/ga/meta_evolution/run_fractal_evolution_cifar100.py", line 250, in uuid4
    return hashlib.md5(s.encode()).hexdigest()
           ^^^^^^^
NameError: name 'hashlib' is not defined. Did you forget to import 'hashlib'
Traceback (most recent call last):
  File "/a/mm/ab/gpt/brute/ga/meta_evolution/run_fractal_evolution_cifar100.py", line 263, in fitness_function
    model_checksum = uuid4(code_str)
                     ^^^^^^^^^^^^^^^
  File "/a/mm/ab/gpt/brute/ga/meta_evolution/run_fractal_evolution_cifar100.py", line 250, in uuid4
    return hashlib.md5(s.encode()).hexdigest()
           ^^^^^^^
NameError: name 'hashlib' is not defined. Did you forget to import 'hashlib'
Traceback (most recent call last):
  File "/a/mm/ab/gpt/brute/ga/meta_evolution/run_fractal_evolution_cifar100.py", line 263, in fitness_function
    model_checksum = uuid4(code_str)
                     ^^^^^^^^^^^^^^^
  File "/a/mm/ab/gpt/brute/ga/meta_evolution/run_fractal_evolution_cifar100.py", line 250, in uuid4
    return hashlib.md5(s.encode()).hexdigest()
           ^^^^^^^
NameError: name 'hashlib' is not defined. Did you forget to import 'hashlib'
Traceback (most recent call last):
  File "/a/mm/ab/gpt/brute/ga/meta_evolution/run_fractal_evolution_cifar100.py", line 263, in fitness_function
    model_checksum = uuid4(code_str)
                     ^^^^^^^^^^^^^^^
  File "/a/mm/ab/gpt/brute/ga/meta_evolution/run_fractal_evolution_cifar100.py", line 250, in uuid4
    return hashlib.md5(s.encode()).hexdigest()
           ^^^^^^^
NameError: name 'hashlib' is not defined. Did you forget to import 'hashlib'
Traceback (most recent call last):
  File "/a/mm/ab/gpt/brute/ga/meta_evolution/run_fractal_evolution_cifar100.py", line 263, in fitness_function
    model_checksum = uuid4(code_str)
                     ^^^^^^^^^^^^^^^
  File "/a/mm/ab/gpt/brute/ga/meta_evolution/run_fractal_evolution_cifar100.py", line 250, in uuid4
    return hashlib.md5(s.encode()).hexdigest()
           ^^^^^^^
NameError: name 'hashlib' is not defined. Did you forget to import 'hashlib'
Traceback (most recent call last):
  File "/a/mm/ab/gpt/brute/ga/meta_evolution/run_fractal_evolution_cifar100.py", line 263, in fitness_function
    model_checksum = uuid4(code_str)
                     ^^^^^^^^^^^^^^^
  File "/a/mm/ab/gpt/brute/ga/meta_evolution/run_fractal_evolution_cifar100.py", line 250, in uuid4
    return hashlib.md5(s.encode()).hexdigest()
           ^^^^^^^
NameError: name 'hashlib' is not defined. Did you forget to import 'hashlib'
Traceback (most recent call last):
  File "/a/mm/ab/gpt/brute/ga/meta_evolution/run_fractal_evolution_cifar100.py", line 263, in fitness_function
    model_checksum = uuid4(code_str)
                     ^^^^^^^^^^^^^^^
  File "/a/mm/ab/gpt/brute/ga/meta_evolution/run_fractal_evolution_cifar100.py", line 250, in uuid4
    return hashlib.md5(s.encode()).hexdigest()
           ^^^^^^^
NameError: name 'hashlib' is not defined. Did you forget to import 'hashlib'
Traceback (most recent call last):
  File "/a/mm/ab/gpt/brute/ga/meta_evolution/run_fractal_evolution_cifar100.py", line 263, in fitness_function
    model_checksum = uuid4(code_str)
                     ^^^^^^^^^^^^^^^
  File "/a/mm/ab/gpt/brute/ga/meta_evolution/run_fractal_evolution_cifar100.py", line 250, in uuid4
    return hashlib.md5(s.encode()).hexdigest()
           ^^^^^^^
NameError: name 'hashlib' is not defined. Did you forget to import 'hashlib'
Traceback (most recent call last):
  File "/a/mm/ab/gpt/brute/ga/meta_evolution/run_fractal_evolution_cifar100.py", line 263, in fitness_function
    model_checksum = uuid4(code_str)
                     ^^^^^^^^^^^^^^^
  File "/a/mm/ab/gpt/brute/ga/meta_evolution/run_fractal_evolution_cifar100.py", line 250, in uuid4
    return hashlib.md5(s.encode()).hexdigest()
           ^^^^^^^
NameError: name 'hashlib' is not defined. Did you forget to import 'hashlib'
Traceback (most recent call last):
  File "/a/mm/ab/gpt/brute/ga/meta_evolution/run_fractal_evolution_cifar100.py", line 263, in fitness_function
    model_checksum = uuid4(code_str)
                     ^^^^^^^^^^^^^^^
  File "/a/mm/ab/gpt/brute/ga/meta_evolution/run_fractal_evolution_cifar100.py", line 250, in uuid4
    return hashlib.md5(s.encode()).hexdigest()
           ^^^^^^^
NameError: name 'hashlib' is not defined. Did you forget to import 'hashlib'
Traceback (most recent call last):
  File "/a/mm/ab/gpt/brute/ga/meta_evolution/run_fractal_evolution_cifar100.py", line 263, in fitness_function
    model_checksum = uuid4(code_str)
                     ^^^^^^^^^^^^^^^
  File "/a/mm/ab/gpt/brute/ga/meta_evolution/run_fractal_evolution_cifar100.py", line 250, in uuid4
    return hashlib.md5(s.encode()).hexdigest()
           ^^^^^^^
NameError: name 'hashlib' is not defined. Did you forget to import 'hashlib'
Traceback (most recent call last):
  File "/a/mm/ab/gpt/brute/ga/meta_evolution/run_fractal_evolution_cifar100.py", line 263, in fitness_function
    model_checksum = uuid4(code_str)
                     ^^^^^^^^^^^^^^^
  File "/a/mm/ab/gpt/brute/ga/meta_evolution/run_fractal_evolution_cifar100.py", line 250, in uuid4
    return hashlib.md5(s.encode()).hexdigest()
           ^^^^^^^
NameError: name 'hashlib' is not defined. Did you forget to import 'hashlib'
Traceback (most recent call last):
  File "/a/mm/ab/gpt/brute/ga/meta_evolution/run_fractal_evolution_cifar100.py", line 263, in fitness_function
    model_checksum = uuid4(code_str)
                     ^^^^^^^^^^^^^^^
  File "/a/mm/ab/gpt/brute/ga/meta_evolution/run_fractal_evolution_cifar100.py", line 250, in uuid4
    return hashlib.md5(s.encode()).hexdigest()
           ^^^^^^^
NameError: name 'hashlib' is not defined. Did you forget to import 'hashlib'
Traceback (most recent call last):
  File "/a/mm/ab/gpt/brute/ga/meta_evolution/run_fractal_evolution_cifar100.py", line 263, in fitness_function
    model_checksum = uuid4(code_str)
                     ^^^^^^^^^^^^^^^
  File "/a/mm/ab/gpt/brute/ga/meta_evolution/run_fractal_evolution_cifar100.py", line 250, in uuid4
    return hashlib.md5(s.encode()).hexdigest()
           ^^^^^^^
NameError: name 'hashlib' is not defined. Did you forget to import 'hashlib'
Traceback (most recent call last):
  File "/a/mm/ab/gpt/brute/ga/meta_evolution/run_fractal_evolution_cifar100.py", line 263, in fitness_function
    model_checksum = uuid4(code_str)
                     ^^^^^^^^^^^^^^^
  File "/a/mm/ab/gpt/brute/ga/meta_evolution/run_fractal_evolution_cifar100.py", line 250, in uuid4
    return hashlib.md5(s.encode()).hexdigest()
           ^^^^^^^
NameError: name 'hashlib' is not defined. Did you forget to import 'hashlib'
Traceback (most recent call last):
  File "/a/mm/ab/gpt/brute/ga/meta_evolution/run_fractal_evolution_cifar100.py", line 263, in fitness_function
    model_checksum = uuid4(code_str)
                     ^^^^^^^^^^^^^^^
  File "/a/mm/ab/gpt/brute/ga/meta_evolution/run_fractal_evolution_cifar100.py", line 250, in uuid4
    return hashlib.md5(s.encode()).hexdigest()
           ^^^^^^^
NameError: name 'hashlib' is not defined. Did you forget to import 'hashlib'
Traceback (most recent call last):
  File "/a/mm/ab/gpt/brute/ga/meta_evolution/run_fractal_evolution_cifar100.py", line 263, in fitness_function
    model_checksum = uuid4(code_str)
                     ^^^^^^^^^^^^^^^
  File "/a/mm/ab/gpt/brute/ga/meta_evolution/run_fractal_evolution_cifar100.py", line 250, in uuid4
    return hashlib.md5(s.encode()).hexdigest()
           ^^^^^^^
NameError: name 'hashlib' is not defined. Did you forget to import 'hashlib'
Traceback (most recent call last):
  File "/a/mm/ab/gpt/brute/ga/meta_evolution/run_fractal_evolution_cifar100.py", line 263, in fitness_function
    model_checksum = uuid4(code_str)
                     ^^^^^^^^^^^^^^^
  File "/a/mm/ab/gpt/brute/ga/meta_evolution/run_fractal_evolution_cifar100.py", line 250, in uuid4
    return hashlib.md5(s.encode()).hexdigest()
           ^^^^^^^
NameError: name 'hashlib' is not defined. Did you forget to import 'hashlib'
Traceback (most recent call last):
  File "/a/mm/ab/gpt/brute/ga/meta_evolution/run_fractal_evolution_cifar100.py", line 263, in fitness_function
    model_checksum = uuid4(code_str)
                     ^^^^^^^^^^^^^^^
  File "/a/mm/ab/gpt/brute/ga/meta_evolution/run_fractal_evolution_cifar100.py", line 250, in uuid4
    return hashlib.md5(s.encode()).hexdigest()
           ^^^^^^^
NameError: name 'hashlib' is not defined. Did you forget to import 'hashlib'
Traceback (most recent call last):
  File "/a/mm/ab/gpt/brute/ga/meta_evolution/run_fractal_evolution_cifar100.py", line 263, in fitness_function
    model_checksum = uuid4(code_str)
                     ^^^^^^^^^^^^^^^
  File "/a/mm/ab/gpt/brute/ga/meta_evolution/run_fractal_evolution_cifar100.py", line 250, in uuid4
    return hashlib.md5(s.encode()).hexdigest()
           ^^^^^^^
NameError: name 'hashlib' is not defined. Did you forget to import 'hashlib'
Traceback (most recent call last):
  File "/a/mm/ab/gpt/brute/ga/meta_evolution/run_fractal_evolution_cifar100.py", line 263, in fitness_function
    model_checksum = uuid4(code_str)
                     ^^^^^^^^^^^^^^^
  File "/a/mm/ab/gpt/brute/ga/meta_evolution/run_fractal_evolution_cifar100.py", line 250, in uuid4
    return hashlib.md5(s.encode()).hexdigest()
           ^^^^^^^
NameError: name 'hashlib' is not defined. Did you forget to import 'hashlib'
Traceback (most recent call last):
  File "/a/mm/ab/gpt/brute/ga/meta_evolution/run_fractal_evolution_cifar100.py", line 263, in fitness_function
    model_checksum = uuid4(code_str)
                     ^^^^^^^^^^^^^^^
  File "/a/mm/ab/gpt/brute/ga/meta_evolution/run_fractal_evolution_cifar100.py", line 250, in uuid4
    return hashlib.md5(s.encode()).hexdigest()
           ^^^^^^^
NameError: name 'hashlib' is not defined. Did you forget to import 'hashlib'
Traceback (most recent call last):
  File "/a/mm/ab/gpt/brute/ga/meta_evolution/run_fractal_evolution_cifar100.py", line 263, in fitness_function
    model_checksum = uuid4(code_str)
                     ^^^^^^^^^^^^^^^
  File "/a/mm/ab/gpt/brute/ga/meta_evolution/run_fractal_evolution_cifar100.py", line 250, in uuid4
    return hashlib.md5(s.encode()).hexdigest()
           ^^^^^^^
NameError: name 'hashlib' is not defined. Did you forget to import 'hashlib'
Traceback (most recent call last):
  File "/a/mm/ab/gpt/brute/ga/meta_evolution/run_fractal_evolution_cifar100.py", line 263, in fitness_function
    model_checksum = uuid4(code_str)
                     ^^^^^^^^^^^^^^^
  File "/a/mm/ab/gpt/brute/ga/meta_evolution/run_fractal_evolution_cifar100.py", line 250, in uuid4
    return hashlib.md5(s.encode()).hexdigest()
           ^^^^^^^
NameError: name 'hashlib' is not defined. Did you forget to import 'hashlib'
Traceback (most recent call last):
  File "/a/mm/ab/gpt/brute/ga/meta_evolution/run_fractal_evolution_cifar100.py", line 263, in fitness_function
    model_checksum = uuid4(code_str)
                     ^^^^^^^^^^^^^^^
  File "/a/mm/ab/gpt/brute/ga/meta_evolution/run_fractal_evolution_cifar100.py", line 250, in uuid4
    return hashlib.md5(s.encode()).hexdigest()
           ^^^^^^^
NameError: name 'hashlib' is not defined. Did you forget to import 'hashlib'
Traceback (most recent call last):
  File "/a/mm/ab/gpt/brute/ga/meta_evolution/run_fractal_evolution_cifar100.py", line 263, in fitness_function
    model_checksum = uuid4(code_str)
                     ^^^^^^^^^^^^^^^
  File "/a/mm/ab/gpt/brute/ga/meta_evolution/run_fractal_evolution_cifar100.py", line 250, in uuid4
    return hashlib.md5(s.encode()).hexdigest()
           ^^^^^^^
NameError: name 'hashlib' is not defined. Did you forget to import 'hashlib'
Traceback (most recent call last):
  File "/a/mm/ab/gpt/brute/ga/meta_evolution/run_fractal_evolution_cifar100.py", line 263, in fitness_function
    model_checksum = uuid4(code_str)
                     ^^^^^^^^^^^^^^^
  File "/a/mm/ab/gpt/brute/ga/meta_evolution/run_fractal_evolution_cifar100.py", line 250, in uuid4
    return hashlib.md5(s.encode()).hexdigest()
           ^^^^^^^
NameError: name 'hashlib' is not defined. Did you forget to import 'hashlib'
Traceback (most recent call last):
  File "/a/mm/ab/gpt/brute/ga/meta_evolution/run_fractal_evolution_cifar100.py", line 263, in fitness_function
    model_checksum = uuid4(code_str)
                     ^^^^^^^^^^^^^^^
  File "/a/mm/ab/gpt/brute/ga/meta_evolution/run_fractal_evolution_cifar100.py", line 250, in uuid4
    return hashlib.md5(s.encode()).hexdigest()
           ^^^^^^^
NameError: name 'hashlib' is not defined. Did you forget to import 'hashlib'
Traceback (most recent call last):
  File "/a/mm/ab/gpt/brute/ga/meta_evolution/run_fractal_evolution_cifar100.py", line 263, in fitness_function
    model_checksum = uuid4(code_str)
                     ^^^^^^^^^^^^^^^
  File "/a/mm/ab/gpt/brute/ga/meta_evolution/run_fractal_evolution_cifar100.py", line 250, in uuid4
    return hashlib.md5(s.encode()).hexdigest()
           ^^^^^^^
NameError: name 'hashlib' is not defined. Did you forget to import 'hashlib'
Traceback (most recent call last):
  File "/a/mm/ab/gpt/brute/ga/meta_evolution/run_fractal_evolution_cifar100.py", line 263, in fitness_function
    model_checksum = uuid4(code_str)
                     ^^^^^^^^^^^^^^^
  File "/a/mm/ab/gpt/brute/ga/meta_evolution/run_fractal_evolution_cifar100.py", line 250, in uuid4
    return hashlib.md5(s.encode()).hexdigest()
           ^^^^^^^
NameError: name 'hashlib' is not defined. Did you forget to import 'hashlib'
Traceback (most recent call last):
  File "/a/mm/ab/gpt/brute/ga/meta_evolution/run_fractal_evolution_cifar100.py", line 263, in fitness_function
    model_checksum = uuid4(code_str)
                     ^^^^^^^^^^^^^^^
  File "/a/mm/ab/gpt/brute/ga/meta_evolution/run_fractal_evolution_cifar100.py", line 250, in uuid4
    return hashlib.md5(s.encode()).hexdigest()
           ^^^^^^^
NameError: name 'hashlib' is not defined. Did you forget to import 'hashlib'
Traceback (most recent call last):
  File "/a/mm/ab/gpt/brute/ga/meta_evolution/run_fractal_evolution_cifar100.py", line 263, in fitness_function
    model_checksum = uuid4(code_str)
                     ^^^^^^^^^^^^^^^
  File "/a/mm/ab/gpt/brute/ga/meta_evolution/run_fractal_evolution_cifar100.py", line 250, in uuid4
    return hashlib.md5(s.encode()).hexdigest()
           ^^^^^^^
NameError: name 'hashlib' is not defined. Did you forget to import 'hashlib'
Traceback (most recent call last):
  File "/a/mm/ab/gpt/brute/ga/meta_evolution/run_fractal_evolution_cifar100.py", line 263, in fitness_function
    model_checksum = uuid4(code_str)
                     ^^^^^^^^^^^^^^^
  File "/a/mm/ab/gpt/brute/ga/meta_evolution/run_fractal_evolution_cifar100.py", line 250, in uuid4
    return hashlib.md5(s.encode()).hexdigest()
           ^^^^^^^
NameError: name 'hashlib' is not defined. Did you forget to import 'hashlib'
Traceback (most recent call last):
  File "/a/mm/ab/gpt/brute/ga/meta_evolution/run_fractal_evolution_cifar100.py", line 263, in fitness_function
    model_checksum = uuid4(code_str)
                     ^^^^^^^^^^^^^^^
  File "/a/mm/ab/gpt/brute/ga/meta_evolution/run_fractal_evolution_cifar100.py", line 250, in uuid4
    return hashlib.md5(s.encode()).hexdigest()
           ^^^^^^^
NameError: name 'hashlib' is not defined. Did you forget to import 'hashlib'
Traceback (most recent call last):
  File "/a/mm/ab/gpt/brute/ga/meta_evolution/run_fractal_evolution_cifar100.py", line 263, in fitness_function
    model_checksum = uuid4(code_str)
                     ^^^^^^^^^^^^^^^
  File "/a/mm/ab/gpt/brute/ga/meta_evolution/run_fractal_evolution_cifar100.py", line 250, in uuid4
    return hashlib.md5(s.encode()).hexdigest()
           ^^^^^^^
NameError: name 'hashlib' is not defined. Did you forget to import 'hashlib'
Traceback (most recent call last):
  File "/a/mm/ab/gpt/brute/ga/meta_evolution/run_fractal_evolution_cifar100.py", line 263, in fitness_function
    model_checksum = uuid4(code_str)
                     ^^^^^^^^^^^^^^^
  File "/a/mm/ab/gpt/brute/ga/meta_evolution/run_fractal_evolution_cifar100.py", line 250, in uuid4
    return hashlib.md5(s.encode()).hexdigest()
           ^^^^^^^
NameError: name 'hashlib' is not defined. Did you forget to import 'hashlib'
Traceback (most recent call last):
  File "/a/mm/ab/gpt/brute/ga/meta_evolution/run_fractal_evolution_cifar100.py", line 263, in fitness_function
    model_checksum = uuid4(code_str)
                     ^^^^^^^^^^^^^^^
  File "/a/mm/ab/gpt/brute/ga/meta_evolution/run_fractal_evolution_cifar100.py", line 250, in uuid4
    return hashlib.md5(s.encode()).hexdigest()
           ^^^^^^^
NameError: name 'hashlib' is not defined. Did you forget to import 'hashlib'
Traceback (most recent call last):
  File "/a/mm/ab/gpt/brute/ga/meta_evolution/run_fractal_evolution_cifar100.py", line 263, in fitness_function
    model_checksum = uuid4(code_str)
                     ^^^^^^^^^^^^^^^
  File "/a/mm/ab/gpt/brute/ga/meta_evolution/run_fractal_evolution_cifar100.py", line 250, in uuid4
    return hashlib.md5(s.encode()).hexdigest()
           ^^^^^^^
NameError: name 'hashlib' is not defined. Did you forget to import 'hashlib'
Traceback (most recent call last):
  File "/a/mm/ab/gpt/brute/ga/meta_evolution/run_fractal_evolution_cifar100.py", line 263, in fitness_function
    model_checksum = uuid4(code_str)
                     ^^^^^^^^^^^^^^^
  File "/a/mm/ab/gpt/brute/ga/meta_evolution/run_fractal_evolution_cifar100.py", line 250, in uuid4
    return hashlib.md5(s.encode()).hexdigest()
           ^^^^^^^
NameError: name 'hashlib' is not defined. Did you forget to import 'hashlib'
Traceback (most recent call last):
  File "/a/mm/ab/gpt/brute/ga/meta_evolution/run_fractal_evolution_cifar100.py", line 263, in fitness_function
    model_checksum = uuid4(code_str)
                     ^^^^^^^^^^^^^^^
  File "/a/mm/ab/gpt/brute/ga/meta_evolution/run_fractal_evolution_cifar100.py", line 250, in uuid4
    return hashlib.md5(s.encode()).hexdigest()
           ^^^^^^^
NameError: name 'hashlib' is not defined. Did you forget to import 'hashlib'
Traceback (most recent call last):
  File "/a/mm/ab/gpt/brute/ga/meta_evolution/run_fractal_evolution_cifar100.py", line 263, in fitness_function
    model_checksum = uuid4(code_str)
                     ^^^^^^^^^^^^^^^
  File "/a/mm/ab/gpt/brute/ga/meta_evolution/run_fractal_evolution_cifar100.py", line 250, in uuid4
    return hashlib.md5(s.encode()).hexdigest()
           ^^^^^^^
NameError: name 'hashlib' is not defined. Did you forget to import 'hashlib'
Traceback (most recent call last):
  File "/a/mm/ab/gpt/brute/ga/meta_evolution/run_fractal_evolution_cifar100.py", line 263, in fitness_function
    model_checksum = uuid4(code_str)
                     ^^^^^^^^^^^^^^^
  File "/a/mm/ab/gpt/brute/ga/meta_evolution/run_fractal_evolution_cifar100.py", line 250, in uuid4
    return hashlib.md5(s.encode()).hexdigest()
           ^^^^^^^
NameError: name 'hashlib' is not defined. Did you forget to import 'hashlib'
Traceback (most recent call last):
  File "/a/mm/ab/gpt/brute/ga/meta_evolution/run_fractal_evolution_cifar100.py", line 263, in fitness_function
    model_checksum = uuid4(code_str)
                     ^^^^^^^^^^^^^^^
  File "/a/mm/ab/gpt/brute/ga/meta_evolution/run_fractal_evolution_cifar100.py", line 250, in uuid4
    return hashlib.md5(s.encode()).hexdigest()
           ^^^^^^^
NameError: name 'hashlib' is not defined. Did you forget to import 'hashlib'
Traceback (most recent call last):
  File "/a/mm/ab/gpt/brute/ga/meta_evolution/run_fractal_evolution_cifar100.py", line 263, in fitness_function
    model_checksum = uuid4(code_str)
                     ^^^^^^^^^^^^^^^
  File "/a/mm/ab/gpt/brute/ga/meta_evolution/run_fractal_evolution_cifar100.py", line 250, in uuid4
    return hashlib.md5(s.encode()).hexdigest()
           ^^^^^^^
NameError: name 'hashlib' is not defined. Did you forget to import 'hashlib'
Traceback (most recent call last):
  File "/a/mm/ab/gpt/brute/ga/meta_evolution/run_fractal_evolution_cifar100.py", line 263, in fitness_function
    model_checksum = uuid4(code_str)
                     ^^^^^^^^^^^^^^^
  File "/a/mm/ab/gpt/brute/ga/meta_evolution/run_fractal_evolution_cifar100.py", line 250, in uuid4
    return hashlib.md5(s.encode()).hexdigest()
           ^^^^^^^
NameError: name 'hashlib' is not defined. Did you forget to import 'hashlib'
Traceback (most recent call last):
  File "/a/mm/ab/gpt/brute/ga/meta_evolution/run_fractal_evolution_cifar100.py", line 547, in <module>
    best_checksum = uuid4(best_code)
                    ^^^^^^^^^^^^^^^^
  File "/a/mm/ab/gpt/brute/ga/meta_evolution/run_fractal_evolution_cifar100.py", line 250, in uuid4
    return hashlib.md5(s.encode()).hexdigest()
           ^^^^^^^
NameError: name 'hashlib' is not defined. Did you forget to import 'hashlib'
LEMUR root /a/mm
[Init] Loaded 2889 existing checksums from stats/ (skipping duplicates)
[Run] Continuing evolution from gen 25 to 30


 >>> GENERATION 26 <<<

  Evaluating Individual 6/20 ---- Generation: 26/30
Eval Fail: name 'hashlib' is not defined
  [Archive] Cell (4, 16) updated with fitness: 0.0000
  Evaluating Individual 7/20 ---- Generation: 26/30
Eval Fail: name 'hashlib' is not defined
  [Archive] Cell (2, 32) updated with fitness: 0.0000
  Evaluating Individual 8/20 ---- Generation: 26/30
Eval Fail: name 'hashlib' is not defined
  Evaluating Individual 9/20 ---- Generation: 26/30
Eval Fail: name 'hashlib' is not defined
  Evaluating Individual 10/20 ---- Generation: 26/30
Eval Fail: name 'hashlib' is not defined
  Evaluating Individual 11/20 ---- Generation: 26/30
Eval Fail: name 'hashlib' is not defined
  Evaluating Individual 12/20 ---- Generation: 26/30
Eval Fail: name 'hashlib' is not defined
  [Archive] Cell (4, 32) updated with fitness: 0.0000
  Evaluating Individual 13/20 ---- Generation: 26/30
Eval Fail: name 'hashlib' is not defined
  [Archive] Cell (2, 16) updated with fitness: 0.0000
  Evaluating Individual 14/20 ---- Generation: 26/30
Eval Fail: name 'hashlib' is not defined
  Evaluating Individual 15/20 ---- Generation: 26/30
Eval Fail: name 'hashlib' is not defined
  Evaluating Individual 16/20 ---- Generation: 26/30
Eval Fail: name 'hashlib' is not defined
  Evaluating Individual 17/20 ---- Generation: 26/30
Eval Fail: name 'hashlib' is not defined
  [Archive] Cell (3, 32) updated with fitness: 0.0000
  Evaluating Individual 18/20 ---- Generation: 26/30
Eval Fail: name 'hashlib' is not defined
  Evaluating Individual 19/20 ---- Generation: 26/30
Eval Fail: name 'hashlib' is not defined
  [Archive] Cell (3, 64) updated with fitness: 0.0000
  Evaluating Individual 20/20 ---- Generation: 26/30
Eval Fail: name 'hashlib' is not defined


 >>> GENERATION 27 <<<

  Evaluating Individual 6/20 ---- Generation: 27/30
Eval Fail: name 'hashlib' is not defined
  Evaluating Individual 7/20 ---- Generation: 27/30
Eval Fail: name 'hashlib' is not defined
  Evaluating Individual 8/20 ---- Generation: 27/30
Eval Fail: name 'hashlib' is not defined
  Evaluating Individual 9/20 ---- Generation: 27/30
Eval Fail: name 'hashlib' is not defined
  Evaluating Individual 10/20 ---- Generation: 27/30
Eval Fail: name 'hashlib' is not defined
  [Archive] Cell (3, 16) updated with fitness: 0.0000
  Evaluating Individual 11/20 ---- Generation: 27/30
Eval Fail: name 'hashlib' is not defined
  Evaluating Individual 12/20 ---- Generation: 27/30
Eval Fail: name 'hashlib' is not defined
  Evaluating Individual 13/20 ---- Generation: 27/30
Eval Fail: name 'hashlib' is not defined
  Evaluating Individual 14/20 ---- Generation: 27/30
Eval Fail: name 'hashlib' is not defined
  Evaluating Individual 15/20 ---- Generation: 27/30
Eval Fail: name 'hashlib' is not defined
  Evaluating Individual 16/20 ---- Generation: 27/30
Eval Fail: name 'hashlib' is not defined
  Evaluating Individual 17/20 ---- Generation: 27/30
Eval Fail: name 'hashlib' is not defined
  Evaluating Individual 18/20 ---- Generation: 27/30
Eval Fail: name 'hashlib' is not defined
  Evaluating Individual 19/20 ---- Generation: 27/30
Eval Fail: name 'hashlib' is not defined
  Evaluating Individual 20/20 ---- Generation: 27/30
Eval Fail: name 'hashlib' is not defined


 >>> GENERATION 28 <<<

  Evaluating Individual 6/20 ---- Generation: 28/30
Eval Fail: name 'hashlib' is not defined
  Evaluating Individual 7/20 ---- Generation: 28/30
Eval Fail: name 'hashlib' is not defined
  Evaluating Individual 8/20 ---- Generation: 28/30
Eval Fail: name 'hashlib' is not defined
  Evaluating Individual 9/20 ---- Generation: 28/30
Eval Fail: name 'hashlib' is not defined
  Evaluating Individual 10/20 ---- Generation: 28/30
Eval Fail: name 'hashlib' is not defined
  Evaluating Individual 11/20 ---- Generation: 28/30
Eval Fail: name 'hashlib' is not defined
  Evaluating Individual 12/20 ---- Generation: 28/30
Eval Fail: name 'hashlib' is not defined
  Evaluating Individual 13/20 ---- Generation: 28/30
Eval Fail: name 'hashlib' is not defined
  Evaluating Individual 14/20 ---- Generation: 28/30
Eval Fail: name 'hashlib' is not defined
  Evaluating Individual 15/20 ---- Generation: 28/30
Eval Fail: name 'hashlib' is not defined
  [Archive] Cell (4, 64) updated with fitness: 0.0000
  Evaluating Individual 16/20 ---- Generation: 28/30
Eval Fail: name 'hashlib' is not defined
  Evaluating Individual 17/20 ---- Generation: 28/30
Eval Fail: name 'hashlib' is not defined
  Evaluating Individual 18/20 ---- Generation: 28/30
Eval Fail: name 'hashlib' is not defined
  Evaluating Individual 19/20 ---- Generation: 28/30
Eval Fail: name 'hashlib' is not defined
  [Archive] Cell (2, 64) updated with fitness: 0.0000
  Evaluating Individual 20/20 ---- Generation: 28/30
Eval Fail: name 'hashlib' is not defined


 >>> GENERATION 29 <<<

  Evaluating Individual 6/20 ---- Generation: 29/30
Eval Fail: name 'hashlib' is not defined
  Evaluating Individual 7/20 ---- Generation: 29/30
Eval Fail: name 'hashlib' is not defined
  Evaluating Individual 8/20 ---- Generation: 29/30
Eval Fail: name 'hashlib' is not defined
  Evaluating Individual 9/20 ---- Generation: 29/30
Eval Fail: name 'hashlib' is not defined
  Evaluating Individual 10/20 ---- Generation: 29/30
Eval Fail: name 'hashlib' is not defined
  Evaluating Individual 11/20 ---- Generation: 29/30
Eval Fail: name 'hashlib' is not defined
  Evaluating Individual 12/20 ---- Generation: 29/30
Eval Fail: name 'hashlib' is not defined
  Evaluating Individual 13/20 ---- Generation: 29/30
Eval Fail: name 'hashlib' is not defined
  Evaluating Individual 14/20 ---- Generation: 29/30
Eval Fail: name 'hashlib' is not defined
  Evaluating Individual 15/20 ---- Generation: 29/30
Eval Fail: name 'hashlib' is not defined
  Evaluating Individual 16/20 ---- Generation: 29/30
Eval Fail: name 'hashlib' is not defined
  Evaluating Individual 17/20 ---- Generation: 29/30
Eval Fail: name 'hashlib' is not defined
  Evaluating Individual 18/20 ---- Generation: 29/30
Eval Fail: name 'hashlib' is not defined
  Evaluating Individual 19/20 ---- Generation: 29/30
Eval Fail: name 'hashlib' is not defined
  Evaluating Individual 20/20 ---- Generation: 29/30
Eval Fail: name 'hashlib' is not defined


 >>> GENERATION 30 <<<

  Evaluating Individual 6/20 ---- Generation: 30/30
Eval Fail: name 'hashlib' is not defined
  Evaluating Individual 7/20 ---- Generation: 30/30
Eval Fail: name 'hashlib' is not defined
  Evaluating Individual 8/20 ---- Generation: 30/30
Eval Fail: name 'hashlib' is not defined
  Evaluating Individual 9/20 ---- Generation: 30/30
Eval Fail: name 'hashlib' is not defined
  Evaluating Individual 10/20 ---- Generation: 30/30
Eval Fail: name 'hashlib' is not defined
  Evaluating Individual 11/20 ---- Generation: 30/30
Eval Fail: name 'hashlib' is not defined
  Evaluating Individual 12/20 ---- Generation: 30/30
Eval Fail: name 'hashlib' is not defined
  Evaluating Individual 13/20 ---- Generation: 30/30
Eval Fail: name 'hashlib' is not defined
  Evaluating Individual 14/20 ---- Generation: 30/30
Eval Fail: name 'hashlib' is not defined
  Evaluating Individual 15/20 ---- Generation: 30/30
Eval Fail: name 'hashlib' is not defined
  Evaluating Individual 16/20 ---- Generation: 30/30
Eval Fail: name 'hashlib' is not defined
  Evaluating Individual 17/20 ---- Generation: 30/30
Eval Fail: name 'hashlib' is not defined
  Evaluating Individual 18/20 ---- Generation: 30/30
Eval Fail: name 'hashlib' is not defined
  Evaluating Individual 19/20 ---- Generation: 30/30
Eval Fail: name 'hashlib' is not defined
  Evaluating Individual 20/20 ---- Generation: 30/30
Eval Fail: name 'hashlib' is not defined
[Best] Saved best model to /a/mm/ab/gpt/brute/ga/meta_evolution/best_fractal_model_cifar100.py
CRITICAL GA FAIL: name 'hashlib' is not defined
PEAK_ACCURACY: 0.0
META_SCORE: 0.0
[Meta] Benchmark Output (Snippet):
12/20 ---- Generation: 30/30
Eval Fail: name 'hashlib' is not defined
  Evaluating Individual 13/20 ---- Generation: 30/30
Eval Fail: name 'hashlib' is not defined
  Evaluating Individual 14/20 ---- Generation: 30/30
Eval Fail: name 'hashlib' is not defined
  Evaluating Individual 15/20 ---- Generation: 30/30
Eval Fail: name 'hashlib' is not defined
  Evaluating Individual 16/20 ---- Generation: 30/30
Eval Fail: name 'hashlib' is not defined
  Evaluating Individual 17/20 ---- Generation: 30/30
Eval Fail: name 'hashlib' is not defined
  Evaluating Individual 18/20 ---- Generation: 30/30
Eval Fail: name 'hashlib' is not defined
  Evaluating Individual 19/20 ---- Generation: 30/30
Eval Fail: name 'hashlib' is not defined
  Evaluating Individual 20/20 ---- Generation: 30/30
Eval Fail: name 'hashlib' is not defined
[Best] Saved best model to /a/mm/ab/gpt/brute/ga/meta_evolution/best_fractal_model_cifar100.py
CRITICAL GA FAIL: name 'hashlib' is not defined
PEAK_ACCURACY: 0.0
META_SCORE: 0.0

[Meta] Median Top-3 Quality over 1 runs: 0.0000
[Meta] GPU cleanup attempted (gc + empty_cache)
   [RL] PENALTY: Zero Archive Novelty (Stagnation/Premature Convergence). Penalty: -2.0000
   [RL] Total Reward: -2.0000
--> FAILURE/REGRESSION. Skipping fine-tuning to encourage creativity.
[Meta] GPU cleanup attempted (gc + empty_cache)
--> Reverting File.
[Meta] ✗ Iteration 5 failed (regression or syntax error). Code reverted.

=== Meta-Evolution Complete: 0 successful evolutions out of 5 strict attempts ===

=== Generating Visualizations ===

============================================================
  visualize_meta_generation.py — run: 2026-07-25_11-09-37
  Output root: visualizations/visualization_meta_cifar100_2026-07-25_11-09-37
============================================================


[1/2] Loading LLM evolution logs …
  [WARN]  No LLM-evolution-logs_2026-07-25_11-09-37.jsonl files found
      Found 0 log entry(ies).

[2/2] Loading stats records …
  [WARN]  No ga_evaluations_2026-07-25_11-09-37.jsonl files found
      Found 0 evaluated model(s).

  Generating GA evolution plots …
  [WARN]  No grouped records found — skipping generation_accuracy.png
  [WARN]  No records found — skipping time_per_generation.png
  [WARN]  No records found — skipping population_diversity.png
  [WARN]  No records found — skipping best_vs_avg_accuracy.png
  Generating fine-tuning plots …
  [WARN]  No LLM log entries — skipping reward_over_iterations.png
  [WARN]  No LLM log entries — skipping score_improvement.png
  [WARN]  No LLM log entries — skipping meta_peak_accuracy.png
  [WARN]  No LLM log entries — skipping llm_success_rates.png

============================================================
  Saved 0 plot(s):
    (none — check warnings above)
============================================================

