LEMUR root /a/mm
2026-07-13 21:09:56,994 - INFO - Note: detected 224 virtual cores but NumExpr set to maximum of 64, check "NUMEXPR_MAX_THREADS" environment variable.
2026-07-13 21:09:56,994 - INFO - Note: NumExpr detected 224 cores but "NUMEXPR_MAX_THREADS" not set, so enforcing safe limit of 16.
2026-07-13 21:09:56,994 - INFO - NumExpr defaulting to 16 threads.
[Meta] No checkpoint found. Resetting target GA to pristine baseline.
[Meta] Moved Hall of Fame to /a/mm/ab/gpt/brute/ga/meta_evolution/ga_history_backup_cifar100/historic_runs/run_2026-07-13_21-09-59 for fresh start.
[Config] Loaded model_config.json  (context_length=4096)
Loading Model: Qwen/Qwen2.5-Coder-7B-Instruct
Quantization: True
2026-07-13 21:10:00,824 - INFO - We will use 90% of the memory on device 0 for storing the model, and 10% for the buffer to avoid OOM. You can set `max_memory` in to a higher value to use more memory (at your own risk).
Loading checkpoint shards:   0%|          | 0/4 [00:00<?, ?it/s]Loading checkpoint shards:  25%|██▌       | 1/4 [00:02<00:08,  2.95s/it]Loading checkpoint shards:  50%|█████     | 2/4 [00:06<00:06,  3.37s/it]Loading checkpoint shards:  75%|███████▌  | 3/4 [00:09<00:03,  3.28s/it]Loading checkpoint shards: 100%|██████████| 4/4 [00:09<00:00,  2.05s/it]Loading checkpoint shards: 100%|██████████| 4/4 [00:09<00:00,  2.49s/it]
[LoRA] No adapter directory found. Initializing fresh adapters...
trainable params: 40,370,176 || all params: 7,655,986,688 || trainable%: 0.5273

[Meta] Target: 10 SUCCESSFUL evolutions (will retry up to 10 times per component)

=== Attempt 1 | Successes: 0/10 — Evolving: combine_genes ===

[Meta] Evolving: combine_genes
--- [DEBUG] Input Code ---
### combine_genes ###
    def combine_genes(self, gene_name, parent1_value, parent2_value, crossover_point, gene_index, total_genes):
        if gene_index < crossover_point:
            return parent1_value
        return parent2_value

-------------------------
[Meta] Generation Temperature: 0.90
--- [DEBUG] Raw Response ---
<thinking>
To enhance the exploration capabilities of our genetic algorithm and break through the global SOTA peak accuracy, we need to introduce more diversity into the offspring generation process. This can be achieved by combining genes from multiple sources rather than just two parents. Specifically, we'll introduce a "hybridization" strategy where genes are selected from both parents but also from the entire archive to ensure that novel, high-performing architectures are discovered.

For the `combine_genes` method, we will:
1. Select a base value from either parent.
2. Randomly decide whether to incorporate an alternate value from one of the other parents.
3. Incorporate an additional gene from the archive to further diversify the offspring.

This approach should help the algorithm explore uncharted areas of the search space and potentially discover higher-performing architectures.
</thinking>

```python
    def combine_genes(self, gene_name, parent1_value, parent2_value, archive):
        # Base value from either parent
        combined_value = random.choice([parent1_value, parent2_value])

        # Decide whether to incorporate an alternate value from one of the other parents
        if random.random() > 0.5:
            combined_value = random.choice([parent1_value, parent2_value])

        # Incorporate an additional gene from the archive
        if random.random() > 0.5:
            archive_values = [chromo[gene_name] for chromo in archive.values()]
            combined_value = random.choice(archive_values)

        return combined_value
```

Explanation:
- We first select a base value from either parent.
- With a probability greater than 0.5, we randomly decide to replace this base value with another gene from one of the parents.
- Finally, with another probability greater than 0.5, we pick an additional gene from the entire archive to further diversify the offspring.

This hybridization strategy helps ensure that the offspring are not only derived from well-performing parents but also borrow elements from previously discovered good architectures in the archive, thereby expanding the search space and increasing the likelihood of finding better architectures.
--------------------------
[Meta] Runtime smoke test FAILED: GeneticAlgorithm.combine_genes() takes 5 positional arguments but 7 were given
---> Reverting file and skipping benchmark.
   [RL] Penalty: Invalid Syntax/Crash.
--> FAILURE/REGRESSION. Skipping fine-tuning to encourage creativity.
[Meta] GPU cleanup attempted (gc + empty_cache)
--> Reverting File.
[Meta] ✗ Attempt 1 failed — retrying (failures: 1/10, successes so far: 0/10)

=== Attempt 2 | Successes: 0/10 — Evolving: combine_genes ===

[Meta] Evolving: combine_genes
--- [DEBUG] Input Code ---
### combine_genes ###
    def combine_genes(self, gene_name, parent1_value, parent2_value, crossover_point, gene_index, total_genes):
        if gene_index < crossover_point:
            return parent1_value
        return parent2_value

-------------------------
[Meta] Generation Temperature: 0.84
--- [DEBUG] Raw Response ---
<thinking> 
To break the Global SOTA peak accuracy and discover novel, high-performing architectures, we need to enhance our genetic operators to introduce more diversity and innovation. Here's a step-by-step plan to achieve this:

1. **Enhanced Crossover Strategy**: Instead of simply picking genes from either parent, we can combine elements from both parents in a more strategic manner. This could involve taking parts of each parent's configuration and mixing them together, especially focusing on robust architectural features like dropout probabilities and convolution types that have proven effective.

2. **Adaptive Mutation Strategy**: We should introduce a higher probability of mutating genes that are known to contribute positively to performance. This could involve maintaining a list of "positive" genes or configurations observed to perform well in the archive.

3. **Active Stochastic Depth Integration**: Since the search space enforces active FractalDropPath (`dropout_prob` > 0.0), our crossover and mutation strategies should prioritize architectures that maintain or increase dropout rates to ensure robustness.

4. **Prevent Duplicates**: To avoid prematurely converging to suboptimal solutions, we should introduce mechanisms to explore less explored regions of the search space. This could involve sampling from the entire archive rather than just the current population.

By combining these strategies, we aim to generate novel architectures that push the boundaries of performance while ensuring robustness through stochastic depth.
</thinking>

```python
    def combine_genes(self, gene_name, parent1_value, parent2_value, crossover_point, gene_index, total_genes):
        if gene_index < crossover_point:
            # Prefer parent1_value but mix in some elements from parent2_value
            if gene_name == 'dropout_prob':
                # Mix parent1's dropout rate with parent2's, ensuring it remains above 0.0
                combined_value = max(parent1_value, parent2_value) * random.uniform(0.8, 1.2)
                return min(combined_value, 1.0)
            elif gene_name in ['activation', 'conv_type']:
                # Cycle through possible values to avoid repetition
                possible_values = [v for v in self.search_space[gene_name] if v != parent1_value]
                combined_value = random.choice(possible_values)
                return combined_value
            else:
                # Simply pick from parent1
                return parent1_value
        else:
            # Prefer parent2_value but mix in some elements from parent1_value
            if gene_name == 'dropout_prob':
                # Mix parent2's dropout rate with parent1's, ensuring it remains above 0.0
                combined_value = max(parent2_value, parent1_value) * random.uniform(0.8, 1.2)
                return min(combined_value, 1.0)
            elif gene_name in ['activation', 'conv_type']:
                # Cycle through possible values to avoid repetition
                possible_values = [v for v in self.search_space[gene_name] if v != parent2_value]
                combined_value = random.choice(possible_values)
                return combined_value
            else:
                # Simply pick from parent2
                return parent2_value
```
--------------------------
[Meta] Runtime smoke test FAILED: Smoke test: crossover produced '0.34201368779015595' for gene 'dropout_prob', not in search space [0.1, 0.15, 0.2, 0.25, 0.3, 0.4, 0.5]
---> Reverting file and skipping benchmark.
   [RL] Penalty: Invalid Syntax/Crash.
--> FAILURE/REGRESSION. Skipping fine-tuning to encourage creativity.
[Meta] GPU cleanup attempted (gc + empty_cache)
--> Reverting File.
[Meta] ✗ Attempt 2 failed — retrying (failures: 2/10, successes so far: 0/10)

=== Attempt 3 | Successes: 0/10 — Evolving: combine_genes ===

[Meta] Evolving: combine_genes
--- [DEBUG] Input Code ---
### combine_genes ###
    def combine_genes(self, gene_name, parent1_value, parent2_value, crossover_point, gene_index, total_genes):
        if gene_index < crossover_point:
            return parent1_value
        return parent2_value

-------------------------
[Meta] Generation Temperature: 0.79
--- [DEBUG] Raw Response ---
<thinking>
To enhance the diversity and robustness of the architectures evolved by the Genetic Algorithm, we need to introduce more sophisticated methods for combining genes from parent chromosomes. Specifically, we should aim to preserve good traits while introducing enough variability to explore new regions of the search space. Given that we are working with a FractalNet architecture and focusing on optimizing for fast-convergence and robustness under heavy path-dropping, we can leverage techniques such as geometric transformations, inversion, and momentum-based updates.

For the `combine_genes` method, we will implement a strategy that:
1. Combines genes from both parents to maintain good performance.
2. Introduces small mutations to promote exploration.
3. Uses momentum to guide the combination towards previously explored high-performing regions.

This approach ensures that the offspring inherit beneficial traits from both parents while being sufficiently diverse to escape local optima and discover new promising architectures.
</thinking>

```python
    def combine_genes(self, gene_name, parent1_value, parent2_value, crossover_point, gene_index, total_genes):
        if gene_index < crossover_point:
            base_value = parent1_value
        else:
            base_value = parent2_value
        
        # Introduce small mutations to promote exploration
        mutation_step = 0.1
        if random.random() < 0.5:
            base_value += mutation_step * random.choice([-1, 1])
        
        # Use momentum to guide the combination towards previously explored high-performing regions
        momentum_factor = 0.7
        if gene_name in self.previous_combinations:
            previous_value = self.previous_combinations[gene_name]
            base_value = previous_value * momentum_factor + base_value * (1 - momentum_factor)
        
        # Snap to nearest valid value
        valid_values = self.search_space[gene_name]
        closest_value = min(valid_values, key=lambda x: abs(x - base_value))
        
        # Store the combination for future use
        self.previous_combinations[gene_name] = closest_value
        
        return closest_value
```

Explanation:
- **Base Value Selection**: We choose the base value from the parent who is closer to the crossover point.
- **Mutation Step**: Small mutations are introduced randomly to promote exploration.
- **Momentum Factor**: A momentum factor is applied to gradually shift the base value towards previously explored high-performing regions, encouraging convergence.
- **Nearest Valid Value**: The final value is snapped to the nearest valid value in the search space to ensure compliance with the defined gene constraints.

This strategy should help in breaking the global SOTA peak accuracy and discovering novel, high-performing architectures to populate empty cells in the MAP-Elites Behavioral Archive.
--------------------------
[Meta] Runtime smoke test FAILED: 'GeneticAlgorithm' object has no attribute 'previous_combinations'
---> Reverting file and skipping benchmark.
   [RL] Penalty: Invalid Syntax/Crash.
--> FAILURE/REGRESSION. Skipping fine-tuning to encourage creativity.
[Meta] GPU cleanup attempted (gc + empty_cache)
--> Reverting File.
[Meta] ✗ Attempt 3 failed — retrying (failures: 3/10, successes so far: 0/10)

=== Attempt 4 | Successes: 0/10 — Evolving: combine_genes ===

[Meta] Evolving: combine_genes
--- [DEBUG] Input Code ---
### combine_genes ###
    def combine_genes(self, gene_name, parent1_value, parent2_value, crossover_point, gene_index, total_genes):
        if gene_index < crossover_point:
            return parent1_value
        return parent2_value

-------------------------
[Meta] Generation Temperature: 0.73
--- [DEBUG] Raw Response ---
<thinking> 
To break the Global SOTA peak accuracy and discover novel, high-performing architectures, we need to focus on combining genes in a way that promotes diversity and robustness. Given the constraints, we should avoid inventing new values and instead use existing ones from the provided search space. We also need to ensure that the combined architectures are likely to perform well even under heavy dropout.

One effective strategy is to use a combination of parent values that are known to perform well and introduce small mutations to explore neighboring areas. Additionally, we can use a momentum mechanism to guide the combination towards previously explored high-performing regions. This approach should help us find new architectures that are both diverse and potentially high-performing.

Let's update the `combine_genes` function to incorporate these ideas.
</thinking>

```python
    def combine_genes(self, gene_name, parent1_value, parent2_value, crossover_point, gene_index, total_genes):
        if gene_index < crossover_point:
            return parent1_value
        else:
            # Introduce small mutations to promote exploration
            mutation_step = 0.1
            if random.random() < 0.5:
                parent2_value += mutation_step * random.choice([-1, 1])

            # Use momentum to guide the combination towards previously explored high-performing regions
            momentum_factor = 0.7
            if gene_name in self.previous_combinations:
                previous_value = self.previous_combinations[gene_name]
                combined_value = previous_value * momentum_factor + parent2_value * (1 - momentum_factor)
            else:
                combined_value = parent2_value

            # Ensure the combined value is within the valid range
            valid_values = self.search_space[gene_name]
            if combined_value not in valid_values:
                combined_value = min(max(combined_value, min(valid_values)), max(valid_values))

            return combined_value
```
--------------------------
[Meta] Runtime smoke test FAILED: 'GeneticAlgorithm' object has no attribute 'previous_combinations'
---> Reverting file and skipping benchmark.
   [RL] Penalty: Invalid Syntax/Crash.
--> FAILURE/REGRESSION. Skipping fine-tuning to encourage creativity.
[Meta] GPU cleanup attempted (gc + empty_cache)
--> Reverting File.
[Meta] ✗ Attempt 4 failed — retrying (failures: 4/10, successes so far: 0/10)

=== Attempt 5 | Successes: 0/10 — Evolving: combine_genes ===

[Meta] Evolving: combine_genes
--- [DEBUG] Input Code ---
### combine_genes ###
    def combine_genes(self, gene_name, parent1_value, parent2_value, crossover_point, gene_index, total_genes):
        if gene_index < crossover_point:
            return parent1_value
        return parent2_value

-------------------------
[Meta] Generation Temperature: 0.68
--- [DEBUG] Raw Response ---
<thinking>
To improve the performance of the Quality-Diversity Genetic Algorithm (QD-GA) for optimizing PyTorch Neural Network architectures (FractalNet) for CIFAR-10, we need to enhance the `combine_genes` method. The goal is to ensure that the offspring produced by combining two parent genes are more likely to perform well and explore new frontiers in the search space. Here's our strategy:

1. **Crossover with Momentum**: We will introduce momentum to guide the combination of genes towards previously explored high-performing regions. This helps in avoiding premature convergence and encourages exploration of unexplored areas.

2. **Small Mutations**: We will introduce small mutations to promote exploration and avoid getting stuck in local optima. This ensures that the offspring can explore new configurations even if they are similar to their parents.

3. **Bias Towards High-Performing Regions**: We will bias the combination towards genes that have historically performed well. This increases the likelihood of producing offspring that are also good performers.

4. **Avoid Duplicates**: We will ensure that the combined genes are diverse by avoiding duplicates. This prevents the GA from converging prematurely and allows it to explore a wider range of architectures.

By combining these strategies, we aim to break the global SOTA peak accuracy and discover novel, high-performing architectures to populate empty cells in the MAP-Elites Behavioral Archive.
</thinking>

```python
    def combine_genes(self, gene_name, parent1_value, parent2_value, crossover_point, gene_index, total_genes):
        if gene_index < crossover_point:
            base_value = parent1_value
        else:
            base_value = parent2_value
        
        # Introduce small mutations to promote exploration
        mutation_step = 0.1
        if random.random() < 0.5:
            base_value += mutation_step * random.choice([-1, 1])
        
        # Use momentum to guide the combination towards previously explored high-performing regions
        momentum_factor = 0.7
        if gene_name in self.previous_combinations:
            previous_value = self.previous_combinations[gene_name]
            base_value = previous_value * momentum_factor + base_value * (1 - momentum_factor)
        else:
            self.previous_combinations[gene_name] = base_value
        
        # Ensure diversity by avoiding duplicates
        while True:
            new_base_value = base_value
            if random.random() < 0.1:
                new_base_value += mutation_step * random.choice([-1, 1])
            if new_base_value not in [parent1_value, parent2_value]:
                base_value = new_base_value
                break
        
        return base_value
```
--------------------------
[Meta] Runtime smoke test FAILED: 'GeneticAlgorithm' object has no attribute 'previous_combinations'
---> Reverting file and skipping benchmark.
   [RL] Penalty: Invalid Syntax/Crash.
--> FAILURE/REGRESSION. Skipping fine-tuning to encourage creativity.
[Meta] GPU cleanup attempted (gc + empty_cache)
--> Reverting File.
[Meta] ✗ Attempt 5 failed — retrying (failures: 5/10, successes so far: 0/10)

=== Attempt 6 | Successes: 0/10 — Evolving: combine_genes ===

[Meta] Evolving: combine_genes
--- [DEBUG] Input Code ---
### combine_genes ###
    def combine_genes(self, gene_name, parent1_value, parent2_value, crossover_point, gene_index, total_genes):
        if gene_index < crossover_point:
            return parent1_value
        return parent2_value

-------------------------
[Meta] Generation Temperature: 0.62
--- [DEBUG] Raw Response ---
<thinking> 
To improve the quality and diversity of the generated architectures, we need to ensure that the `combine_genes` operator encourages exploration while also leveraging the best-known performing regions. Here's a strategy:

1. **Crossover Point**: We'll maintain the original behavior of combining genes based on a crossover point but introduce more variability around this point to explore new configurations.

2. **Momentum**: We'll use momentum to guide the combination towards previously explored high-performing regions. This helps in converging faster and maintaining good performance.

3. **Mutation**: We'll introduce small mutations to encourage exploration. These mutations should be drawn from the possible values to ensure they remain within the search space.

4. **Previous Combinations**: We'll keep track of previously combined genes to avoid revisiting the same combinations.

Let's implement these ideas in the `combine_genes` method.
</thinking>

```python
    def combine_genes(self, gene_name, parent1_value, parent2_value, crossover_point, gene_index, total_genes):
        if gene_index < crossover_point:
            # Combine genes normally
            combined_value = parent1_value
        else:
            # Introduce small mutations to promote exploration
            mutation_step = 0.1
            if random.random() < 0.5:
                combined_value = parent2_value + mutation_step * random.choice([-1, 1])
            else:
                combined_value = parent2_value - mutation_step * random.choice([-1, 1])
        
        # Use momentum to guide the combination towards previously explored high-performing regions
        momentum_factor = 0.7
        if gene_name in self.previous_combinations:
            previous_value = self.previous_combinations[gene_name]
            combined_value = previous_value * momentum_factor + combined_value * (1 - momentum_factor)
        else:
            self.previous_combinations[gene_name] = combined_value
        
        # Ensure the combined value is within the possible values
        valid_values = self.search_space[gene_name]
        closest_value = min(valid_values, key=lambda x: abs(x - combined_value))
        return closest_value
```
--------------------------
[Meta] Runtime smoke test FAILED: 'GeneticAlgorithm' object has no attribute 'previous_combinations'
---> Reverting file and skipping benchmark.
   [RL] Penalty: Invalid Syntax/Crash.
--> FAILURE/REGRESSION. Skipping fine-tuning to encourage creativity.
[Meta] GPU cleanup attempted (gc + empty_cache)
--> Reverting File.
[Meta] ✗ Attempt 6 failed — retrying (failures: 6/10, successes so far: 0/10)

=== Attempt 7 | Successes: 0/10 — Evolving: combine_genes ===

[Meta] Evolving: combine_genes
--- [DEBUG] Input Code ---
### combine_genes ###
    def combine_genes(self, gene_name, parent1_value, parent2_value, crossover_point, gene_index, total_genes):
        if gene_index < crossover_point:
            return parent1_value
        return parent2_value

-------------------------
[Meta] Generation Temperature: 0.57
--- [DEBUG] Raw Response ---
<thinking>
To improve the performance of the Quality-Diversity Genetic Algorithm (MAP-Elites) for optimizing PyTorch Neural Network architectures (FractalNet) for CIFAR-10, we need to enhance the `combine_genes` method. This method should combine genes from two parent chromosomes in a way that promotes diversity while also maintaining some form of exploitation towards previously explored high-performing regions.

Given the constraints, we can achieve this by:
1. Using a combination of simple averaging and small mutations to balance exploration and exploitation.
2. Incorporating momentum to guide the combination towards previously explored high-performing regions.

We will also ensure that the combination logic does not introduce any new values outside the provided `SEARCH_SPACE` and `possible_values` lists.

Let's define the `combine_genes` method accordingly.
</thinking>

```python
    def combine_genes(self, gene_name, parent1_value, parent2_value, crossover_point, gene_index, total_genes):
        if gene_index < crossover_point:
            # Combine genes normally
            combined_value = parent1_value
        else:
            # Introduce small mutations to promote exploration
            mutation_step = 0.1
            if random.random() < 0.5:
                combined_value = parent2_value + mutation_step * random.choice([-1, 1])
            else:
                combined_value = parent2_value - mutation_step * random.choice([-1, 1])
        
        # Ensure the combined value is within the valid range
        possible_values = self.search_space[gene_name]
        combined_value = min(max(combined_value, min(possible_values)), max(possible_values))
        
        # Use momentum to guide the combination towards previously explored high-performing regions
        momentum_factor = 0.7
        if gene_name in self.previous_combinations:
            previous_value = self.previous_combinations[gene_name]
            combined_value = previous_value * momentum_factor + combined_value * (1 - momentum_factor)
        
        # Store the new combined value for future use
        self.previous_combinations[gene_name] = combined_value
        
        return combined_value
```
--------------------------
[Meta] Runtime smoke test FAILED: 'GeneticAlgorithm' object has no attribute 'previous_combinations'
---> Reverting file and skipping benchmark.
   [RL] Penalty: Invalid Syntax/Crash.
--> FAILURE/REGRESSION. Skipping fine-tuning to encourage creativity.
[Meta] GPU cleanup attempted (gc + empty_cache)
--> Reverting File.
[Meta] ✗ Attempt 7 failed — retrying (failures: 7/10, successes so far: 0/10)

=== Attempt 8 | Successes: 0/10 — Evolving: combine_genes ===

[Meta] Evolving: combine_genes
--- [DEBUG] Input Code ---
### combine_genes ###
    def combine_genes(self, gene_name, parent1_value, parent2_value, crossover_point, gene_index, total_genes):
        if gene_index < crossover_point:
            return parent1_value
        return parent2_value

-------------------------
[Meta] Generation Temperature: 0.51
--- [DEBUG] Raw Response ---
<thinking>
To enhance the performance of the Quality-Diversity Genetic Algorithm (MAP-Elites) for optimizing PyTorch Neural Network architectures (FractalNet) for CIFAR-10, we need to modify the `combine_genes` method. This method should focus on combining genes in a way that promotes both exploration and exploitation while ensuring that the resulting architecture remains diverse and effective.

Given the constraints and requirements, we can employ several strategies:
1. **Active Stochastic Depth**: Since the search space enforces active FractalDropPath (`dropout_prob` > 0.0), we need to ensure that the combined architecture maintains robustness against heavy path-dropping during the short 1-epoch evaluation.
2. **Aggressive Diversity Injection**: To prevent premature convergence, we should actively introduce diversity in the combined architectures.
3. **Heuristic-Based Combination**: We can use heuristic-based methods to combine genes, such as selecting the best value from either parent, but also introducing some randomness to explore new possibilities.

Let's outline the steps for the `combine_genes` method:
1. **Select the Best Value**: Start by selecting the best value between the two parents.
2. **Introduce Randomness**: Introduce randomness to explore new possibilities, but ensure that the resulting value is still within the valid range.
3. **Maintain Robustness**: Ensure that the combined architecture maintains robustness against heavy path-dropping by considering the dropout probability.

We will implement these steps in the `combine_genes` method.
</thinking>

```python
    def combine_genes(self, gene_name, parent1_value, parent2_value, crossover_point, gene_index, total_genes):
        # Select the best value between the two parents
        best_value = max(parent1_value, parent2_value)
        
        # Introduce randomness to explore new possibilities
        if random.random() < 0.5:
            best_value += random.choice([-1, 1]) * 0.1
        
        # Ensure the combined value is within the valid range
        possible_values = self.search_space[gene_name]
        combined_value = min(max(best_value, min(possible_values)), max(possible_values))
        
        return combined_value
```
--------------------------
[Meta] Runtime smoke test FAILED: can only concatenate str (not "float") to str
---> Reverting file and skipping benchmark.
   [RL] Penalty: Invalid Syntax/Crash.
--> FAILURE/REGRESSION. Skipping fine-tuning to encourage creativity.
[Meta] GPU cleanup attempted (gc + empty_cache)
--> Reverting File.
[Meta] ✗ Attempt 8 failed — retrying (failures: 8/10, successes so far: 0/10)

=== Attempt 9 | Successes: 0/10 — Evolving: combine_genes ===

[Meta] Evolving: combine_genes
--- [DEBUG] Input Code ---
### combine_genes ###
    def combine_genes(self, gene_name, parent1_value, parent2_value, crossover_point, gene_index, total_genes):
        if gene_index < crossover_point:
            return parent1_value
        return parent2_value

-------------------------
[Meta] Generation Temperature: 0.46
--- [DEBUG] Raw Response ---
<thinking>
To enhance the performance of the Quality-Diversity Genetic Algorithm (QDGAs) for optimizing PyTorch Neural Network architectures (FractalNet) for CIFAR-10, we need to focus on strategies that can break the global state-of-the-art (SOTA) peak accuracy and discover novel, high-performing architectures. Given the constraints and requirements, we should avoid inventing new values and instead use existing ones from the provided `SEARCH_SPACE`. Additionally, we need to ensure that our operators introduce diversity to prevent premature convergence.

For the `combine_genes` method, we can incorporate a strategy that combines the strengths of both parents while introducing controlled mutations to explore new areas of the search space. This approach will help us to balance exploitation and exploration, which is crucial for finding better solutions.

We will use a weighted average of the parents' genes with added mutations to ensure that the resulting gene is still within the valid range. This method ensures that the offspring inherits traits from both parents but also introduces enough diversity to explore new configurations.

Let's outline the steps:
1. Calculate a weighted average of the parents' genes.
2. Introduce controlled mutations to the combined gene.
3. Ensure the combined gene is within the valid range.

By following these steps, we can create more diverse and potentially higher-performing architectures.
</thinking>

```python
    def combine_genes(self, gene_name, parent1_value, parent2_value, crossover_point, gene_index, total_genes):
        # Calculate a weighted average of the parents' genes
        alpha = 0.5
        combined_value = alpha * parent1_value + (1 - alpha) * parent2_value
        
        # Introduce controlled mutations to the combined gene
        mutation_step = 0.1
        if random.random() < 0.5:
            combined_value += mutation_step * random.choice([-1, 1])
        else:
            combined_value -= mutation_step * random.choice([-1, 1])
        
        # Ensure the combined value is within the valid range
        possible_values = self.search_space[gene_name]
        combined_value = min(max(combined_value, min(possible_values)), max(possible_values))
        
        return combined_value
```
--------------------------
[Meta] Runtime smoke test FAILED: can't multiply sequence by non-int of type 'float'
---> Reverting file and skipping benchmark.
   [RL] Penalty: Invalid Syntax/Crash.
--> FAILURE/REGRESSION. Skipping fine-tuning to encourage creativity.
[Meta] GPU cleanup attempted (gc + empty_cache)
--> Reverting File.
[Meta] ✗ Attempt 9 failed — retrying (failures: 9/10, successes so far: 0/10)

=== Attempt 10 | Successes: 0/10 — Evolving: combine_genes ===

[Meta] Evolving: combine_genes
--- [DEBUG] Input Code ---
### combine_genes ###
    def combine_genes(self, gene_name, parent1_value, parent2_value, crossover_point, gene_index, total_genes):
        if gene_index < crossover_point:
            return parent1_value
        return parent2_value

-------------------------
[Meta] Generation Temperature: 0.40
--- [DEBUG] Raw Response ---
<thinking>
To improve the performance of the Quality-Diversity Genetic Algorithm (MAP-Elites) for optimizing PyTorch Neural Network architectures (FractalNet) for CIFAR-10, we need to focus on enhancing the exploration of diverse and high-performing architectures. Given the constraints, we will modify the `combine_genes` method to introduce more diversity and ensure that the combined genes are within the valid range. We will also consider the historical best architecture and use it to guide our mutation process.

### Key Points:
1. **Diversity Injection**: Use a combination of simple averaging and controlled mutations to introduce diversity.
2. **Historical Guidance**: Favor genes that align with the historically best architecture.
3. **Boundary Handling**: Ensure the combined genes stay within the valid range defined in the search space.

### Approach:
1. **Simple Averaging**: Combine the genes using a weighted average to balance the contributions of both parents.
2. **Controlled Mutations**: Introduce small perturbations to the combined genes to explore new possibilities.
3. **Boundary Adjustment**: Clamp the combined genes to ensure they fall within the valid range.

### Implementation:
We will implement these steps in the `combine_genes` method to enhance the genetic diversity and convergence rate of the algorithm.
</thinking>

```python
    def combine_genes(self, gene_name, parent1_value, parent2_value, crossover_point, gene_index, total_genes):
        # Simple averaging to combine genes
        alpha = 0.5
        combined_value = alpha * parent1_value + (1 - alpha) * parent2_value
        
        # Introduce controlled mutations to the combined gene
        mutation_step = 0.1
        if random.random() < 0.5:
            combined_value += mutation_step * random.choice([-1, 1])
        else:
            combined_value -= mutation_step * random.choice([-1, 1])
        
        # Ensure the combined value is within the valid range
        possible_values = self.search_space[gene_name]
        combined_value = min(max(combined_value, min(possible_values)), max(possible_values))
        
        return combined_value
```
--------------------------
[Meta] Runtime smoke test FAILED: can't multiply sequence by non-int of type 'float'
---> Reverting file and skipping benchmark.
   [RL] Penalty: Invalid Syntax/Crash.
--> FAILURE/REGRESSION. Skipping fine-tuning to encourage creativity.
[Meta] GPU cleanup attempted (gc + empty_cache)
--> Reverting File.
[Meta] ✗ Attempt 10 failed — retrying (failures: 10/10, successes so far: 0/10)
[Meta] ⚠️ Reached max consecutive failures (10) for c, o, m, b, i, n, e, _, g, e, n, e, s. Skipping to next component.

=== Attempt 11 | Successes: 0/10 — Evolving: mutate_gene ===

[Meta] Evolving: mutate_gene
--- [DEBUG] Input Code ---
### mutate_gene ###
    def mutate_gene(self, gene_name, current_value, possible_values):
        if possible_values:
            return random.choice(possible_values)
        return current_value

-------------------------
[Meta] Generation Temperature: 0.40
--- [DEBUG] Raw Response ---
<thinking>
To enhance the performance of the FractalNet architecture for CIFAR-10, we need to focus on creating more diverse and effective mutations. Given the constraints, we should aim to introduce mutations that significantly alter the architecture while maintaining the possibility of converging quickly within one epoch. Here's a strategy to achieve this:

1. **Gene Inversion**: Invert the dropout probability and other parameters that control the complexity and stability of the network. This can help explore architectures with different dropout behaviors.
2. **Momentum Tracking**: Introduce a mechanism to track the momentum of parameter changes. This can help maintain the progress made during evolution.
3. **Hybridization**: Combine elements from both parents to create a new architecture that combines the strengths of both.

Let's implement these ideas in the `mutate_gene` method.
</thinking>

```python
    def mutate_gene(self, gene_name, current_value, possible_values):
        if possible_values:
            # Invert the current value if it's a dropout probability or momentum
            if gene_name in ["dropout_prob", "fc_dropout", "momentum"]:
                inverted_value = 1.0 - current_value
                if inverted_value in possible_values:
                    return inverted_value
                else:
                    return random.choice([v for v in possible_values if v != current_value])
            # Otherwise, choose a random value from the possible values
            else:
                return random.choice([v for v in possible_values if v != current_value])
        return current_value
```
--------------------------
[Meta] Runtime smoke test PASSED (all components validated).
[Meta] Benchmarking...

[Meta] Running Benchmark 1/1...
2026-07-13 21:15:32,421 - INFO - Note: detected 224 virtual cores but NumExpr set to maximum of 64, check "NUMEXPR_MAX_THREADS" environment variable.
2026-07-13 21:15:32,421 - INFO - Note: NumExpr detected 224 cores but "NUMEXPR_MAX_THREADS" not set, so enforcing safe limit of 16.
2026-07-13 21:15:32,421 - INFO - NumExpr defaulting to 16 threads.
Model instantiation succeeded.
The training environment is set up successfully, using the following device: cuda.
Simulated training data created successfully.
Training step executed successfully.
LEMUR root /a/mm
[Init] Loaded 127 existing checksums from stats/ (skipping duplicates)
[Run] Continuing evolution from gen 5 to 15


 >>> GENERATION 6 <<<

  Evaluating Individual 6/20 ---- Generation: 6/15
  - Evaluating unique arch (checksum: 956a47a7...)
Evaluating /a/mm/out_nneval_tmp_pid_300/nn/tmp/GenFractalNet-956a47a75ccc727048fa69b84ac285fc-c25d60cd2c7a4d12ccfe53098372a3aa.py...
epoch 1

  0%|          | 0/782 [00:00<?, ?it/s]
  1%|          | 4/782 [00:00<00:19, 38.92it/s]
  2%|▏         | 18/782 [00:00<00:07, 97.40it/s]
  4%|▍         | 32/782 [00:00<00:06, 115.08it/s]
  6%|▌         | 46/782 [00:00<00:05, 123.95it/s]
  8%|▊         | 60/782 [00:00<00:05, 128.83it/s]
  9%|▉         | 74/782 [00:00<00:05, 131.89it/s]
 11%|█▏        | 88/782 [00:00<00:05, 133.68it/s]
 13%|█▎        | 102/782 [00:00<00:05, 135.12it/s]
 15%|█▍        | 116/782 [00:00<00:04, 136.21it/s]
 17%|█▋        | 130/782 [00:01<00:04, 136.37it/s]
 18%|█▊        | 144/782 [00:01<00:04, 136.10it/s]
 20%|██        | 158/782 [00:01<00:04, 135.56it/s]
 22%|██▏       | 172/782 [00:01<00:04, 135.28it/s]
 24%|██▍       | 186/782 [00:01<00:04, 136.05it/s]
 26%|██▌       | 200/782 [00:01<00:04, 135.75it/s]
 27%|██▋       | 214/782 [00:01<00:04, 135.62it/s]
 29%|██▉       | 228/782 [00:01<00:04, 136.27it/s]
 31%|███       | 242/782 [00:01<00:03, 136.67it/s]
 33%|███▎      | 256/782 [00:01<00:03, 137.11it/s]
 35%|███▍      | 270/782 [00:02<00:03, 137.15it/s]
 36%|███▋      | 284/782 [00:02<00:03, 137.03it/s]
 38%|███▊      | 298/782 [00:02<00:03, 137.37it/s]
 40%|███▉      | 312/782 [00:02<00:03, 137.39it/s]
 42%|████▏     | 326/782 [00:02<00:03, 137.21it/s]
 43%|████▎     | 340/782 [00:02<00:03, 137.44it/s]
 45%|████▌     | 354/782 [00:02<00:03, 137.07it/s]
 47%|████▋     | 368/782 [00:02<00:03, 137.53it/s]
 49%|████▉     | 382/782 [00:02<00:02, 137.55it/s]
 51%|█████     | 396/782 [00:02<00:02, 137.35it/s]
 52%|█████▏    | 410/782 [00:03<00:02, 137.70it/s]
 54%|█████▍    | 424/782 [00:03<00:02, 137.77it/s]
 56%|█████▌    | 438/782 [00:03<00:02, 137.78it/s]
 58%|█████▊    | 452/782 [00:03<00:02, 137.57it/s]
 60%|█████▉    | 466/782 [00:03<00:02, 137.36it/s]
 61%|██████▏   | 480/782 [00:03<00:02, 136.96it/s]
 63%|██████▎   | 494/782 [00:03<00:02, 132.63it/s]
 65%|██████▍   | 508/782 [00:03<00:02, 133.67it/s]
 67%|██████▋   | 522/782 [00:03<00:01, 134.84it/s]
 69%|██████▊   | 536/782 [00:03<00:01, 135.08it/s]
 70%|███████   | 550/782 [00:04<00:01, 135.95it/s]
 72%|███████▏  | 564/782 [00:04<00:01, 136.27it/s]
 74%|███████▍  | 578/782 [00:04<00:01, 136.66it/s]
 76%|███████▌  | 592/782 [00:04<00:01, 135.78it/s]
 77%|███████▋  | 606/782 [00:04<00:01, 133.81it/s]
 79%|███████▉  | 620/782 [00:04<00:01, 133.25it/s]
 81%|████████  | 634/782 [00:04<00:01, 133.34it/s]
 83%|████████▎ | 648/782 [00:04<00:01, 133.78it/s]
 85%|████████▍ | 662/782 [00:04<00:00, 134.83it/s]
 86%|████████▋ | 676/782 [00:05<00:00, 135.00it/s]
 88%|████████▊ | 690/782 [00:05<00:00, 135.62it/s]
 90%|█████████ | 704/782 [00:05<00:00, 134.41it/s]
 92%|█████████▏| 718/782 [00:05<00:00, 135.16it/s]
 94%|█████████▎| 732/782 [00:05<00:00, 135.97it/s]
 96%|█████████▌| 747/782 [00:05<00:00, 137.47it/s]
 97%|█████████▋| 761/782 [00:05<00:00, 135.61it/s]
 99%|█████████▉| 775/782 [00:05<00:00, 135.28it/s]
100%|██████████| 782/782 [00:05<00:00, 133.19it/s]
Model instantiation succeeded.
The training environment is set up successfully, using the following device: cuda.
Simulated training data created successfully.
Training step executed successfully.
  Train Loss: 1.3469, Test Loss: 1.3445
  Train Acc: 0.5213, Test Acc: 0.5252
  LR: 0.000001, Grad Norm: 0.6017, Throughput: 2576.1 samples/s
accuracy_to_time_metric 2.1906996045685463
  - Saved stats (fallback) to: /a/mm/ab/gpt/brute/ga/meta_evolution/stats_cifar10/img-classification_cifar-10_acc_GenFractalNet-956a47a75ccc727048fa69b84ac285fc/1.json
  - Model persisted to ga_fractal_arch_cifar10/ (stats verified: 1 JSON file(s))

  ========================================
  >>> FITNESS SCORE: 52.52%  (source: hyperparameters.accuracy, checksum: 956a47a75ccc727048fa69b84ac285fc)
  ========================================

  Evaluating Individual 7/20 ---- Generation: 6/15
  - Evaluating unique arch (checksum: 201104aa...)
Evaluating /a/mm/out_nneval_tmp_pid_300/nn/tmp/GenFractalNet-201104aa5729f4a6726ed42960f10659-3c26902fadbab0ff16a7d6caaa09081c.py...
epoch 1

  0%|          | 0/782 [00:00<?, ?it/s]
  1%|          | 7/782 [00:00<00:11, 67.59it/s]
  2%|▏         | 16/782 [00:00<00:10, 75.38it/s]
  3%|▎         | 24/782 [00:00<00:10, 75.34it/s]
  4%|▍         | 33/782 [00:00<00:09, 78.32it/s]
  5%|▌         | 41/782 [00:00<00:09, 78.52it/s]
  6%|▋         | 50/782 [00:00<00:09, 79.94it/s]
  8%|▊         | 59/782 [00:00<00:08, 81.90it/s]
  9%|▉         | 69/782 [00:00<00:08, 86.64it/s]
 10%|█         | 79/782 [00:00<00:07, 88.34it/s]
 11%|█▏        | 89/782 [00:01<00:07, 91.29it/s]
 13%|█▎        | 100/782 [00:01<00:07, 95.56it/s]
 14%|█▍        | 112/782 [00:01<00:06, 102.10it/s]
 16%|█▌        | 123/782 [00:01<00:06, 104.37it/s]
 17%|█▋        | 135/782 [00:01<00:05, 108.31it/s]
 19%|█▉        | 147/782 [00:01<00:05, 111.55it/s]
 20%|██        | 159/782 [00:01<00:05, 113.55it/s]
 22%|██▏       | 171/782 [00:01<00:05, 115.06it/s]
 23%|██▎       | 183/782 [00:01<00:05, 116.49it/s]
 25%|██▌       | 196/782 [00:01<00:04, 118.45it/s]
 27%|██▋       | 208/782 [00:02<00:04, 117.86it/s]
 28%|██▊       | 221/782 [00:02<00:04, 119.11it/s]
 30%|██▉       | 233/782 [00:02<00:04, 117.86it/s]
 31%|███▏      | 245/782 [00:02<00:04, 118.18it/s]
 33%|███▎      | 257/782 [00:02<00:04, 117.37it/s]
 35%|███▍      | 270/782 [00:02<00:04, 118.76it/s]
 36%|███▌      | 282/782 [00:02<00:04, 117.82it/s]
 38%|███▊      | 294/782 [00:02<00:04, 117.99it/s]
 39%|███▉      | 306/782 [00:02<00:04, 116.72it/s]
 41%|████      | 318/782 [00:03<00:03, 117.40it/s]
 42%|████▏     | 331/782 [00:03<00:03, 119.39it/s]
 44%|████▍     | 343/782 [00:03<00:03, 119.54it/s]
 45%|████▌     | 355/782 [00:03<00:03, 118.91it/s]
 47%|████▋     | 368/782 [00:03<00:03, 120.05it/s]
 49%|████▊     | 381/782 [00:03<00:03, 120.41it/s]
 50%|█████     | 394/782 [00:03<00:03, 121.11it/s]
 52%|█████▏    | 407/782 [00:03<00:03, 121.38it/s]
 54%|█████▎    | 420/782 [00:03<00:03, 118.44it/s]
 55%|█████▌    | 432/782 [00:03<00:03, 116.47it/s]
 57%|█████▋    | 444/782 [00:04<00:02, 113.69it/s]
 58%|█████▊    | 456/782 [00:04<00:03, 107.96it/s]
 60%|█████▉    | 467/782 [00:04<00:03, 103.19it/s]
 61%|██████    | 478/782 [00:04<00:03, 96.81it/s] 
 62%|██████▏   | 488/782 [00:04<00:03, 90.99it/s]
 64%|██████▎   | 498/782 [00:04<00:03, 84.87it/s]
 65%|██████▍   | 507/782 [00:04<00:03, 76.62it/s]
 66%|██████▌   | 515/782 [00:05<00:03, 69.61it/s]
 67%|██████▋   | 523/782 [00:05<00:04, 63.71it/s]
 68%|██████▊   | 530/782 [00:05<00:04, 58.62it/s]
 69%|██████▊   | 536/782 [00:05<00:04, 55.41it/s]
 69%|██████▉   | 542/782 [00:05<00:04, 54.07it/s]
 70%|███████   | 548/782 [00:05<00:04, 52.62it/s]
 71%|███████   | 554/782 [00:05<00:04, 50.98it/s]
 72%|███████▏  | 560/782 [00:05<00:04, 50.29it/s]
 72%|███████▏  | 566/782 [00:06<00:04, 49.66it/s]
 73%|███████▎  | 571/782 [00:06<00:04, 49.75it/s]
 74%|███████▍  | 577/782 [00:06<00:04, 49.60it/s]
 74%|███████▍  | 582/782 [00:06<00:04, 48.86it/s]
 75%|███████▌  | 587/782 [00:06<00:03, 49.15it/s]
 76%|███████▌  | 592/782 [00:06<00:03, 48.71it/s]
 76%|███████▋  | 597/782 [00:06<00:03, 47.74it/s]
 77%|███████▋  | 602/782 [00:06<00:03, 48.09it/s]
 78%|███████▊  | 608/782 [00:06<00:03, 49.32it/s]
 78%|███████▊  | 613/782 [00:07<00:03, 49.44it/s]
 79%|███████▉  | 618/782 [00:07<00:03, 49.16it/s]
 80%|███████▉  | 623/782 [00:07<00:03, 49.11it/s]
 80%|████████  | 628/782 [00:07<00:03, 49.30it/s]
 81%|████████  | 633/782 [00:07<00:03, 48.06it/s]
 82%|████████▏ | 639/782 [00:07<00:02, 48.92it/s]
 82%|████████▏ | 644/782 [00:07<00:02, 47.83it/s]
 83%|████████▎ | 650/782 [00:07<00:02, 49.50it/s]
 84%|████████▍ | 655/782 [00:07<00:02, 48.29it/s]
 84%|████████▍ | 660/782 [00:07<00:02, 48.28it/s]
 85%|████████▌ | 665/782 [00:08<00:02, 48.68it/s]
 86%|████████▌ | 670/782 [00:08<00:02, 48.78it/s]
 86%|████████▋ | 675/782 [00:08<00:02, 49.11it/s]
 87%|████████▋ | 681/782 [00:08<00:02, 49.68it/s]
 88%|████████▊ | 686/782 [00:08<00:01, 49.32it/s]
 88%|████████▊ | 692/782 [00:08<00:01, 51.00it/s]
 89%|████████▉ | 698/782 [00:08<00:01, 50.34it/s]
 90%|█████████ | 704/782 [00:08<00:01, 50.73it/s]
 91%|█████████ | 710/782 [00:08<00:01, 49.69it/s]
 91%|█████████▏| 715/782 [00:09<00:01, 49.70it/s]
 92%|█████████▏| 720/782 [00:09<00:01, 48.40it/s]
 93%|█████████▎| 725/782 [00:09<00:01, 48.35it/s]
 93%|█████████▎| 730/782 [00:09<00:01, 47.92it/s]
 94%|█████████▍| 736/782 [00:09<00:00, 48.89it/s]
 95%|█████████▍| 741/782 [00:09<00:00, 48.71it/s]
 95%|█████████▌| 746/782 [00:09<00:00, 48.82it/s]
 96%|█████████▌| 751/782 [00:09<00:00, 48.02it/s]
 97%|█████████▋| 757/782 [00:09<00:00, 48.72it/s]
 97%|█████████▋| 762/782 [00:10<00:00, 47.74it/s]
 98%|█████████▊| 767/782 [00:10<00:00, 47.23it/s]
 99%|█████████▉| 773/782 [00:10<00:00, 48.65it/s]
100%|█████████▉| 779/782 [00:10<00:00, 49.78it/s]
100%|██████████| 782/782 [00:10<00:00, 74.35it/s]
Traceback (most recent call last):
  File "/a/mm/ab/gpt/brute/ga/meta_evolution/run_fractal_evolution.py", line 352, in fitness_function
    os.rename(tmp_filepath, final_filepath)
FileNotFoundError: [Errno 2] No such file or directory: '/a/mm/ab/gpt/brute/ga/meta_evolution/ga_fractal_arch_cifar10/_tmp_GenFractalNet-201104aa5729f4a6726ed42960f10659.py' -> '/a/mm/ab/gpt/brute/ga/meta_evolution/ga_fractal_arch_cifar10/GenFractalNet-201104aa5729f4a6726ed42960f10659.py'
Model instantiation succeeded.
The training environment is set up successfully, using the following device: cuda.
Simulated training data created successfully.
Training step executed successfully.
  Train Loss: 1.2971, Test Loss: 1.3016
  Train Acc: 0.5520, Test Acc: 0.5484
  LR: 0.000001, Grad Norm: 1.4736, Throughput: 2077.2 samples/s
accuracy_to_time_metric 1.8628347046292588
  - Saved stats (fallback) to: /a/mm/ab/gpt/brute/ga/meta_evolution/stats_cifar10/img-classification_cifar-10_acc_GenFractalNet-201104aa5729f4a6726ed42960f10659/1.json
Eval Fail: [Errno 2] No such file or directory: '/a/mm/ab/gpt/brute/ga/meta_evolution/ga_fractal_arch_cifar10/_tmp_GenFractalNet-201104aa5729f4a6726ed42960f10659.py' -> '/a/mm/ab/gpt/brute/ga/meta_evolution/ga_fractal_arch_cifar10/GenFractalNet-201104aa5729f4a6726ed42960f10659.py'
  - Cleaned up partial stats: /a/mm/ab/gpt/brute/ga/meta_evolution/stats_cifar10/img-classification_cifar-10_acc_GenFractalNet-201104aa5729f4a6726ed42960f10659
  Evaluating Individual 8/20 ---- Generation: 6/15
  - Evaluating unique arch (checksum: b45e6910...)
Evaluating /a/mm/out_nneval_tmp_pid_300/nn/tmp/GenFractalNet-b45e6910fd8468a0235395b01701b8b5-a10a5a0a5051e8421f30f93efdc1301f.py...
epoch 1

  0%|          | 0/782 [00:00<?, ?it/s]
  0%|          | 3/782 [00:00<00:27, 28.32it/s]
  1%|          | 7/782 [00:00<00:24, 31.29it/s]
  1%|▏         | 11/782 [00:00<00:23, 32.94it/s]
  2%|▏         | 15/782 [00:00<00:23, 32.80it/s]
  2%|▏         | 19/782 [00:00<00:23, 32.33it/s]
  3%|▎         | 23/782 [00:00<00:23, 32.03it/s]
  3%|▎         | 27/782 [00:00<00:24, 31.18it/s]
  4%|▍         | 31/782 [00:00<00:24, 30.70it/s]
  4%|▍         | 35/782 [00:01<00:24, 30.84it/s]
  5%|▍         | 39/782 [00:01<00:23, 31.19it/s]
  5%|▌         | 43/782 [00:01<00:23, 31.04it/s]
  6%|▌         | 47/782 [00:01<00:23, 31.20it/s]
  7%|▋         | 51/782 [00:01<00:23, 30.77it/s]
  7%|▋         | 55/782 [00:01<00:22, 31.68it/s]
  8%|▊         | 59/782 [00:01<00:23, 30.84it/s]
  8%|▊         | 63/782 [00:02<00:23, 31.08it/s]
  9%|▊         | 67/782 [00:02<00:22, 32.18it/s]
  9%|▉         | 71/782 [00:02<00:22, 31.80it/s]
 10%|▉         | 75/782 [00:02<00:22, 31.40it/s]
 10%|█         | 79/782 [00:02<00:22, 31.63it/s]
 11%|█         | 83/782 [00:02<00:21, 32.59it/s]
 11%|█         | 87/782 [00:02<00:21, 32.41it/s]
 12%|█▏        | 91/782 [00:02<00:21, 32.64it/s]
 12%|█▏        | 95/782 [00:02<00:21, 32.54it/s]
 13%|█▎        | 99/782 [00:03<00:20, 32.54it/s]
 13%|█▎        | 103/782 [00:03<00:21, 32.30it/s]
 14%|█▎        | 107/782 [00:03<00:20, 32.52it/s]
 14%|█▍        | 111/782 [00:03<00:21, 31.87it/s]
 15%|█▍        | 115/782 [00:03<00:20, 32.56it/s]
 15%|█▌        | 119/782 [00:03<00:19, 33.51it/s]
 16%|█▌        | 123/782 [00:03<00:19, 33.16it/s]
 16%|█▌        | 127/782 [00:03<00:20, 32.57it/s]
 17%|█▋        | 131/782 [00:04<00:20, 32.53it/s]
 17%|█▋        | 135/782 [00:04<00:19, 32.97it/s]
 18%|█▊        | 139/782 [00:04<00:19, 32.63it/s]
 18%|█▊        | 143/782 [00:04<00:19, 32.06it/s]
 19%|█▉        | 147/782 [00:04<00:20, 31.31it/s]
 19%|█▉        | 151/782 [00:04<00:19, 31.70it/s]
 20%|█▉        | 155/782 [00:04<00:19, 32.06it/s]
 20%|██        | 159/782 [00:04<00:19, 32.16it/s]
 21%|██        | 163/782 [00:05<00:19, 31.73it/s]
 21%|██▏       | 167/782 [00:05<00:18, 32.92it/s]
 22%|██▏       | 171/782 [00:05<00:18, 32.21it/s]
 22%|██▏       | 175/782 [00:05<00:19, 31.87it/s]
 23%|██▎       | 179/782 [00:05<00:19, 31.46it/s]
 23%|██▎       | 183/782 [00:05<00:18, 31.71it/s]
 24%|██▍       | 187/782 [00:05<00:18, 32.24it/s]
 24%|██▍       | 191/782 [00:05<00:18, 32.10it/s]
 25%|██▍       | 195/782 [00:06<00:18, 31.52it/s]
 25%|██▌       | 199/782 [00:06<00:18, 31.68it/s]
 26%|██▌       | 203/782 [00:06<00:18, 32.08it/s]
 26%|██▋       | 207/782 [00:06<00:18, 31.19it/s]
 27%|██▋       | 211/782 [00:06<00:18, 30.62it/s]
 27%|██▋       | 215/782 [00:06<00:18, 30.75it/s]
 28%|██▊       | 219/782 [00:06<00:17, 32.00it/s]
 29%|██▊       | 223/782 [00:06<00:17, 32.19it/s]
 29%|██▉       | 227/782 [00:07<00:17, 32.28it/s]
 30%|██▉       | 231/782 [00:07<00:17, 31.79it/s]
 30%|███       | 235/782 [00:07<00:17, 32.15it/s]
 31%|███       | 239/782 [00:07<00:17, 31.43it/s]
 31%|███       | 243/782 [00:07<00:17, 31.50it/s]
 32%|███▏      | 247/782 [00:07<00:16, 32.13it/s]
 32%|███▏      | 251/782 [00:07<00:16, 31.82it/s]
 33%|███▎      | 255/782 [00:08<00:16, 31.23it/s]
 33%|███▎      | 259/782 [00:08<00:16, 31.64it/s]
 34%|███▎      | 263/782 [00:08<00:16, 31.38it/s]
 34%|███▍      | 267/782 [00:08<00:16, 31.18it/s]
 35%|███▍      | 271/782 [00:08<00:16, 31.07it/s]
 35%|███▌      | 275/782 [00:08<00:16, 31.66it/s]
 36%|███▌      | 279/782 [00:08<00:15, 32.38it/s]
 36%|███▌      | 283/782 [00:08<00:15, 31.75it/s]
 37%|███▋      | 287/782 [00:09<00:15, 31.71it/s]
 37%|███▋      | 291/782 [00:09<00:15, 31.94it/s]
 38%|███▊      | 295/782 [00:09<00:15, 31.80it/s]
 38%|███▊      | 299/782 [00:09<00:15, 32.05it/s]
 39%|███▊      | 303/782 [00:09<00:15, 31.05it/s]
 39%|███▉      | 307/782 [00:09<00:15, 31.28it/s]
 40%|███▉      | 311/782 [00:09<00:15, 31.30it/s]
 40%|████      | 315/782 [00:09<00:14, 31.65it/s]
 41%|████      | 319/782 [00:10<00:14, 31.20it/s]
 41%|████▏     | 323/782 [00:10<00:14, 31.14it/s]
 42%|████▏     | 327/782 [00:10<00:14, 31.23it/s]
 42%|████▏     | 331/782 [00:10<00:14, 30.70it/s]
 43%|████▎     | 335/782 [00:10<00:14, 30.97it/s]
 43%|████▎     | 339/782 [00:10<00:13, 31.81it/s]
 44%|████▍     | 343/782 [00:10<00:13, 31.79it/s]
 44%|████▍     | 347/782 [00:10<00:13, 31.43it/s]
 45%|████▍     | 351/782 [00:11<00:13, 31.83it/s]
 45%|████▌     | 355/782 [00:11<00:13, 31.46it/s]
 46%|████▌     | 359/782 [00:11<00:13, 31.92it/s]
 46%|████▋     | 363/782 [00:11<00:13, 32.14it/s]
 47%|████▋     | 367/782 [00:11<00:13, 31.61it/s]
 47%|████▋     | 371/782 [00:11<00:13, 30.96it/s]
 48%|████▊     | 375/782 [00:11<00:12, 31.54it/s]
 48%|████▊     | 379/782 [00:11<00:12, 31.41it/s]
 49%|████▉     | 383/782 [00:12<00:12, 31.71it/s]
 49%|████▉     | 387/782 [00:12<00:12, 32.07it/s]
 50%|█████     | 391/782 [00:12<00:12, 31.29it/s]
 51%|█████     | 395/782 [00:12<00:12, 31.06it/s]
 51%|█████     | 399/782 [00:12<00:12, 30.95it/s]
 52%|█████▏    | 403/782 [00:12<00:12, 30.67it/s]
 52%|█████▏    | 407/782 [00:12<00:12, 31.17it/s]
 53%|█████▎    | 411/782 [00:12<00:11, 31.12it/s]
 53%|█████▎    | 415/782 [00:13<00:11, 31.53it/s]
 54%|█████▎    | 419/782 [00:13<00:11, 32.33it/s]
 54%|█████▍    | 423/782 [00:13<00:10, 32.77it/s]
 55%|█████▍    | 427/782 [00:13<00:11, 32.25it/s]
 55%|█████▌    | 431/782 [00:13<00:11, 31.52it/s]
 56%|█████▌    | 435/782 [00:13<00:10, 31.73it/s]
 56%|█████▌    | 439/782 [00:13<00:10, 32.85it/s]
 57%|█████▋    | 443/782 [00:13<00:10, 32.71it/s]
 57%|█████▋    | 447/782 [00:14<00:10, 31.90it/s]
 58%|█████▊    | 451/782 [00:14<00:10, 31.66it/s]
 58%|█████▊    | 455/782 [00:14<00:10, 31.63it/s]
 59%|█████▊    | 459/782 [00:14<00:10, 31.29it/s]
 59%|█████▉    | 463/782 [00:14<00:10, 30.73it/s]
 60%|█████▉    | 467/782 [00:14<00:10, 31.16it/s]
 60%|██████    | 471/782 [00:14<00:10, 31.00it/s]
 61%|██████    | 475/782 [00:14<00:09, 31.75it/s]
 61%|██████▏   | 479/782 [00:15<00:09, 31.81it/s]
 62%|██████▏   | 483/782 [00:15<00:09, 31.54it/s]
 62%|██████▏   | 487/782 [00:15<00:09, 31.87it/s]
 63%|██████▎   | 491/782 [00:15<00:09, 31.99it/s]
 63%|██████▎   | 495/782 [00:15<00:08, 32.05it/s]
 64%|██████▍   | 499/782 [00:15<00:08, 31.66it/s]
 64%|██████▍   | 503/782 [00:15<00:08, 31.83it/s]
 65%|██████▍   | 507/782 [00:15<00:08, 32.33it/s]
 65%|██████▌   | 511/782 [00:16<00:08, 31.54it/s]
 66%|██████▌   | 515/782 [00:16<00:08, 31.58it/s]
 66%|██████▋   | 519/782 [00:16<00:08, 30.81it/s]
 67%|██████▋   | 523/782 [00:16<00:08, 30.70it/s]
 67%|██████▋   | 527/782 [00:16<00:08, 30.35it/s]
 68%|██████▊   | 531/782 [00:16<00:08, 30.78it/s]
 68%|██████▊   | 535/782 [00:16<00:07, 31.40it/s]
 69%|██████▉   | 539/782 [00:17<00:07, 31.06it/s]
 69%|██████▉   | 543/782 [00:17<00:07, 31.49it/s]
 70%|██████▉   | 547/782 [00:17<00:07, 31.06it/s]
 70%|███████   | 551/782 [00:17<00:07, 31.82it/s]
 71%|███████   | 555/782 [00:17<00:07, 31.62it/s]
 71%|███████▏  | 559/782 [00:17<00:07, 31.70it/s]
 72%|███████▏  | 563/782 [00:17<00:06, 31.44it/s]
 73%|███████▎  | 567/782 [00:17<00:06, 31.09it/s]
 73%|███████▎  | 571/782 [00:18<00:06, 30.93it/s]
 74%|███████▎  | 575/782 [00:18<00:06, 31.13it/s]
 74%|███████▍  | 579/782 [00:18<00:06, 31.20it/s]
 75%|███████▍  | 583/782 [00:18<00:06, 31.16it/s]
 75%|███████▌  | 587/782 [00:18<00:06, 30.97it/s]
 76%|███████▌  | 591/782 [00:18<00:06, 30.92it/s]
 76%|███████▌  | 595/782 [00:18<00:06, 30.92it/s]
 77%|███████▋  | 599/782 [00:18<00:05, 31.17it/s]
 77%|███████▋  | 603/782 [00:19<00:05, 31.53it/s]
 78%|███████▊  | 607/782 [00:19<00:05, 32.33it/s]
 78%|███████▊  | 611/782 [00:19<00:05, 32.89it/s]
 79%|███████▊  | 615/782 [00:19<00:05, 32.02it/s]
 79%|███████▉  | 619/782 [00:19<00:05, 31.20it/s]
 80%|███████▉  | 623/782 [00:19<00:05, 28.32it/s]
 80%|████████  | 626/782 [00:19<00:05, 27.79it/s]
 80%|████████  | 629/782 [00:19<00:05, 27.78it/s]
 81%|████████  | 632/782 [00:20<00:05, 27.27it/s]
 81%|████████  | 635/782 [00:20<00:05, 26.50it/s]
 82%|████████▏ | 638/782 [00:20<00:05, 25.26it/s]
 82%|████████▏ | 641/782 [00:20<00:05, 24.26it/s]
 82%|████████▏ | 644/782 [00:20<00:05, 24.41it/s]
 83%|████████▎ | 647/782 [00:20<00:05, 23.83it/s]
 83%|████████▎ | 650/782 [00:20<00:05, 23.35it/s]
 84%|████████▎ | 653/782 [00:20<00:05, 23.73it/s]
 84%|████████▍ | 656/782 [00:21<00:05, 23.70it/s]
 84%|████████▍ | 659/782 [00:21<00:05, 23.64it/s]
 85%|████████▍ | 662/782 [00:21<00:05, 23.33it/s]
 85%|████████▌ | 665/782 [00:21<00:04, 23.44it/s]
 85%|████████▌ | 668/782 [00:21<00:04, 24.13it/s]
 86%|████████▌ | 671/782 [00:21<00:04, 24.07it/s]
 86%|████████▌ | 674/782 [00:21<00:04, 23.74it/s]
 87%|████████▋ | 677/782 [00:21<00:04, 23.99it/s]
 87%|████████▋ | 680/782 [00:22<00:04, 23.77it/s]
 87%|████████▋ | 683/782 [00:22<00:04, 23.47it/s]
 88%|████████▊ | 686/782 [00:22<00:04, 23.65it/s]
 88%|████████▊ | 689/782 [00:22<00:03, 23.84it/s]
 88%|████████▊ | 692/782 [00:22<00:03, 23.50it/s]
 89%|████████▉ | 695/782 [00:22<00:03, 22.73it/s]
 89%|████████▉ | 698/782 [00:22<00:03, 23.19it/s]
 90%|████████▉ | 701/782 [00:23<00:03, 23.59it/s]
 90%|█████████ | 704/782 [00:23<00:03, 23.14it/s]
 90%|█████████ | 707/782 [00:23<00:03, 23.09it/s]
 91%|█████████ | 710/782 [00:23<00:03, 23.07it/s]
 91%|█████████ | 713/782 [00:23<00:02, 23.72it/s]
 92%|█████████▏| 716/782 [00:23<00:02, 23.17it/s]
 92%|█████████▏| 719/782 [00:23<00:02, 23.78it/s]
 92%|█████████▏| 722/782 [00:23<00:02, 23.87it/s]
 93%|█████████▎| 725/782 [00:24<00:02, 23.83it/s]
 93%|█████████▎| 728/782 [00:24<00:02, 24.04it/s]
 93%|█████████▎| 731/782 [00:24<00:02, 23.78it/s]
 94%|█████████▍| 734/782 [00:24<00:02, 23.87it/s]
 94%|█████████▍| 737/782 [00:24<00:01, 23.44it/s]
 95%|█████████▍| 740/782 [00:24<00:01, 23.20it/s]
 95%|█████████▌| 743/782 [00:24<00:01, 23.25it/s]
 95%|█████████▌| 746/782 [00:24<00:01, 23.51it/s]
 96%|█████████▌| 749/782 [00:25<00:01, 24.31it/s]
 96%|█████████▌| 752/782 [00:25<00:01, 24.22it/s]
 97%|█████████▋| 755/782 [00:25<00:01, 23.95it/s]
 97%|█████████▋| 758/782 [00:25<00:01, 23.64it/s]
 97%|█████████▋| 761/782 [00:25<00:00, 23.18it/s]
 98%|█████████▊| 764/782 [00:25<00:00, 23.86it/s]
 98%|█████████▊| 767/782 [00:25<00:00, 23.39it/s]
 98%|█████████▊| 770/782 [00:25<00:00, 23.10it/s]
 99%|█████████▉| 773/782 [00:26<00:00, 23.16it/s]
 99%|█████████▉| 776/782 [00:26<00:00, 23.74it/s]
100%|█████████▉| 779/782 [00:26<00:00, 23.26it/s]
100%|██████████| 782/782 [00:26<00:00, 23.37it/s]
100%|██████████| 782/782 [00:26<00:00, 29.54it/s]
Traceback (most recent call last):
  File "/a/mm/ab/gpt/brute/ga/meta_evolution/run_fractal_evolution.py", line 352, in fitness_function
    os.rename(tmp_filepath, final_filepath)
FileNotFoundError: [Errno 2] No such file or directory: '/a/mm/ab/gpt/brute/ga/meta_evolution/ga_fractal_arch_cifar10/_tmp_GenFractalNet-b45e6910fd8468a0235395b01701b8b5.py' -> '/a/mm/ab/gpt/brute/ga/meta_evolution/ga_fractal_arch_cifar10/GenFractalNet-b45e6910fd8468a0235395b01701b8b5.py'
Model instantiation succeeded.
The training environment is set up successfully, using the following device: cuda.
Simulated training data created successfully.
Training step executed successfully.
  Train Loss: 1.1579, Test Loss: 1.1724
  Train Acc: 0.5914, Test Acc: 0.5864
  LR: 0.000001, Grad Norm: 3.3432, Throughput: 951.4 samples/s
accuracy_to_time_metric 0.9255237299686335
  - Saved stats (fallback) to: /a/mm/ab/gpt/brute/ga/meta_evolution/stats_cifar10/img-classification_cifar-10_acc_GenFractalNet-b45e6910fd8468a0235395b01701b8b5/1.json
Eval Fail: [Errno 2] No such file or directory: '/a/mm/ab/gpt/brute/ga/meta_evolution/ga_fractal_arch_cifar10/_tmp_GenFractalNet-b45e6910fd8468a0235395b01701b8b5.py' -> '/a/mm/ab/gpt/brute/ga/meta_evolution/ga_fractal_arch_cifar10/GenFractalNet-b45e6910fd8468a0235395b01701b8b5.py'
  - Cleaned up partial stats: /a/mm/ab/gpt/brute/ga/meta_evolution/stats_cifar10/img-classification_cifar-10_acc_GenFractalNet-b45e6910fd8468a0235395b01701b8b5
  Evaluating Individual 9/20 ---- Generation: 6/15
  - Evaluating unique arch (checksum: 74e9c255...)
Evaluating /a/mm/out_nneval_tmp_pid_300/nn/tmp/GenFractalNet-74e9c255405deccca7da0b884062b1e1-6f1e0f1a61d95a8394549e21e59ec674.py...
epoch 1

  0%|          | 0/782 [00:00<?, ?it/s]
  1%|          | 8/782 [00:00<00:10, 75.51it/s]
  3%|▎         | 23/782 [00:00<00:06, 114.09it/s]
  5%|▍         | 37/782 [00:00<00:05, 124.45it/s]
  6%|▋         | 50/782 [00:00<00:06, 121.34it/s]
  8%|▊         | 64/782 [00:00<00:05, 126.21it/s]
 10%|█         | 79/782 [00:00<00:05, 130.89it/s]
 12%|█▏        | 94/782 [00:00<00:05, 134.85it/s]
 14%|█▍        | 109/782 [00:00<00:04, 137.56it/s]
 16%|█▌        | 124/782 [00:00<00:04, 139.36it/s]
 18%|█▊        | 139/782 [00:01<00:04, 139.22it/s]
 20%|█▉        | 153/782 [00:01<00:04, 138.52it/s]
 21%|██▏       | 167/782 [00:01<00:04, 137.77it/s]
 23%|██▎       | 181/782 [00:01<00:04, 137.53it/s]
 25%|██▍       | 195/782 [00:01<00:04, 137.54it/s]
 27%|██▋       | 209/782 [00:01<00:04, 137.16it/s]
 29%|██▊       | 223/782 [00:01<00:04, 137.04it/s]
 30%|███       | 237/782 [00:01<00:03, 137.05it/s]
 32%|███▏      | 251/782 [00:01<00:03, 137.02it/s]
 34%|███▍      | 265/782 [00:01<00:03, 136.69it/s]
 36%|███▌      | 279/782 [00:02<00:03, 136.68it/s]
 37%|███▋      | 293/782 [00:02<00:03, 136.79it/s]
 39%|███▉      | 308/782 [00:02<00:03, 138.24it/s]
 41%|████▏     | 323/782 [00:02<00:03, 138.71it/s]
 43%|████▎     | 338/782 [00:02<00:03, 139.83it/s]
 45%|████▌     | 353/782 [00:02<00:03, 141.07it/s]
 47%|████▋     | 368/782 [00:02<00:02, 141.34it/s]
 49%|████▉     | 383/782 [00:02<00:02, 141.66it/s]
 51%|█████     | 398/782 [00:02<00:02, 141.96it/s]
 53%|█████▎    | 413/782 [00:03<00:02, 142.48it/s]
 55%|█████▍    | 428/782 [00:03<00:02, 142.12it/s]
 57%|█████▋    | 443/782 [00:03<00:02, 142.46it/s]
 59%|█████▊    | 458/782 [00:03<00:02, 142.27it/s]
 60%|██████    | 473/782 [00:03<00:02, 142.80it/s]
 62%|██████▏   | 488/782 [00:03<00:02, 143.12it/s]
 64%|██████▍   | 503/782 [00:03<00:01, 143.05it/s]
 66%|██████▌   | 518/782 [00:03<00:01, 143.20it/s]
 68%|██████▊   | 533/782 [00:03<00:01, 143.12it/s]
 70%|███████   | 548/782 [00:03<00:01, 143.26it/s]
 72%|███████▏  | 563/782 [00:04<00:01, 143.00it/s]
 74%|███████▍  | 578/782 [00:04<00:01, 142.98it/s]
 76%|███████▌  | 593/782 [00:04<00:01, 142.90it/s]
 78%|███████▊  | 608/782 [00:04<00:01, 142.50it/s]
 80%|███████▉  | 623/782 [00:04<00:01, 142.68it/s]
 82%|████████▏ | 638/782 [00:04<00:01, 142.91it/s]
 84%|████████▎ | 653/782 [00:04<00:00, 142.39it/s]
 85%|████████▌ | 668/782 [00:04<00:00, 142.63it/s]
 87%|████████▋ | 683/782 [00:04<00:00, 143.00it/s]
 89%|████████▉ | 698/782 [00:05<00:00, 142.72it/s]
 91%|█████████ | 713/782 [00:05<00:00, 143.00it/s]
 93%|█████████▎| 728/782 [00:05<00:00, 143.06it/s]
 95%|█████████▌| 743/782 [00:05<00:00, 143.21it/s]
 97%|█████████▋| 758/782 [00:05<00:00, 142.77it/s]
 99%|█████████▉| 773/782 [00:05<00:00, 142.88it/s]
100%|██████████| 782/782 [00:05<00:00, 138.60it/s]
Model instantiation succeeded.
The training environment is set up successfully, using the following device: cuda.
Simulated training data created successfully.
Training step executed successfully.
  Train Loss: 1.5936, Test Loss: 1.5926
  Train Acc: 0.4194, Test Acc: 0.4211
  LR: 0.000000, Grad Norm: 0.3571, Throughput: 2613.5 samples/s
accuracy_to_time_metric 1.6783406228135533
  - Saved stats (fallback) to: /a/mm/ab/gpt/brute/ga/meta_evolution/stats_cifar10/img-classification_cifar-10_acc_GenFractalNet-74e9c255405deccca7da0b884062b1e1/1.json
  - Model persisted to ga_fractal_arch_cifar10/ (stats verified: 1 JSON file(s))

  ========================================
  >>> FITNESS SCORE: 42.11%  (source: hyperparameters.accuracy, checksum: 74e9c255405deccca7da0b884062b1e1)
  ========================================

  Evaluating Individual 10/20 ---- Generation: 6/15
  - Evaluating unique arch (checksum: fa3982dc...)
Evaluating /a/mm/out_nneval_tmp_pid_300/nn/tmp/GenFractalNet-fa3982dccc83e83e409fa55bd8f97993-4e6e1f59b1cec7a5375b2a9db3a1267d.py...
epoch 1

  0%|          | 0/782 [00:00<?, ?it/s]
  1%|          | 8/782 [00:00<00:09, 78.85it/s]
  3%|▎         | 23/782 [00:00<00:06, 117.10it/s]
  5%|▍         | 38/782 [00:00<00:05, 129.16it/s]
  7%|▋         | 53/782 [00:00<00:05, 134.91it/s]
  9%|▊         | 68/782 [00:00<00:05, 137.51it/s]
 11%|█         | 83/782 [00:00<00:05, 139.35it/s]
 13%|█▎        | 98/782 [00:00<00:04, 140.61it/s]
 14%|█▍        | 113/782 [00:00<00:04, 141.44it/s]
 16%|█▋        | 128/782 [00:00<00:04, 142.07it/s]
 18%|█▊        | 143/782 [00:01<00:04, 142.49it/s]
 20%|██        | 158/782 [00:01<00:04, 142.66it/s]
 22%|██▏       | 173/782 [00:01<00:04, 142.48it/s]
 24%|██▍       | 188/782 [00:01<00:04, 142.43it/s]
 26%|██▌       | 203/782 [00:01<00:04, 140.70it/s]
 28%|██▊       | 218/782 [00:01<00:03, 141.13it/s]
 30%|██▉       | 233/782 [00:01<00:03, 141.43it/s]
 32%|███▏      | 248/782 [00:01<00:03, 142.32it/s]
 34%|███▎      | 263/782 [00:01<00:03, 142.03it/s]
 36%|███▌      | 278/782 [00:01<00:03, 142.49it/s]
 37%|███▋      | 293/782 [00:02<00:03, 142.43it/s]
 39%|███▉      | 308/782 [00:02<00:03, 142.46it/s]
 41%|████▏     | 323/782 [00:02<00:03, 142.48it/s]
 43%|████▎     | 338/782 [00:02<00:03, 142.72it/s]
 45%|████▌     | 353/782 [00:02<00:03, 142.94it/s]
 47%|████▋     | 368/782 [00:02<00:02, 142.96it/s]
 49%|████▉     | 383/782 [00:02<00:02, 143.03it/s]
 51%|█████     | 398/782 [00:02<00:02, 142.34it/s]
 53%|█████▎    | 413/782 [00:02<00:02, 142.77it/s]
 55%|█████▍    | 428/782 [00:03<00:02, 143.18it/s]
 57%|█████▋    | 443/782 [00:03<00:02, 143.14it/s]
 59%|█████▊    | 458/782 [00:03<00:02, 143.14it/s]
 60%|██████    | 473/782 [00:03<00:02, 142.91it/s]
 62%|██████▏   | 488/782 [00:03<00:02, 143.20it/s]
 64%|██████▍   | 503/782 [00:03<00:01, 143.34it/s]
 66%|██████▌   | 518/782 [00:03<00:01, 142.73it/s]
 68%|██████▊   | 533/782 [00:03<00:01, 143.20it/s]
 70%|███████   | 548/782 [00:03<00:01, 143.20it/s]
 72%|███████▏  | 563/782 [00:03<00:01, 143.12it/s]
 74%|███████▍  | 578/782 [00:04<00:01, 143.25it/s]
 76%|███████▌  | 593/782 [00:04<00:01, 142.95it/s]
 78%|███████▊  | 608/782 [00:04<00:01, 143.04it/s]
 80%|███████▉  | 623/782 [00:04<00:01, 143.36it/s]
 82%|████████▏ | 638/782 [00:04<00:01, 143.32it/s]
 84%|████████▎ | 653/782 [00:04<00:00, 143.52it/s]
 85%|████████▌ | 668/782 [00:04<00:00, 143.36it/s]
 87%|████████▋ | 683/782 [00:04<00:00, 143.51it/s]
 89%|████████▉ | 698/782 [00:04<00:00, 143.63it/s]
 91%|█████████ | 713/782 [00:05<00:00, 143.38it/s]
 93%|█████████▎| 728/782 [00:05<00:00, 143.54it/s]
 95%|█████████▌| 743/782 [00:05<00:00, 143.58it/s]
 97%|█████████▋| 758/782 [00:05<00:00, 143.72it/s]
 99%|█████████▉| 773/782 [00:05<00:00, 143.04it/s]
100%|██████████| 782/782 [00:05<00:00, 141.00it/s]
Model instantiation succeeded.
The training environment is set up successfully, using the following device: cuda.
Simulated training data created successfully.
Training step executed successfully.
  Train Loss: 1.1993, Test Loss: 1.2016
  Train Acc: 0.5915, Test Acc: 0.5977
  LR: 0.000000, Grad Norm: 1.9735, Throughput: 2639.0 samples/s
accuracy_to_time_metric 2.6268004156550178
  - Saved stats (fallback) to: /a/mm/ab/gpt/brute/ga/meta_evolution/stats_cifar10/img-classification_cifar-10_acc_GenFractalNet-fa3982dccc83e83e409fa55bd8f97993/1.json
  - Model persisted to ga_fractal_arch_cifar10/ (stats verified: 1 JSON file(s))

  ========================================
  >>> FITNESS SCORE: 59.77%  (source: hyperparameters.accuracy, checksum: fa3982dccc83e83e409fa55bd8f97993)
  ========================================

  [Archive] Cell (2, 32) updated with fitness: 59.7700
  Evaluating Individual 11/20 ---- Generation: 6/15
  - Evaluating unique arch (checksum: fc3173b4...)
Evaluating /a/mm/out_nneval_tmp_pid_300/nn/tmp/GenFractalNet-fc3173b49cfcae87b9d1db743208e848-1eb1102a71f7961d8cbdff51d07983bf.py...
epoch 1

  0%|          | 0/782 [00:00<?, ?it/s]
  0%|          | 3/782 [00:00<00:26, 29.24it/s]
  2%|▏         | 12/782 [00:00<00:12, 62.57it/s]
  3%|▎         | 21/782 [00:00<00:10, 72.53it/s]
  4%|▍         | 30/782 [00:00<00:09, 78.79it/s]
  5%|▍         | 39/782 [00:00<00:09, 79.72it/s]
  6%|▌         | 47/782 [00:00<00:09, 79.69it/s]
  7%|▋         | 56/782 [00:00<00:09, 80.58it/s]
  8%|▊         | 65/782 [00:00<00:08, 80.90it/s]
  9%|▉         | 74/782 [00:00<00:08, 79.83it/s]
 10%|█         | 82/782 [00:01<00:08, 79.25it/s]
 12%|█▏        | 91/782 [00:01<00:08, 79.97it/s]
 13%|█▎        | 100/782 [00:01<00:08, 80.02it/s]
 14%|█▍        | 109/782 [00:01<00:08, 79.58it/s]
 15%|█▌        | 118/782 [00:01<00:08, 81.36it/s]
 16%|█▌        | 127/782 [00:01<00:08, 81.72it/s]
 17%|█▋        | 136/782 [00:01<00:07, 81.29it/s]
 19%|█▊        | 145/782 [00:01<00:07, 83.02it/s]
 20%|█▉        | 154/782 [00:01<00:07, 82.35it/s]
 21%|██        | 163/782 [00:02<00:07, 83.82it/s]
 22%|██▏       | 172/782 [00:02<00:07, 83.91it/s]
 23%|██▎       | 181/782 [00:02<00:07, 84.66it/s]
 24%|██▍       | 190/782 [00:02<00:07, 83.69it/s]
 25%|██▌       | 199/782 [00:02<00:06, 84.49it/s]
 27%|██▋       | 208/782 [00:02<00:06, 84.93it/s]
 28%|██▊       | 217/782 [00:02<00:06, 85.98it/s]
 29%|██▉       | 226/782 [00:02<00:06, 85.04it/s]
 30%|███       | 235/782 [00:02<00:06, 84.56it/s]
 31%|███       | 244/782 [00:03<00:06, 83.31it/s]
 32%|███▏      | 253/782 [00:03<00:06, 83.21it/s]
 34%|███▎      | 262/782 [00:03<00:06, 83.92it/s]
 35%|███▍      | 271/782 [00:03<00:06, 83.48it/s]
 36%|███▌      | 280/782 [00:03<00:05, 84.38it/s]
 37%|███▋      | 289/782 [00:03<00:05, 84.33it/s]
 38%|███▊      | 298/782 [00:03<00:05, 84.34it/s]
 39%|███▉      | 307/782 [00:03<00:05, 85.26it/s]
 40%|████      | 316/782 [00:03<00:05, 84.75it/s]
 42%|████▏     | 325/782 [00:03<00:05, 86.14it/s]
 43%|████▎     | 334/782 [00:04<00:05, 86.18it/s]
 44%|████▍     | 343/782 [00:04<00:05, 86.33it/s]
 45%|████▌     | 352/782 [00:04<00:04, 86.43it/s]
 46%|████▋     | 362/782 [00:04<00:04, 87.69it/s]
 47%|████▋     | 371/782 [00:04<00:04, 88.10it/s]
 49%|████▊     | 380/782 [00:04<00:04, 87.16it/s]
 50%|████▉     | 389/782 [00:04<00:04, 84.62it/s]
 51%|█████     | 398/782 [00:04<00:04, 86.12it/s]
 52%|█████▏    | 407/782 [00:04<00:04, 86.66it/s]
 53%|█████▎    | 416/782 [00:05<00:04, 85.73it/s]
 54%|█████▍    | 425/782 [00:05<00:04, 85.84it/s]
 55%|█████▌    | 434/782 [00:05<00:04, 86.50it/s]
 57%|█████▋    | 443/782 [00:05<00:03, 86.73it/s]
 58%|█████▊    | 452/782 [00:05<00:03, 87.65it/s]
 59%|█████▉    | 461/782 [00:05<00:03, 87.30it/s]
 60%|██████    | 470/782 [00:05<00:03, 86.75it/s]
 61%|██████▏   | 479/782 [00:05<00:03, 86.13it/s]
 62%|██████▏   | 488/782 [00:05<00:03, 86.96it/s]
 64%|██████▎   | 497/782 [00:05<00:03, 87.70it/s]
 65%|██████▍   | 506/782 [00:06<00:03, 87.23it/s]
 66%|██████▌   | 515/782 [00:06<00:03, 87.46it/s]
 67%|██████▋   | 524/782 [00:06<00:02, 87.43it/s]
 68%|██████▊   | 533/782 [00:06<00:02, 86.91it/s]
 69%|██████▉   | 542/782 [00:06<00:02, 86.90it/s]
 70%|███████   | 551/782 [00:06<00:02, 85.62it/s]
 72%|███████▏  | 560/782 [00:06<00:02, 85.54it/s]
 73%|███████▎  | 569/782 [00:06<00:02, 85.36it/s]
 74%|███████▍  | 578/782 [00:06<00:02, 86.00it/s]
 75%|███████▌  | 587/782 [00:06<00:02, 85.00it/s]
 76%|███████▌  | 596/782 [00:07<00:02, 86.05it/s]
 77%|███████▋  | 605/782 [00:07<00:02, 86.67it/s]
 79%|███████▊  | 614/782 [00:07<00:01, 86.52it/s]
 80%|███████▉  | 623/782 [00:07<00:01, 86.79it/s]
 81%|████████  | 632/782 [00:07<00:01, 86.95it/s]
 82%|████████▏ | 641/782 [00:07<00:01, 87.36it/s]
 83%|████████▎ | 650/782 [00:07<00:01, 87.53it/s]
 84%|████████▍ | 660/782 [00:07<00:01, 88.39it/s]
 86%|████████▌ | 670/782 [00:07<00:01, 89.72it/s]
 87%|████████▋ | 679/782 [00:08<00:01, 87.86it/s]
 88%|████████▊ | 688/782 [00:08<00:01, 88.23it/s]
 89%|████████▉ | 697/782 [00:08<00:00, 88.56it/s]
 90%|█████████ | 706/782 [00:08<00:00, 86.41it/s]
 91%|█████████▏| 715/782 [00:08<00:00, 86.07it/s]
 93%|█████████▎| 724/782 [00:08<00:00, 86.65it/s]
 94%|█████████▎| 733/782 [00:08<00:00, 86.68it/s]
 95%|█████████▌| 743/782 [00:08<00:00, 87.60it/s]
 96%|█████████▌| 752/782 [00:08<00:00, 87.76it/s]
 97%|█████████▋| 761/782 [00:08<00:00, 87.67it/s]
 98%|█████████▊| 770/782 [00:09<00:00, 85.71it/s]
100%|█████████▉| 779/782 [00:09<00:00, 85.60it/s]
100%|██████████| 782/782 [00:09<00:00, 84.42it/s]
Model instantiation succeeded.
The training environment is set up successfully, using the following device: cuda.
Simulated training data created successfully.
Training step executed successfully.
  Train Loss: 1.8563, Test Loss: 1.8533
  Train Acc: 0.2854, Test Acc: 0.2864
  LR: 0.000001, Grad Norm: 0.3564, Throughput: 2187.1 samples/s
accuracy_to_time_metric 0.8153207684940799
  - Saved stats (fallback) to: /a/mm/ab/gpt/brute/ga/meta_evolution/stats_cifar10/img-classification_cifar-10_acc_GenFractalNet-fc3173b49cfcae87b9d1db743208e848/1.json
  - Model persisted to ga_fractal_arch_cifar10/ (stats verified: 1 JSON file(s))

  ========================================
  >>> FITNESS SCORE: 28.64%  (source: hyperparameters.accuracy, checksum: fc3173b49cfcae87b9d1db743208e848)
  ========================================

  Evaluating Individual 12/20 ---- Generation: 6/15
  - Evaluating unique arch (checksum: e5460db6...)
Evaluating /a/mm/out_nneval_tmp_pid_300/nn/tmp/GenFractalNet-e5460db6abc15cb82b398bc50fd43f08-d7f3da094a4ef98f95fc27f7e8e46ce1.py...
epoch 1

  0%|          | 0/782 [00:00<?, ?it/s]
  1%|          | 9/782 [00:00<00:09, 82.65it/s]
  2%|▏         | 18/782 [00:00<00:08, 85.43it/s]
  3%|▎         | 27/782 [00:00<00:08, 86.92it/s]
  5%|▍         | 37/782 [00:00<00:08, 89.77it/s]
  6%|▌         | 47/782 [00:00<00:07, 93.06it/s]
  7%|▋         | 57/782 [00:00<00:07, 94.21it/s]
  9%|▊         | 67/782 [00:00<00:07, 95.87it/s]
 10%|▉         | 77/782 [00:00<00:07, 95.11it/s]
 11%|█         | 87/782 [00:00<00:07, 95.92it/s]
 12%|█▏        | 97/782 [00:01<00:07, 97.11it/s]
 14%|█▎        | 107/782 [00:01<00:06, 97.44it/s]
 15%|█▍        | 117/782 [00:01<00:06, 97.42it/s]
 16%|█▋        | 128/782 [00:01<00:06, 98.45it/s]
 18%|█▊        | 138/782 [00:01<00:06, 97.19it/s]
 19%|█▉        | 148/782 [00:01<00:06, 97.76it/s]
 20%|██        | 158/782 [00:01<00:06, 97.58it/s]
 21%|██▏       | 168/782 [00:01<00:06, 97.81it/s]
 23%|██▎       | 178/782 [00:01<00:06, 98.14it/s]
 24%|██▍       | 189/782 [00:01<00:05, 98.97it/s]
 25%|██▌       | 199/782 [00:02<00:05, 98.64it/s]
 27%|██▋       | 210/782 [00:02<00:05, 99.30it/s]
 28%|██▊       | 221/782 [00:02<00:05, 99.75it/s]
 30%|██▉       | 231/782 [00:02<00:05, 99.51it/s]
 31%|███       | 242/782 [00:02<00:05, 99.79it/s]
 32%|███▏      | 253/782 [00:02<00:05, 100.02it/s]
 34%|███▍      | 264/782 [00:02<00:05, 99.89it/s] 
 35%|███▌      | 275/782 [00:02<00:05, 99.74it/s]
 36%|███▋      | 285/782 [00:02<00:04, 99.56it/s]
 38%|███▊      | 296/782 [00:03<00:04, 100.24it/s]
 39%|███▉      | 307/782 [00:03<00:04, 99.52it/s] 
 41%|████      | 317/782 [00:03<00:04, 98.88it/s]
 42%|████▏     | 327/782 [00:03<00:04, 98.32it/s]
 43%|████▎     | 337/782 [00:03<00:04, 97.59it/s]
 44%|████▍     | 347/782 [00:03<00:04, 95.56it/s]
 46%|████▌     | 357/782 [00:03<00:04, 96.39it/s]
 47%|████▋     | 367/782 [00:03<00:04, 97.38it/s]
 48%|████▊     | 377/782 [00:03<00:04, 97.77it/s]
 50%|████▉     | 388/782 [00:03<00:03, 98.52it/s]
 51%|█████     | 398/782 [00:04<00:03, 98.54it/s]
 52%|█████▏    | 408/782 [00:04<00:03, 98.71it/s]
 53%|█████▎    | 418/782 [00:04<00:03, 97.07it/s]
 55%|█████▍    | 428/782 [00:04<00:03, 96.20it/s]
 56%|█████▌    | 438/782 [00:04<00:03, 96.43it/s]
 57%|█████▋    | 448/782 [00:04<00:03, 96.29it/s]
 59%|█████▊    | 458/782 [00:04<00:03, 96.12it/s]
 60%|█████▉    | 468/782 [00:04<00:03, 95.71it/s]
 61%|██████▏   | 479/782 [00:04<00:03, 97.08it/s]
 63%|██████▎   | 489/782 [00:05<00:03, 96.92it/s]
 64%|██████▍   | 500/782 [00:05<00:02, 98.74it/s]
 65%|██████▌   | 511/782 [00:05<00:02, 99.30it/s]
 67%|██████▋   | 522/782 [00:05<00:02, 99.56it/s]
 68%|██████▊   | 532/782 [00:05<00:02, 98.45it/s]
 69%|██████▉   | 542/782 [00:05<00:02, 97.36it/s]
 71%|███████   | 552/782 [00:05<00:02, 97.95it/s]
 72%|███████▏  | 562/782 [00:05<00:02, 97.96it/s]
 73%|███████▎  | 572/782 [00:05<00:02, 98.52it/s]
 75%|███████▍  | 583/782 [00:05<00:01, 99.99it/s]
 76%|███████▌  | 593/782 [00:06<00:01, 98.39it/s]
 77%|███████▋  | 604/782 [00:06<00:01, 99.83it/s]
 79%|███████▊  | 615/782 [00:06<00:01, 100.24it/s]
 80%|████████  | 626/782 [00:06<00:01, 100.47it/s]
 81%|████████▏ | 637/782 [00:06<00:01, 99.14it/s] 
 83%|████████▎ | 648/782 [00:06<00:01, 100.01it/s]
 84%|████████▍ | 659/782 [00:06<00:01, 99.76it/s] 
 86%|████████▌ | 670/782 [00:06<00:01, 99.81it/s]
 87%|████████▋ | 680/782 [00:06<00:01, 98.96it/s]
 88%|████████▊ | 690/782 [00:07<00:00, 98.53it/s]
 90%|████████▉ | 700/782 [00:07<00:00, 97.95it/s]
 91%|█████████ | 711/782 [00:07<00:00, 99.28it/s]
 92%|█████████▏| 721/782 [00:07<00:00, 98.42it/s]
 93%|█████████▎| 731/782 [00:07<00:00, 98.62it/s]
 95%|█████████▍| 741/782 [00:07<00:00, 98.85it/s]
 96%|█████████▌| 752/782 [00:07<00:00, 99.45it/s]
 98%|█████████▊| 763/782 [00:07<00:00, 99.87it/s]
 99%|█████████▉| 773/782 [00:07<00:00, 99.59it/s]
100%|██████████| 782/782 [00:08<00:00, 97.68it/s]
Model instantiation succeeded.
The training environment is set up successfully, using the following device: cuda.
Simulated training data created successfully.
Training step executed successfully.
  Train Loss: 1.3458, Test Loss: 1.3426
  Train Acc: 0.5163, Test Acc: 0.5174
  LR: 0.000000, Grad Norm: 0.3803, Throughput: 2328.1 samples/s
accuracy_to_time_metric 1.9434701980726414
  - Saved stats (fallback) to: /a/mm/ab/gpt/brute/ga/meta_evolution/stats_cifar10/img-classification_cifar-10_acc_GenFractalNet-e5460db6abc15cb82b398bc50fd43f08/1.json
  - Model persisted to ga_fractal_arch_cifar10/ (stats verified: 1 JSON file(s))

  ========================================
  >>> FITNESS SCORE: 51.74%  (source: hyperparameters.accuracy, checksum: e5460db6abc15cb82b398bc50fd43f08)
  ========================================

  Evaluating Individual 13/20 ---- Generation: 6/15
  - Evaluating unique arch (checksum: 930a3ed4...)
Evaluating /a/mm/out_nneval_tmp_pid_300/nn/tmp/GenFractalNet-930a3ed40f55bc4796b51e7031d8cbbd-52d6fd0f8e000dc3e30256012df57e01.py...
epoch 1

  0%|          | 0/782 [00:00<?, ?it/s]
  0%|          | 2/782 [00:00<00:40, 19.45it/s]
  2%|▏         | 17/782 [00:00<00:08, 93.28it/s]
  4%|▍         | 31/782 [00:00<00:06, 114.04it/s]
  6%|▌         | 46/782 [00:00<00:05, 125.66it/s]
  8%|▊         | 61/782 [00:00<00:05, 132.37it/s]
 10%|▉         | 76/782 [00:00<00:05, 136.43it/s]
 12%|█▏        | 90/782 [00:00<00:05, 136.25it/s]
 13%|█▎        | 104/782 [00:00<00:05, 129.02it/s]
 15%|█▌        | 118/782 [00:00<00:05, 131.79it/s]
 17%|█▋        | 133/782 [00:01<00:04, 135.08it/s]
 19%|█▉        | 148/782 [00:01<00:04, 137.22it/s]
 21%|██        | 163/782 [00:01<00:04, 139.09it/s]
 23%|██▎       | 178/782 [00:01<00:04, 140.16it/s]
 25%|██▍       | 193/782 [00:01<00:04, 140.60it/s]
 27%|██▋       | 208/782 [00:01<00:04, 141.16it/s]
 29%|██▊       | 223/782 [00:01<00:04, 139.19it/s]
 30%|███       | 237/782 [00:01<00:04, 135.87it/s]
 32%|███▏      | 252/782 [00:01<00:03, 137.37it/s]
 34%|███▍      | 267/782 [00:02<00:03, 138.75it/s]
 36%|███▌      | 282/782 [00:02<00:03, 139.68it/s]
 38%|███▊      | 297/782 [00:02<00:03, 140.03it/s]
 40%|███▉      | 312/782 [00:02<00:03, 140.24it/s]
 42%|████▏     | 327/782 [00:02<00:03, 140.60it/s]
 44%|████▎     | 342/782 [00:02<00:03, 141.32it/s]
 46%|████▌     | 357/782 [00:02<00:03, 141.43it/s]
 48%|████▊     | 372/782 [00:02<00:02, 141.50it/s]
 49%|████▉     | 387/782 [00:02<00:02, 141.73it/s]
 51%|█████▏    | 402/782 [00:02<00:02, 141.26it/s]
 53%|█████▎    | 417/782 [00:03<00:02, 141.78it/s]
 55%|█████▌    | 432/782 [00:03<00:02, 141.23it/s]
 57%|█████▋    | 447/782 [00:03<00:02, 141.58it/s]
 59%|█████▉    | 462/782 [00:03<00:02, 141.83it/s]
 61%|██████    | 477/782 [00:03<00:02, 142.28it/s]
 63%|██████▎   | 492/782 [00:03<00:02, 142.38it/s]
 65%|██████▍   | 507/782 [00:03<00:01, 142.46it/s]
 67%|██████▋   | 522/782 [00:03<00:01, 142.20it/s]
 69%|██████▊   | 537/782 [00:03<00:01, 142.10it/s]
 71%|███████   | 552/782 [00:04<00:01, 142.22it/s]
 73%|███████▎  | 567/782 [00:04<00:01, 142.31it/s]
 74%|███████▍  | 582/782 [00:04<00:01, 141.57it/s]
 76%|███████▋  | 597/782 [00:04<00:01, 140.67it/s]
 78%|███████▊  | 612/782 [00:04<00:01, 141.15it/s]
 80%|████████  | 627/782 [00:04<00:01, 141.42it/s]
 82%|████████▏ | 642/782 [00:04<00:00, 142.12it/s]
 84%|████████▍ | 657/782 [00:04<00:00, 142.06it/s]
 86%|████████▌ | 672/782 [00:04<00:00, 142.36it/s]
 88%|████████▊ | 687/782 [00:04<00:00, 141.79it/s]
 90%|████████▉ | 702/782 [00:05<00:00, 141.94it/s]
 92%|█████████▏| 717/782 [00:05<00:00, 141.64it/s]
 94%|█████████▎| 732/782 [00:05<00:00, 141.87it/s]
 96%|█████████▌| 747/782 [00:05<00:00, 141.75it/s]
 97%|█████████▋| 762/782 [00:05<00:00, 140.61it/s]
 99%|█████████▉| 777/782 [00:05<00:00, 140.85it/s]
100%|██████████| 782/782 [00:05<00:00, 137.30it/s]
Model instantiation succeeded.
The training environment is set up successfully, using the following device: cuda.
Simulated training data created successfully.
Training step executed successfully.
  Train Loss: 1.5350, Test Loss: 1.5319
  Train Acc: 0.4541, Test Acc: 0.4553
  LR: 0.000000, Grad Norm: 5.0000, Throughput: 2587.5 samples/s
accuracy_to_time_metric 1.8386720428443601
  - Saved stats (fallback) to: /a/mm/ab/gpt/brute/ga/meta_evolution/stats_cifar10/img-classification_cifar-10_acc_GenFractalNet-930a3ed40f55bc4796b51e7031d8cbbd/1.json
  - Model persisted to ga_fractal_arch_cifar10/ (stats verified: 1 JSON file(s))

  ========================================
  >>> FITNESS SCORE: 45.53%  (source: hyperparameters.accuracy, checksum: 930a3ed40f55bc4796b51e7031d8cbbd)
  ========================================

  Evaluating Individual 14/20 ---- Generation: 6/15
  - Evaluating unique arch (checksum: ad3172ee...)
Evaluating /a/mm/out_nneval_tmp_pid_300/nn/tmp/GenFractalNet-ad3172ee70cc04c58612e7406ad8a9b6-34ed9390411ece1138708010cb77526c.py...
epoch 1

  0%|          | 0/782 [00:00<?, ?it/s]
  0%|          | 2/782 [00:00<00:46, 16.80it/s]
  1%|          | 4/782 [00:00<00:53, 14.58it/s]
  1%|          | 6/782 [00:00<00:54, 14.25it/s]
  1%|          | 8/782 [00:00<00:53, 14.39it/s]
  1%|▏         | 10/782 [00:00<00:53, 14.32it/s]
  2%|▏         | 12/782 [00:00<00:52, 14.67it/s]
  2%|▏         | 14/782 [00:00<00:53, 14.45it/s]
  2%|▏         | 16/782 [00:01<00:55, 13.93it/s]
  2%|▏         | 18/782 [00:01<00:56, 13.59it/s]
  3%|▎         | 20/782 [00:01<00:56, 13.48it/s]
  3%|▎         | 22/782 [00:01<00:58, 13.02it/s]
  3%|▎         | 24/782 [00:01<00:58, 12.96it/s]
  3%|▎         | 26/782 [00:01<01:00, 12.59it/s]
  4%|▎         | 28/782 [00:02<01:00, 12.53it/s]
  4%|▍         | 30/782 [00:02<01:00, 12.52it/s]
  4%|▍         | 32/782 [00:02<00:57, 13.15it/s]
  4%|▍         | 34/782 [00:02<00:54, 13.74it/s]
  5%|▍         | 36/782 [00:02<00:53, 13.86it/s]
  5%|▍         | 38/782 [00:02<00:51, 14.43it/s]
  5%|▌         | 40/782 [00:02<00:50, 14.81it/s]
  5%|▌         | 42/782 [00:03<00:51, 14.36it/s]
  6%|▌         | 44/782 [00:03<00:51, 14.19it/s]
  6%|▌         | 46/782 [00:03<00:51, 14.43it/s]
  6%|▌         | 48/782 [00:03<00:48, 15.02it/s]
  6%|▋         | 50/782 [00:03<00:47, 15.41it/s]
  7%|▋         | 52/782 [00:03<00:49, 14.83it/s]
  7%|▋         | 54/782 [00:03<00:49, 14.75it/s]
  7%|▋         | 56/782 [00:03<00:48, 15.06it/s]
  7%|▋         | 58/782 [00:04<00:48, 14.81it/s]
  8%|▊         | 60/782 [00:04<00:48, 14.95it/s]
  8%|▊         | 62/782 [00:04<00:48, 14.93it/s]
  8%|▊         | 64/782 [00:04<00:48, 14.83it/s]
  8%|▊         | 66/782 [00:04<00:48, 14.73it/s]
  9%|▊         | 68/782 [00:04<00:50, 14.23it/s]
  9%|▉         | 70/782 [00:04<00:50, 14.04it/s]
  9%|▉         | 72/782 [00:05<00:49, 14.29it/s]
  9%|▉         | 74/782 [00:05<00:47, 14.78it/s]
 10%|▉         | 76/782 [00:05<00:46, 15.29it/s]
 10%|▉         | 78/782 [00:05<00:47, 14.91it/s]
 10%|█         | 80/782 [00:05<00:46, 14.96it/s]
 10%|█         | 82/782 [00:05<00:48, 14.52it/s]
 11%|█         | 84/782 [00:05<00:47, 14.55it/s]
 11%|█         | 86/782 [00:06<00:47, 14.53it/s]
 11%|█▏        | 88/782 [00:06<00:47, 14.46it/s]
 12%|█▏        | 90/782 [00:06<00:48, 14.34it/s]
 12%|█▏        | 92/782 [00:06<00:48, 14.19it/s]
 12%|█▏        | 94/782 [00:06<00:47, 14.42it/s]
 12%|█▏        | 96/782 [00:06<00:48, 14.02it/s]
 13%|█▎        | 98/782 [00:06<00:48, 14.03it/s]
 13%|█▎        | 100/782 [00:07<00:48, 14.01it/s]
 13%|█▎        | 102/782 [00:07<00:47, 14.34it/s]
 13%|█▎        | 104/782 [00:07<00:48, 14.10it/s]
 14%|█▎        | 106/782 [00:07<00:49, 13.54it/s]
 14%|█▍        | 108/782 [00:07<00:49, 13.72it/s]
 14%|█▍        | 110/782 [00:07<00:46, 14.48it/s]
 14%|█▍        | 112/782 [00:07<00:46, 14.45it/s]
 15%|█▍        | 114/782 [00:08<00:45, 14.57it/s]
 15%|█▍        | 116/782 [00:08<00:43, 15.30it/s]
 15%|█▌        | 118/782 [00:08<00:42, 15.55it/s]
 15%|█▌        | 120/782 [00:08<00:41, 15.90it/s]
 16%|█▌        | 122/782 [00:08<00:42, 15.41it/s]
 16%|█▌        | 124/782 [00:08<00:42, 15.35it/s]
 16%|█▌        | 126/782 [00:08<00:43, 14.96it/s]
 16%|█▋        | 128/782 [00:08<00:42, 15.54it/s]
 17%|█▋        | 130/782 [00:09<00:43, 14.87it/s]
 17%|█▋        | 132/782 [00:09<00:42, 15.12it/s]
 17%|█▋        | 134/782 [00:09<00:43, 15.04it/s]
 17%|█▋        | 136/782 [00:09<00:44, 14.50it/s]
 18%|█▊        | 138/782 [00:09<00:45, 14.02it/s]
 18%|█▊        | 140/782 [00:09<00:45, 14.19it/s]
 18%|█▊        | 142/782 [00:09<00:44, 14.37it/s]
 18%|█▊        | 144/782 [00:10<00:43, 14.68it/s]
 19%|█▊        | 146/782 [00:10<00:43, 14.46it/s]
 19%|█▉        | 148/782 [00:10<00:43, 14.54it/s]
 19%|█▉        | 150/782 [00:10<00:42, 14.80it/s]
 19%|█▉        | 152/782 [00:10<00:41, 15.11it/s]
 20%|█▉        | 154/782 [00:10<00:41, 15.31it/s]
 20%|█▉        | 156/782 [00:10<00:41, 15.13it/s]
 20%|██        | 158/782 [00:10<00:43, 14.37it/s]
 20%|██        | 160/782 [00:11<00:43, 14.20it/s]
 21%|██        | 162/782 [00:11<00:43, 14.33it/s]
 21%|██        | 164/782 [00:11<00:42, 14.60it/s]
 21%|██        | 166/782 [00:11<00:41, 14.81it/s]
 21%|██▏       | 168/782 [00:11<00:41, 14.95it/s]
 22%|██▏       | 170/782 [00:11<00:41, 14.85it/s]
 22%|██▏       | 172/782 [00:11<00:39, 15.26it/s]
 22%|██▏       | 174/782 [00:12<00:39, 15.53it/s]
 23%|██▎       | 176/782 [00:12<00:39, 15.46it/s]
 23%|██▎       | 178/782 [00:12<00:40, 15.03it/s]
 23%|██▎       | 180/782 [00:12<00:40, 14.77it/s]
 23%|██▎       | 182/782 [00:12<00:41, 14.47it/s]
 24%|██▎       | 184/782 [00:12<00:41, 14.28it/s]
 24%|██▍       | 186/782 [00:12<00:41, 14.46it/s]
 24%|██▍       | 188/782 [00:12<00:41, 14.46it/s]
 24%|██▍       | 190/782 [00:13<00:43, 13.74it/s]
 25%|██▍       | 192/782 [00:13<00:44, 13.17it/s]
 25%|██▍       | 194/782 [00:13<00:44, 13.09it/s]
 25%|██▌       | 196/782 [00:13<00:43, 13.45it/s]
 25%|██▌       | 198/782 [00:13<00:44, 13.02it/s]
 26%|██▌       | 200/782 [00:13<00:43, 13.36it/s]
 26%|██▌       | 202/782 [00:14<00:43, 13.35it/s]
 26%|██▌       | 204/782 [00:14<00:43, 13.39it/s]
 26%|██▋       | 206/782 [00:14<00:42, 13.48it/s]
 27%|██▋       | 208/782 [00:14<00:44, 12.95it/s]
 27%|██▋       | 210/782 [00:14<00:45, 12.53it/s]
 27%|██▋       | 212/782 [00:14<00:46, 12.26it/s]
 27%|██▋       | 214/782 [00:15<00:45, 12.62it/s]
 28%|██▊       | 216/782 [00:15<00:44, 12.65it/s]
 28%|██▊       | 218/782 [00:15<00:44, 12.66it/s]
 28%|██▊       | 220/782 [00:15<00:45, 12.37it/s]
 28%|██▊       | 222/782 [00:15<00:45, 12.36it/s]
 29%|██▊       | 224/782 [00:15<00:44, 12.62it/s]
 29%|██▉       | 226/782 [00:15<00:42, 13.02it/s]
 29%|██▉       | 228/782 [00:16<00:42, 12.95it/s]
 29%|██▉       | 230/782 [00:16<00:42, 12.96it/s]
 30%|██▉       | 232/782 [00:16<00:44, 12.46it/s]
 30%|██▉       | 234/782 [00:16<00:41, 13.22it/s]
 30%|███       | 236/782 [00:16<00:41, 13.18it/s]
 30%|███       | 238/782 [00:16<00:42, 12.67it/s]
 31%|███       | 240/782 [00:17<00:45, 11.79it/s]
 31%|███       | 242/782 [00:17<00:47, 11.30it/s]
 31%|███       | 244/782 [00:17<00:49, 10.87it/s]
 31%|███▏      | 246/782 [00:17<00:52, 10.25it/s]
 32%|███▏      | 248/782 [00:17<00:53, 10.03it/s]
 32%|███▏      | 250/782 [00:18<00:53,  9.99it/s]
 32%|███▏      | 252/782 [00:18<00:50, 10.41it/s]
 32%|███▏      | 254/782 [00:18<00:52, 10.12it/s]
 33%|███▎      | 256/782 [00:18<00:53,  9.88it/s]
 33%|███▎      | 257/782 [00:18<00:53,  9.72it/s]
 33%|███▎      | 258/782 [00:18<00:54,  9.62it/s]
 33%|███▎      | 260/782 [00:19<00:51, 10.17it/s]
 34%|███▎      | 262/782 [00:19<00:51, 10.03it/s]
 34%|███▍      | 264/782 [00:19<00:50, 10.27it/s]
 34%|███▍      | 266/782 [00:19<00:51, 10.08it/s]
 34%|███▍      | 268/782 [00:19<00:49, 10.43it/s]
 35%|███▍      | 270/782 [00:20<00:48, 10.47it/s]
 35%|███▍      | 272/782 [00:20<00:48, 10.46it/s]
 35%|███▌      | 274/782 [00:20<00:48, 10.45it/s]
 35%|███▌      | 276/782 [00:20<00:46, 10.77it/s]
 36%|███▌      | 278/782 [00:20<00:46, 10.79it/s]
 36%|███▌      | 280/782 [00:21<00:46, 10.77it/s]
 36%|███▌      | 282/782 [00:21<00:48, 10.30it/s]
 36%|███▋      | 284/782 [00:21<00:50,  9.90it/s]
 36%|███▋      | 285/782 [00:21<00:50,  9.91it/s]
 37%|███▋      | 286/782 [00:21<00:50,  9.82it/s]
 37%|███▋      | 287/782 [00:21<00:51,  9.64it/s]
 37%|███▋      | 289/782 [00:21<00:49,  9.89it/s]
 37%|███▋      | 290/782 [00:22<00:50,  9.82it/s]
 37%|███▋      | 292/782 [00:22<00:48, 10.16it/s]
 38%|███▊      | 294/782 [00:22<00:45, 10.62it/s]
 38%|███▊      | 296/782 [00:22<00:45, 10.64it/s]
 38%|███▊      | 298/782 [00:22<00:46, 10.49it/s]
 38%|███▊      | 300/782 [00:23<00:47, 10.21it/s]
 39%|███▊      | 302/782 [00:23<00:47, 10.01it/s]
 39%|███▉      | 304/782 [00:23<00:48,  9.93it/s]
 39%|███▉      | 306/782 [00:23<00:47, 10.05it/s]
 39%|███▉      | 308/782 [00:23<00:46, 10.13it/s]
 40%|███▉      | 310/782 [00:24<00:46, 10.06it/s]
 40%|███▉      | 312/782 [00:24<00:46, 10.18it/s]
 40%|████      | 314/782 [00:24<00:46, 10.08it/s]
 40%|████      | 316/782 [00:24<00:46, 10.09it/s]
 41%|████      | 318/782 [00:24<00:46,  9.95it/s]
 41%|████      | 319/782 [00:24<00:46,  9.90it/s]
 41%|████      | 321/782 [00:25<00:43, 10.71it/s]
 41%|████▏     | 323/782 [00:25<00:43, 10.48it/s]
 42%|████▏     | 325/782 [00:25<00:43, 10.60it/s]
 42%|████▏     | 327/782 [00:25<00:43, 10.35it/s]
 42%|████▏     | 329/782 [00:25<00:43, 10.32it/s]
 42%|████▏     | 331/782 [00:26<00:42, 10.55it/s]
 43%|████▎     | 333/782 [00:26<00:42, 10.54it/s]
 43%|████▎     | 335/782 [00:26<00:43, 10.28it/s]
 43%|████▎     | 337/782 [00:26<00:42, 10.47it/s]
 43%|████▎     | 339/782 [00:26<00:41, 10.74it/s]
 44%|████▎     | 341/782 [00:26<00:38, 11.41it/s]
 44%|████▍     | 343/782 [00:27<00:41, 10.67it/s]
 44%|████▍     | 345/782 [00:27<00:40, 10.72it/s]
 44%|████▍     | 347/782 [00:27<00:41, 10.55it/s]
 45%|████▍     | 349/782 [00:27<00:43, 10.05it/s]
 45%|████▍     | 351/782 [00:27<00:43,  9.96it/s]
 45%|████▌     | 353/782 [00:28<00:43,  9.85it/s]
 45%|████▌     | 354/782 [00:28<00:43,  9.76it/s]
 46%|████▌     | 356/782 [00:28<00:43,  9.77it/s]
 46%|████▌     | 358/782 [00:28<00:41, 10.28it/s]
 46%|████▌     | 360/782 [00:28<00:41, 10.18it/s]
 46%|████▋     | 362/782 [00:29<00:40, 10.47it/s]
 47%|████▋     | 364/782 [00:29<00:41, 10.06it/s]
 47%|████▋     | 366/782 [00:29<00:41, 10.02it/s]
 47%|████▋     | 368/782 [00:29<00:41, 10.06it/s]
 47%|████▋     | 370/782 [00:29<00:42,  9.76it/s]
 47%|████▋     | 371/782 [00:29<00:42,  9.71it/s]
 48%|████▊     | 372/782 [00:30<00:42,  9.75it/s]
 48%|████▊     | 374/782 [00:30<00:40, 10.04it/s]
 48%|████▊     | 376/782 [00:30<00:41,  9.81it/s]
 48%|████▊     | 378/782 [00:30<00:39, 10.31it/s]
 49%|████▊     | 380/782 [00:30<00:39, 10.27it/s]
 49%|████▉     | 382/782 [00:31<00:38, 10.43it/s]
 49%|████▉     | 384/782 [00:31<00:38, 10.34it/s]
 49%|████▉     | 386/782 [00:31<00:37, 10.51it/s]
 50%|████▉     | 388/782 [00:31<00:38, 10.28it/s]
 50%|████▉     | 390/782 [00:31<00:38, 10.25it/s]
 50%|█████     | 392/782 [00:31<00:35, 11.00it/s]
 50%|█████     | 394/782 [00:32<00:36, 10.62it/s]
 51%|█████     | 396/782 [00:32<00:35, 10.86it/s]
 51%|█████     | 398/782 [00:32<00:36, 10.64it/s]
 51%|█████     | 400/782 [00:32<00:37, 10.23it/s]
 51%|█████▏    | 402/782 [00:32<00:36, 10.42it/s]
 52%|█████▏    | 404/782 [00:33<00:36, 10.36it/s]
 52%|█████▏    | 406/782 [00:33<00:36, 10.23it/s]
 52%|█████▏    | 408/782 [00:33<00:35, 10.50it/s]
 52%|█████▏    | 410/782 [00:33<00:35, 10.45it/s]
 53%|█████▎    | 412/782 [00:33<00:36, 10.25it/s]
 53%|█████▎    | 414/782 [00:34<00:34, 10.64it/s]
 53%|█████▎    | 416/782 [00:34<00:34, 10.71it/s]
 53%|█████▎    | 418/782 [00:34<00:34, 10.51it/s]
 54%|█████▎    | 420/782 [00:34<00:34, 10.40it/s]
 54%|█████▍    | 422/782 [00:34<00:34, 10.38it/s]
 54%|█████▍    | 424/782 [00:35<00:34, 10.28it/s]
 54%|█████▍    | 426/782 [00:35<00:34, 10.44it/s]
 55%|█████▍    | 428/782 [00:35<00:30, 11.48it/s]
 55%|█████▍    | 430/782 [00:35<00:31, 11.17it/s]
 55%|█████▌    | 432/782 [00:35<00:30, 11.56it/s]
 55%|█████▌    | 434/782 [00:35<00:29, 11.92it/s]
 56%|█████▌    | 436/782 [00:36<00:29, 11.68it/s]
 56%|█████▌    | 438/782 [00:36<00:30, 11.43it/s]
 56%|█████▋    | 440/782 [00:36<00:29, 11.43it/s]
 57%|█████▋    | 442/782 [00:36<00:29, 11.67it/s]
 57%|█████▋    | 444/782 [00:36<00:28, 11.72it/s]
 57%|█████▋    | 446/782 [00:36<00:27, 12.08it/s]
 57%|█████▋    | 448/782 [00:37<00:27, 11.99it/s]
 58%|█████▊    | 450/782 [00:37<00:28, 11.65it/s]
 58%|█████▊    | 452/782 [00:37<00:28, 11.53it/s]
 58%|█████▊    | 454/782 [00:37<00:28, 11.69it/s]
 58%|█████▊    | 456/782 [00:37<00:27, 11.69it/s]
 59%|█████▊    | 458/782 [00:37<00:28, 11.44it/s]
 59%|█████▉    | 460/782 [00:38<00:27, 11.78it/s]
 59%|█████▉    | 462/782 [00:38<00:28, 11.43it/s]
 59%|█████▉    | 464/782 [00:38<00:27, 11.56it/s]
 60%|█████▉    | 466/782 [00:38<00:27, 11.44it/s]
 60%|█████▉    | 468/782 [00:38<00:27, 11.39it/s]
 60%|██████    | 470/782 [00:38<00:26, 11.71it/s]
 60%|██████    | 472/782 [00:39<00:26, 11.74it/s]
 61%|██████    | 474/782 [00:39<00:26, 11.81it/s]
 61%|██████    | 476/782 [00:39<00:26, 11.72it/s]
 61%|██████    | 478/782 [00:39<00:26, 11.47it/s]
 61%|██████▏   | 480/782 [00:39<00:26, 11.56it/s]
 62%|██████▏   | 482/782 [00:39<00:25, 11.87it/s]
 62%|██████▏   | 484/782 [00:40<00:24, 11.99it/s]
 62%|██████▏   | 486/782 [00:40<00:24, 12.32it/s]
 62%|██████▏   | 488/782 [00:40<00:22, 13.04it/s]
 63%|██████▎   | 490/782 [00:40<00:22, 13.09it/s]
 63%|██████▎   | 492/782 [00:40<00:23, 12.26it/s]
 63%|██████▎   | 494/782 [00:40<00:23, 12.12it/s]
 63%|██████▎   | 496/782 [00:41<00:22, 12.75it/s]
 64%|██████▎   | 498/782 [00:41<00:22, 12.85it/s]
 64%|██████▍   | 500/782 [00:41<00:22, 12.48it/s]
 64%|██████▍   | 502/782 [00:41<00:23, 12.07it/s]
 64%|██████▍   | 504/782 [00:41<00:23, 11.62it/s]
 65%|██████▍   | 506/782 [00:41<00:23, 11.77it/s]
 65%|██████▍   | 508/782 [00:42<00:22, 11.98it/s]
 65%|██████▌   | 510/782 [00:42<00:23, 11.77it/s]
 65%|██████▌   | 512/782 [00:42<00:22, 12.05it/s]
 66%|██████▌   | 514/782 [00:42<00:22, 11.89it/s]
 66%|██████▌   | 516/782 [00:42<00:22, 11.90it/s]
 66%|██████▌   | 518/782 [00:42<00:22, 11.86it/s]
 66%|██████▋   | 520/782 [00:43<00:21, 12.14it/s]
 67%|██████▋   | 522/782 [00:43<00:22, 11.66it/s]
 67%|██████▋   | 524/782 [00:43<00:20, 12.38it/s]
 67%|██████▋   | 526/782 [00:43<00:20, 12.56it/s]
 68%|██████▊   | 528/782 [00:43<00:21, 12.07it/s]
 68%|██████▊   | 530/782 [00:43<00:21, 11.91it/s]
 68%|██████▊   | 532/782 [00:44<00:20, 11.94it/s]
 68%|██████▊   | 534/782 [00:44<00:20, 11.93it/s]
 69%|██████▊   | 536/782 [00:44<00:19, 12.64it/s]
 69%|██████▉   | 538/782 [00:44<00:20, 12.02it/s]
 69%|██████▉   | 540/782 [00:44<00:19, 12.51it/s]
 69%|██████▉   | 542/782 [00:44<00:20, 11.99it/s]
 70%|██████▉   | 544/782 [00:45<00:19, 12.11it/s]
 70%|██████▉   | 546/782 [00:45<00:18, 12.64it/s]
 70%|███████   | 548/782 [00:45<00:19, 12.24it/s]
 70%|███████   | 550/782 [00:45<00:18, 12.25it/s]
 71%|███████   | 552/782 [00:45<00:18, 12.16it/s]
 71%|███████   | 554/782 [00:45<00:17, 12.80it/s]
 71%|███████   | 556/782 [00:46<00:17, 12.94it/s]
 71%|███████▏  | 558/782 [00:46<00:18, 12.32it/s]
 72%|███████▏  | 560/782 [00:46<00:18, 12.22it/s]
 72%|███████▏  | 562/782 [00:46<00:18, 11.65it/s]
 72%|███████▏  | 564/782 [00:46<00:18, 11.55it/s]
 72%|███████▏  | 566/782 [00:46<00:18, 11.39it/s]
 73%|███████▎  | 568/782 [00:47<00:19, 11.19it/s]
 73%|███████▎  | 570/782 [00:47<00:18, 11.56it/s]
 73%|███████▎  | 572/782 [00:47<00:18, 11.28it/s]
 73%|███████▎  | 574/782 [00:47<00:18, 11.12it/s]
 74%|███████▎  | 576/782 [00:47<00:18, 11.41it/s]
 74%|███████▍  | 578/782 [00:47<00:16, 12.06it/s]
 74%|███████▍  | 580/782 [00:48<00:15, 12.73it/s]
 74%|███████▍  | 582/782 [00:48<00:15, 13.12it/s]
 75%|███████▍  | 584/782 [00:48<00:15, 12.91it/s]
 75%|███████▍  | 586/782 [00:48<00:15, 13.00it/s]
 75%|███████▌  | 588/782 [00:48<00:15, 12.44it/s]
 75%|███████▌  | 590/782 [00:48<00:14, 12.89it/s]
 76%|███████▌  | 592/782 [00:49<00:15, 12.23it/s]
 76%|███████▌  | 594/782 [00:49<00:15, 12.42it/s]
 76%|███████▌  | 596/782 [00:49<00:15, 12.21it/s]
 76%|███████▋  | 598/782 [00:49<00:15, 12.24it/s]
 77%|███████▋  | 600/782 [00:49<00:14, 12.68it/s]
 77%|███████▋  | 602/782 [00:49<00:14, 12.83it/s]
 77%|███████▋  | 604/782 [00:49<00:13, 13.20it/s]
 77%|███████▋  | 606/782 [00:50<00:14, 12.18it/s]
 78%|███████▊  | 608/782 [00:50<00:14, 11.80it/s]
 78%|███████▊  | 610/782 [00:50<00:14, 11.60it/s]
 78%|███████▊  | 612/782 [00:50<00:14, 12.04it/s]
 79%|███████▊  | 614/782 [00:50<00:14, 11.80it/s]
 79%|███████▉  | 616/782 [00:51<00:14, 11.70it/s]
 79%|███████▉  | 618/782 [00:51<00:13, 11.79it/s]
 79%|███████▉  | 620/782 [00:51<00:13, 11.63it/s]
 80%|███████▉  | 622/782 [00:51<00:13, 11.65it/s]
 80%|███████▉  | 624/782 [00:51<00:13, 11.37it/s]
 80%|████████  | 626/782 [00:51<00:13, 11.45it/s]
 80%|████████  | 628/782 [00:52<00:13, 11.37it/s]
 81%|████████  | 630/782 [00:52<00:13, 11.34it/s]
 81%|████████  | 632/782 [00:52<00:13, 11.34it/s]
 81%|████████  | 634/782 [00:52<00:12, 11.67it/s]
 81%|████████▏ | 636/782 [00:52<00:12, 11.76it/s]
 82%|████████▏ | 638/782 [00:52<00:12, 11.48it/s]
 82%|████████▏ | 640/782 [00:53<00:12, 11.36it/s]
 82%|████████▏ | 642/782 [00:53<00:12, 11.33it/s]
 82%|████████▏ | 644/782 [00:53<00:12, 11.12it/s]
 83%|████████▎ | 646/782 [00:53<00:11, 11.54it/s]
 83%|████████▎ | 648/782 [00:53<00:11, 11.87it/s]
 83%|████████▎ | 650/782 [00:53<00:11, 11.75it/s]
 83%|████████▎ | 652/782 [00:54<00:11, 11.77it/s]
 84%|████████▎ | 654/782 [00:54<00:10, 11.77it/s]
 84%|████████▍ | 656/782 [00:54<00:10, 11.75it/s]
 84%|████████▍ | 658/782 [00:54<00:09, 12.50it/s]
 84%|████████▍ | 660/782 [00:54<00:10, 12.01it/s]
 85%|████████▍ | 662/782 [00:54<00:10, 11.42it/s]
 85%|████████▍ | 664/782 [00:55<00:10, 11.44it/s]
 85%|████████▌ | 666/782 [00:55<00:10, 11.39it/s]
 85%|████████▌ | 668/782 [00:55<00:09, 11.82it/s]
 86%|████████▌ | 670/782 [00:55<00:09, 12.00it/s]
 86%|████████▌ | 672/782 [00:55<00:09, 12.05it/s]
 86%|████████▌ | 674/782 [00:55<00:09, 11.84it/s]
 86%|████████▋ | 676/782 [00:56<00:08, 12.05it/s]
 87%|████████▋ | 678/782 [00:56<00:08, 12.50it/s]
 87%|████████▋ | 680/782 [00:56<00:08, 12.39it/s]
 87%|████████▋ | 682/782 [00:56<00:08, 12.08it/s]
 87%|████████▋ | 684/782 [00:56<00:08, 12.20it/s]
 88%|████████▊ | 686/782 [00:56<00:07, 12.38it/s]
 88%|████████▊ | 688/782 [00:57<00:07, 12.07it/s]
 88%|████████▊ | 690/782 [00:57<00:07, 12.07it/s]
 88%|████████▊ | 692/782 [00:57<00:07, 11.89it/s]
 89%|████████▊ | 694/782 [00:57<00:07, 11.89it/s]
 89%|████████▉ | 696/782 [00:57<00:07, 11.60it/s]
 89%|████████▉ | 698/782 [00:58<00:07, 11.45it/s]
 90%|████████▉ | 700/782 [00:58<00:07, 11.50it/s]
 90%|████████▉ | 702/782 [00:58<00:06, 11.81it/s]
 90%|█████████ | 704/782 [00:58<00:06, 11.95it/s]
 90%|█████████ | 706/782 [00:58<00:06, 12.21it/s]
 91%|█████████ | 708/782 [00:58<00:05, 12.52it/s]
 91%|█████████ | 710/782 [00:58<00:05, 12.07it/s]
 91%|█████████ | 712/782 [00:59<00:05, 11.91it/s]
 91%|█████████▏| 714/782 [00:59<00:05, 11.68it/s]
 92%|█████████▏| 716/782 [00:59<00:05, 11.80it/s]
 92%|█████████▏| 718/782 [00:59<00:05, 12.49it/s]
 92%|█████████▏| 720/782 [00:59<00:04, 12.58it/s]
 92%|█████████▏| 722/782 [00:59<00:04, 12.11it/s]
 93%|█████████▎| 724/782 [01:00<00:04, 12.03it/s]
 93%|█████████▎| 726/782 [01:00<00:04, 11.73it/s]
 93%|█████████▎| 728/782 [01:00<00:04, 11.72it/s]
 93%|█████████▎| 730/782 [01:00<00:04, 12.16it/s]
 94%|█████████▎| 732/782 [01:00<00:04, 11.66it/s]
 94%|█████████▍| 734/782 [01:01<00:04, 11.63it/s]
 94%|█████████▍| 736/782 [01:01<00:03, 11.61it/s]
 94%|█████████▍| 738/782 [01:01<00:03, 11.63it/s]
 95%|█████████▍| 740/782 [01:01<00:03, 11.74it/s]
 95%|█████████▍| 742/782 [01:01<00:03, 11.52it/s]
 95%|█████████▌| 744/782 [01:01<00:03, 11.65it/s]
 95%|█████████▌| 746/782 [01:02<00:03, 11.62it/s]
 96%|█████████▌| 748/782 [01:02<00:02, 11.70it/s]
 96%|█████████▌| 750/782 [01:02<00:02, 11.84it/s]
 96%|█████████▌| 752/782 [01:02<00:02, 11.50it/s]
 96%|█████████▋| 754/782 [01:02<00:02, 11.54it/s]
 97%|█████████▋| 756/782 [01:02<00:02, 11.94it/s]
 97%|█████████▋| 758/782 [01:03<00:01, 12.35it/s]
 97%|█████████▋| 760/782 [01:03<00:01, 11.76it/s]
 97%|█████████▋| 762/782 [01:03<00:01, 11.51it/s]
 98%|█████████▊| 764/782 [01:03<00:01, 11.72it/s]
 98%|█████████▊| 766/782 [01:03<00:01, 11.81it/s]
 98%|█████████▊| 768/782 [01:03<00:01, 12.23it/s]
 98%|█████████▊| 770/782 [01:04<00:01, 11.51it/s]
 99%|█████████▊| 772/782 [01:04<00:00, 11.51it/s]
 99%|█████████▉| 774/782 [01:04<00:00, 12.03it/s]
 99%|█████████▉| 776/782 [01:04<00:00, 11.89it/s]
 99%|█████████▉| 778/782 [01:04<00:00, 11.48it/s]
100%|█████████▉| 780/782 [01:04<00:00, 11.13it/s]
100%|██████████| 782/782 [01:05<00:00, 11.70it/s]
100%|██████████| 782/782 [01:05<00:00, 12.01it/s]
Traceback (most recent call last):
  File "/a/mm/ab/gpt/brute/ga/meta_evolution/run_fractal_evolution.py", line 352, in fitness_function
    os.rename(tmp_filepath, final_filepath)
FileNotFoundError: [Errno 2] No such file or directory: '/a/mm/ab/gpt/brute/ga/meta_evolution/ga_fractal_arch_cifar10/_tmp_GenFractalNet-ad3172ee70cc04c58612e7406ad8a9b6.py' -> '/a/mm/ab/gpt/brute/ga/meta_evolution/ga_fractal_arch_cifar10/GenFractalNet-ad3172ee70cc04c58612e7406ad8a9b6.py'
Model instantiation succeeded.
The training environment is set up successfully, using the following device: cuda.
Simulated training data created successfully.
Training step executed successfully.
  Train Loss: 1.8641, Test Loss: 1.8612
  Train Acc: 0.2757, Test Acc: 0.2806
  LR: 0.000000, Grad Norm: 0.1668, Throughput: 392.5 samples/s
accuracy_to_time_metric 0.14177518639133022
  - Saved stats (fallback) to: /a/mm/ab/gpt/brute/ga/meta_evolution/stats_cifar10/img-classification_cifar-10_acc_GenFractalNet-ad3172ee70cc04c58612e7406ad8a9b6/1.json
Eval Fail: [Errno 2] No such file or directory: '/a/mm/ab/gpt/brute/ga/meta_evolution/ga_fractal_arch_cifar10/_tmp_GenFractalNet-ad3172ee70cc04c58612e7406ad8a9b6.py' -> '/a/mm/ab/gpt/brute/ga/meta_evolution/ga_fractal_arch_cifar10/GenFractalNet-ad3172ee70cc04c58612e7406ad8a9b6.py'
  - Cleaned up partial stats: /a/mm/ab/gpt/brute/ga/meta_evolution/stats_cifar10/img-classification_cifar-10_acc_GenFractalNet-ad3172ee70cc04c58612e7406ad8a9b6
  Evaluating Individual 15/20 ---- Generation: 6/15
  - Evaluating unique arch (checksum: d30744df...)
Evaluating /a/mm/out_nneval_tmp_pid_300/nn/tmp/GenFractalNet-d30744df4254c8adcfeb14ed51ca77eb-954f6bc41f6f984a617333757e0bd78c.py...
epoch 1

  0%|          | 0/782 [00:00<?, ?it/s]
  1%|          | 5/782 [00:00<00:18, 40.93it/s]
  1%|▏         | 10/782 [00:00<00:21, 36.19it/s]
  2%|▏         | 14/782 [00:00<00:22, 34.51it/s]
  2%|▏         | 18/782 [00:00<00:23, 32.94it/s]
  3%|▎         | 22/782 [00:00<00:22, 33.66it/s]
  3%|▎         | 26/782 [00:00<00:22, 33.43it/s]
  4%|▍         | 30/782 [00:00<00:22, 33.63it/s]
  4%|▍         | 34/782 [00:01<00:23, 32.31it/s]
  5%|▍         | 38/782 [00:01<00:22, 33.13it/s]
  5%|▌         | 42/782 [00:01<00:21, 33.96it/s]
  6%|▌         | 46/782 [00:01<00:21, 34.05it/s]
  6%|▋         | 50/782 [00:01<00:22, 33.06it/s]
  7%|▋         | 54/782 [00:01<00:22, 32.54it/s]
  7%|▋         | 58/782 [00:01<00:22, 32.51it/s]
  8%|▊         | 62/782 [00:01<00:22, 32.10it/s]
  8%|▊         | 66/782 [00:01<00:22, 31.66it/s]
  9%|▉         | 70/782 [00:02<00:21, 32.65it/s]
  9%|▉         | 74/782 [00:02<00:21, 32.37it/s]
 10%|▉         | 78/782 [00:02<00:20, 34.08it/s]
 10%|█         | 82/782 [00:02<00:21, 33.02it/s]
 11%|█         | 86/782 [00:02<00:21, 32.48it/s]
 12%|█▏        | 90/782 [00:02<00:21, 31.83it/s]
 12%|█▏        | 94/782 [00:02<00:21, 32.59it/s]
 13%|█▎        | 98/782 [00:02<00:20, 32.78it/s]
 13%|█▎        | 102/782 [00:03<00:20, 33.47it/s]
 14%|█▎        | 106/782 [00:03<00:20, 33.59it/s]
 14%|█▍        | 110/782 [00:03<00:20, 32.50it/s]
 15%|█▍        | 114/782 [00:03<00:20, 31.84it/s]
 15%|█▌        | 118/782 [00:03<00:21, 31.46it/s]
 16%|█▌        | 122/782 [00:03<00:20, 31.64it/s]
 16%|█▌        | 126/782 [00:03<00:20, 31.74it/s]
 17%|█▋        | 130/782 [00:03<00:20, 31.90it/s]
 17%|█▋        | 134/782 [00:04<00:20, 31.84it/s]
 18%|█▊        | 138/782 [00:04<00:20, 31.32it/s]
 18%|█▊        | 142/782 [00:04<00:20, 31.65it/s]
 19%|█▊        | 146/782 [00:04<00:19, 31.99it/s]
 19%|█▉        | 150/782 [00:04<00:19, 31.73it/s]
 20%|█▉        | 154/782 [00:04<00:19, 32.66it/s]
 20%|██        | 158/782 [00:04<00:19, 32.17it/s]
 21%|██        | 162/782 [00:04<00:19, 31.45it/s]
 21%|██        | 166/782 [00:05<00:19, 31.42it/s]
 22%|██▏       | 170/782 [00:05<00:19, 31.52it/s]
 22%|██▏       | 174/782 [00:05<00:19, 31.97it/s]
 23%|██▎       | 178/782 [00:05<00:19, 31.39it/s]
 23%|██▎       | 182/782 [00:05<00:18, 31.77it/s]
 24%|██▍       | 186/782 [00:05<00:18, 31.37it/s]
 24%|██▍       | 190/782 [00:05<00:18, 32.74it/s]
 25%|██▍       | 194/782 [00:05<00:18, 32.53it/s]
 25%|██▌       | 198/782 [00:06<00:18, 31.74it/s]
 26%|██▌       | 202/782 [00:06<00:18, 31.58it/s]
 26%|██▋       | 206/782 [00:06<00:18, 31.58it/s]
 27%|██▋       | 210/782 [00:06<00:18, 30.92it/s]
 27%|██▋       | 214/782 [00:06<00:18, 31.25it/s]
 28%|██▊       | 218/782 [00:06<00:17, 31.90it/s]
 28%|██▊       | 222/782 [00:06<00:17, 31.91it/s]
 29%|██▉       | 226/782 [00:06<00:16, 32.84it/s]
 29%|██▉       | 230/782 [00:07<00:17, 32.30it/s]
 30%|██▉       | 234/782 [00:07<00:17, 32.15it/s]
 30%|███       | 238/782 [00:07<00:16, 32.53it/s]
 31%|███       | 242/782 [00:07<00:16, 32.28it/s]
 31%|███▏      | 246/782 [00:07<00:16, 32.90it/s]
 32%|███▏      | 250/782 [00:07<00:16, 32.04it/s]
 32%|███▏      | 254/782 [00:07<00:16, 32.91it/s]
 33%|███▎      | 258/782 [00:07<00:16, 32.74it/s]
 34%|███▎      | 262/782 [00:08<00:16, 31.96it/s]
 34%|███▍      | 266/782 [00:08<00:16, 32.04it/s]
 35%|███▍      | 270/782 [00:08<00:15, 32.07it/s]
 35%|███▌      | 274/782 [00:08<00:16, 31.53it/s]
 36%|███▌      | 278/782 [00:08<00:15, 33.39it/s]
 36%|███▌      | 282/782 [00:08<00:14, 33.60it/s]
 37%|███▋      | 286/782 [00:08<00:14, 33.71it/s]
 37%|███▋      | 290/782 [00:08<00:15, 32.48it/s]
 38%|███▊      | 294/782 [00:09<00:14, 32.54it/s]
 38%|███▊      | 298/782 [00:09<00:14, 32.86it/s]
 39%|███▊      | 302/782 [00:09<00:14, 32.06it/s]
 39%|███▉      | 306/782 [00:09<00:14, 32.40it/s]
 40%|███▉      | 310/782 [00:09<00:14, 32.19it/s]
 40%|████      | 314/782 [00:09<00:14, 31.74it/s]
 41%|████      | 318/782 [00:09<00:14, 32.18it/s]
 41%|████      | 322/782 [00:09<00:14, 31.95it/s]
 42%|████▏     | 326/782 [00:10<00:14, 32.26it/s]
 42%|████▏     | 330/782 [00:10<00:13, 32.69it/s]
 43%|████▎     | 334/782 [00:10<00:13, 32.78it/s]
 43%|████▎     | 338/782 [00:10<00:13, 32.78it/s]
 44%|████▎     | 342/782 [00:10<00:13, 32.54it/s]
 44%|████▍     | 346/782 [00:10<00:13, 32.62it/s]
 45%|████▍     | 350/782 [00:10<00:12, 33.25it/s]
 45%|████▌     | 354/782 [00:10<00:12, 33.41it/s]
 46%|████▌     | 358/782 [00:11<00:12, 33.28it/s]
 46%|████▋     | 362/782 [00:11<00:12, 33.47it/s]
 47%|████▋     | 366/782 [00:11<00:12, 33.05it/s]
 47%|████▋     | 370/782 [00:11<00:12, 32.57it/s]
 48%|████▊     | 374/782 [00:11<00:12, 32.00it/s]
 48%|████▊     | 378/782 [00:11<00:12, 32.86it/s]
 49%|████▉     | 382/782 [00:11<00:12, 32.32it/s]
 49%|████▉     | 386/782 [00:11<00:12, 32.48it/s]
 50%|████▉     | 390/782 [00:12<00:11, 33.17it/s]
 50%|█████     | 394/782 [00:12<00:11, 33.71it/s]
 51%|█████     | 398/782 [00:12<00:11, 33.77it/s]
 51%|█████▏    | 402/782 [00:12<00:11, 32.88it/s]
 52%|█████▏    | 406/782 [00:12<00:11, 32.12it/s]
 52%|█████▏    | 410/782 [00:12<00:11, 31.11it/s]
 53%|█████▎    | 414/782 [00:12<00:11, 30.82it/s]
 53%|█████▎    | 418/782 [00:12<00:11, 30.96it/s]
 54%|█████▍    | 422/782 [00:13<00:11, 31.06it/s]
 54%|█████▍    | 426/782 [00:13<00:11, 32.08it/s]
 55%|█████▍    | 430/782 [00:13<00:10, 32.73it/s]
 55%|█████▌    | 434/782 [00:13<00:10, 32.47it/s]
 56%|█████▌    | 438/782 [00:13<00:10, 32.01it/s]
 57%|█████▋    | 442/782 [00:13<00:10, 31.95it/s]
 57%|█████▋    | 446/782 [00:13<00:10, 33.18it/s]
 58%|█████▊    | 450/782 [00:13<00:10, 32.30it/s]
 58%|█████▊    | 454/782 [00:14<00:10, 32.26it/s]
 59%|█████▊    | 458/782 [00:14<00:09, 33.63it/s]
 59%|█████▉    | 462/782 [00:14<00:09, 34.15it/s]
 60%|█████▉    | 466/782 [00:14<00:09, 34.45it/s]
 60%|██████    | 470/782 [00:14<00:09, 33.64it/s]
 61%|██████    | 474/782 [00:14<00:09, 32.99it/s]
 61%|██████    | 478/782 [00:14<00:09, 32.46it/s]
 62%|██████▏   | 482/782 [00:14<00:09, 32.71it/s]
 62%|██████▏   | 486/782 [00:14<00:09, 31.81it/s]
 63%|██████▎   | 490/782 [00:15<00:09, 30.98it/s]
 63%|██████▎   | 494/782 [00:15<00:09, 31.41it/s]
 64%|██████▎   | 498/782 [00:15<00:08, 31.56it/s]
 64%|██████▍   | 502/782 [00:15<00:08, 31.22it/s]
 65%|██████▍   | 506/782 [00:15<00:08, 31.73it/s]
 65%|██████▌   | 510/782 [00:15<00:08, 32.40it/s]
 66%|██████▌   | 514/782 [00:15<00:08, 32.87it/s]
 66%|██████▌   | 518/782 [00:15<00:08, 32.20it/s]
 67%|██████▋   | 522/782 [00:16<00:07, 32.61it/s]
 67%|██████▋   | 526/782 [00:16<00:07, 32.25it/s]
 68%|██████▊   | 530/782 [00:16<00:07, 31.93it/s]
 68%|██████▊   | 534/782 [00:16<00:07, 31.35it/s]
 69%|██████▉   | 538/782 [00:16<00:07, 31.86it/s]
 69%|██████▉   | 542/782 [00:16<00:07, 31.53it/s]
 70%|██████▉   | 546/782 [00:16<00:07, 31.50it/s]
 70%|███████   | 550/782 [00:16<00:07, 31.77it/s]
 71%|███████   | 554/782 [00:17<00:07, 31.41it/s]
 71%|███████▏  | 558/782 [00:17<00:07, 31.78it/s]
 72%|███████▏  | 562/782 [00:17<00:06, 32.47it/s]
 72%|███████▏  | 566/782 [00:17<00:06, 32.89it/s]
 73%|███████▎  | 570/782 [00:17<00:06, 32.87it/s]
 73%|███████▎  | 574/782 [00:17<00:06, 31.92it/s]
 74%|███████▍  | 578/782 [00:17<00:06, 31.87it/s]
 74%|███████▍  | 582/782 [00:17<00:06, 32.52it/s]
 75%|███████▍  | 586/782 [00:18<00:06, 32.51it/s]
 75%|███████▌  | 590/782 [00:18<00:05, 32.95it/s]
 76%|███████▌  | 594/782 [00:18<00:05, 33.45it/s]
 76%|███████▋  | 598/782 [00:18<00:05, 32.65it/s]
 77%|███████▋  | 602/782 [00:18<00:05, 32.47it/s]
 77%|███████▋  | 606/782 [00:18<00:05, 31.90it/s]
 78%|███████▊  | 610/782 [00:18<00:05, 32.30it/s]
 79%|███████▊  | 614/782 [00:18<00:05, 31.91it/s]
 79%|███████▉  | 618/782 [00:19<00:05, 32.03it/s]
 80%|███████▉  | 622/782 [00:19<00:05, 31.99it/s]
 80%|████████  | 626/782 [00:19<00:04, 31.43it/s]
 81%|████████  | 630/782 [00:19<00:04, 32.33it/s]
 81%|████████  | 634/782 [00:19<00:04, 33.01it/s]
 82%|████████▏ | 638/782 [00:19<00:04, 33.54it/s]
 82%|████████▏ | 642/782 [00:19<00:04, 33.14it/s]
 83%|████████▎ | 646/782 [00:19<00:04, 33.65it/s]
 83%|████████▎ | 650/782 [00:20<00:03, 34.06it/s]
 84%|████████▎ | 654/782 [00:20<00:03, 33.16it/s]
 84%|████████▍ | 658/782 [00:20<00:03, 33.49it/s]
 85%|████████▍ | 662/782 [00:20<00:03, 33.36it/s]
 85%|████████▌ | 666/782 [00:20<00:03, 32.54it/s]
 86%|████████▌ | 670/782 [00:20<00:03, 31.76it/s]
 86%|████████▌ | 674/782 [00:20<00:03, 32.04it/s]
 87%|████████▋ | 678/782 [00:20<00:03, 31.35it/s]
 87%|████████▋ | 682/782 [00:21<00:03, 32.07it/s]
 88%|████████▊ | 686/782 [00:21<00:02, 32.28it/s]
 88%|████████▊ | 690/782 [00:21<00:02, 31.95it/s]
 89%|████████▊ | 694/782 [00:21<00:02, 31.06it/s]
 89%|████████▉ | 698/782 [00:21<00:02, 30.78it/s]
 90%|████████▉ | 702/782 [00:21<00:02, 31.03it/s]
 90%|█████████ | 706/782 [00:21<00:02, 30.95it/s]
 91%|█████████ | 710/782 [00:21<00:02, 31.85it/s]
 91%|█████████▏| 714/782 [00:22<00:02, 31.31it/s]
 92%|█████████▏| 718/782 [00:22<00:02, 31.19it/s]
 92%|█████████▏| 722/782 [00:22<00:01, 31.40it/s]
 93%|█████████▎| 726/782 [00:22<00:01, 31.86it/s]
 93%|█████████▎| 730/782 [00:22<00:01, 31.67it/s]
 94%|█████████▍| 734/782 [00:22<00:01, 31.74it/s]
 94%|█████████▍| 738/782 [00:22<00:01, 31.28it/s]
 95%|█████████▍| 742/782 [00:22<00:01, 31.62it/s]
 95%|█████████▌| 746/782 [00:23<00:01, 31.42it/s]
 96%|█████████▌| 750/782 [00:23<00:00, 32.46it/s]
 96%|█████████▋| 754/782 [00:23<00:00, 32.86it/s]
 97%|█████████▋| 758/782 [00:23<00:00, 33.14it/s]
 97%|█████████▋| 762/782 [00:23<00:00, 32.17it/s]
 98%|█████████▊| 766/782 [00:23<00:00, 31.67it/s]
 98%|█████████▊| 770/782 [00:23<00:00, 31.67it/s]
 99%|█████████▉| 774/782 [00:23<00:00, 31.15it/s]
 99%|█████████▉| 778/782 [00:24<00:00, 31.54it/s]
100%|██████████| 782/782 [00:24<00:00, 31.42it/s]
100%|██████████| 782/782 [00:24<00:00, 32.26it/s]
Model instantiation succeeded.
The training environment is set up successfully, using the following device: cuda.
Simulated training data created successfully.
Training step executed successfully.
  Train Loss: 1.1734, Test Loss: 1.1821
  Train Acc: 0.5902, Test Acc: 0.5891
  LR: 0.000000, Grad Norm: 4.1412, Throughput: 1193.4 samples/s
accuracy_to_time_metric 1.1673691687829024
  - Saved stats (fallback) to: /a/mm/ab/gpt/brute/ga/meta_evolution/stats_cifar10/img-classification_cifar-10_acc_GenFractalNet-d30744df4254c8adcfeb14ed51ca77eb/1.json
  - Model persisted to ga_fractal_arch_cifar10/ (stats verified: 1 JSON file(s))

  ========================================
  >>> FITNESS SCORE: 58.91%  (source: hyperparameters.accuracy, checksum: d30744df4254c8adcfeb14ed51ca77eb)
  ========================================

  [Archive] Cell (3, 64) updated with fitness: 58.9100
  Evaluating Individual 16/20 ---- Generation: 6/15
  - Evaluating unique arch (checksum: e0f1e03d...)
Evaluating /a/mm/out_nneval_tmp_pid_300/nn/tmp/GenFractalNet-e0f1e03dcdcbb61c850819e28b492505-c034df2828b1837e010486e127d27bda.py...
epoch 1

  0%|          | 0/782 [00:00<?, ?it/s]
  1%|          | 5/782 [00:00<00:16, 46.57it/s]
  2%|▏         | 13/782 [00:00<00:12, 62.76it/s]
  3%|▎         | 21/782 [00:00<00:11, 65.88it/s]
  4%|▎         | 28/782 [00:00<00:11, 64.71it/s]
  4%|▍         | 35/782 [00:00<00:11, 66.09it/s]
  5%|▌         | 43/782 [00:00<00:10, 67.90it/s]
  6%|▋         | 50/782 [00:00<00:10, 68.03it/s]
  7%|▋         | 58/782 [00:00<00:10, 71.13it/s]
  8%|▊         | 66/782 [00:00<00:10, 70.69it/s]
  9%|▉         | 74/782 [00:01<00:09, 70.80it/s]
 10%|█         | 82/782 [00:01<00:09, 70.97it/s]
 12%|█▏        | 90/782 [00:01<00:09, 69.90it/s]
 12%|█▏        | 97/782 [00:01<00:09, 68.67it/s]
 13%|█▎        | 104/782 [00:01<00:09, 68.67it/s]
 14%|█▍        | 111/782 [00:01<00:10, 67.06it/s]
 15%|█▌        | 118/782 [00:01<00:09, 67.47it/s]
 16%|█▌        | 125/782 [00:01<00:09, 67.84it/s]
 17%|█▋        | 133/782 [00:01<00:09, 68.86it/s]
 18%|█▊        | 140/782 [00:02<00:09, 67.89it/s]
 19%|█▉        | 148/782 [00:02<00:09, 69.17it/s]
 20%|█▉        | 156/782 [00:02<00:08, 69.82it/s]
 21%|██        | 164/782 [00:02<00:08, 70.94it/s]
 22%|██▏       | 172/782 [00:02<00:08, 71.64it/s]
 23%|██▎       | 180/782 [00:02<00:08, 72.83it/s]
 24%|██▍       | 188/782 [00:02<00:08, 72.44it/s]
 25%|██▌       | 196/782 [00:02<00:08, 73.07it/s]
 26%|██▌       | 204/782 [00:02<00:07, 73.01it/s]
 27%|██▋       | 212/782 [00:03<00:07, 73.67it/s]
 28%|██▊       | 220/782 [00:03<00:07, 72.49it/s]
 29%|██▉       | 228/782 [00:03<00:07, 71.27it/s]
 30%|███       | 236/782 [00:03<00:07, 72.27it/s]
 31%|███       | 244/782 [00:03<00:07, 72.62it/s]
 32%|███▏      | 252/782 [00:03<00:07, 72.79it/s]
 33%|███▎      | 260/782 [00:03<00:07, 73.64it/s]
 34%|███▍      | 268/782 [00:03<00:06, 73.66it/s]
 35%|███▌      | 276/782 [00:03<00:06, 73.91it/s]
 36%|███▋      | 284/782 [00:04<00:06, 73.27it/s]
 37%|███▋      | 292/782 [00:04<00:06, 71.42it/s]
 38%|███▊      | 300/782 [00:04<00:06, 71.26it/s]
 39%|███▉      | 308/782 [00:04<00:06, 69.76it/s]
 40%|████      | 315/782 [00:04<00:06, 69.57it/s]
 41%|████      | 322/782 [00:04<00:06, 68.95it/s]
 42%|████▏     | 330/782 [00:04<00:06, 70.07it/s]
 43%|████▎     | 338/782 [00:04<00:06, 71.11it/s]
 44%|████▍     | 346/782 [00:04<00:06, 72.17it/s]
 45%|████▌     | 354/782 [00:05<00:06, 71.03it/s]
 46%|████▋     | 362/782 [00:05<00:05, 71.76it/s]
 47%|████▋     | 370/782 [00:05<00:05, 71.54it/s]
 48%|████▊     | 378/782 [00:05<00:05, 69.94it/s]
 49%|████▉     | 386/782 [00:05<00:05, 70.96it/s]
 50%|█████     | 394/782 [00:05<00:05, 71.55it/s]
 51%|█████▏    | 402/782 [00:05<00:05, 70.39it/s]
 52%|█████▏    | 410/782 [00:05<00:05, 70.95it/s]
 53%|█████▎    | 418/782 [00:05<00:04, 73.10it/s]
 54%|█████▍    | 426/782 [00:06<00:04, 72.79it/s]
 55%|█████▌    | 434/782 [00:06<00:04, 71.19it/s]
 57%|█████▋    | 442/782 [00:06<00:04, 70.20it/s]
 58%|█████▊    | 450/782 [00:06<00:04, 69.23it/s]
 59%|█████▊    | 458/782 [00:06<00:04, 71.14it/s]
 60%|█████▉    | 466/782 [00:06<00:04, 70.25it/s]
 61%|██████    | 474/782 [00:06<00:04, 66.34it/s]
 62%|██████▏   | 481/782 [00:06<00:04, 62.80it/s]
 62%|██████▏   | 488/782 [00:07<00:05, 56.19it/s]
 63%|██████▎   | 494/782 [00:07<00:05, 52.14it/s]
 64%|██████▍   | 500/782 [00:07<00:05, 49.29it/s]
 65%|██████▍   | 506/782 [00:07<00:05, 48.12it/s]
 65%|██████▌   | 511/782 [00:07<00:05, 47.33it/s]
 66%|██████▌   | 516/782 [00:07<00:05, 46.47it/s]
 67%|██████▋   | 521/782 [00:07<00:05, 46.20it/s]
 67%|██████▋   | 526/782 [00:07<00:05, 46.07it/s]
 68%|██████▊   | 531/782 [00:08<00:05, 45.16it/s]
 69%|██████▊   | 536/782 [00:08<00:05, 44.82it/s]
 69%|██████▉   | 541/782 [00:08<00:05, 46.01it/s]
 70%|██████▉   | 546/782 [00:08<00:05, 46.43it/s]
 70%|███████   | 551/782 [00:08<00:05, 44.28it/s]
 71%|███████   | 556/782 [00:08<00:05, 42.64it/s]
 72%|███████▏  | 561/782 [00:08<00:05, 43.13it/s]
 72%|███████▏  | 566/782 [00:08<00:05, 42.78it/s]
 73%|███████▎  | 571/782 [00:08<00:04, 43.03it/s]
 74%|███████▎  | 576/782 [00:09<00:04, 43.08it/s]
 74%|███████▍  | 581/782 [00:09<00:04, 43.05it/s]
 75%|███████▍  | 586/782 [00:09<00:04, 42.61it/s]
 76%|███████▌  | 591/782 [00:09<00:04, 42.23it/s]
 76%|███████▌  | 596/782 [00:09<00:04, 42.83it/s]
 77%|███████▋  | 601/782 [00:09<00:04, 42.35it/s]
 77%|███████▋  | 606/782 [00:09<00:04, 43.02it/s]
 78%|███████▊  | 611/782 [00:09<00:04, 42.60it/s]
 79%|███████▉  | 616/782 [00:09<00:03, 43.50it/s]
 79%|███████▉  | 621/782 [00:10<00:03, 43.69it/s]
 80%|████████  | 626/782 [00:10<00:03, 43.86it/s]
 81%|████████  | 631/782 [00:10<00:03, 43.39it/s]
 81%|████████▏ | 636/782 [00:10<00:03, 43.59it/s]
 82%|████████▏ | 641/782 [00:10<00:03, 42.90it/s]
 83%|████████▎ | 646/782 [00:10<00:03, 43.50it/s]
 83%|████████▎ | 651/782 [00:10<00:03, 42.44it/s]
 84%|████████▍ | 656/782 [00:10<00:02, 42.73it/s]
 85%|████████▍ | 661/782 [00:11<00:02, 43.49it/s]
 85%|████████▌ | 666/782 [00:11<00:02, 43.00it/s]
 86%|████████▌ | 671/782 [00:11<00:02, 43.29it/s]
 86%|████████▋ | 676/782 [00:11<00:02, 41.93it/s]
 87%|████████▋ | 681/782 [00:11<00:02, 42.17it/s]
 88%|████████▊ | 686/782 [00:11<00:02, 42.60it/s]
 88%|████████▊ | 691/782 [00:11<00:02, 42.93it/s]
 89%|████████▉ | 696/782 [00:11<00:02, 42.99it/s]
 90%|████████▉ | 701/782 [00:11<00:01, 43.82it/s]
 90%|█████████ | 706/782 [00:12<00:01, 43.06it/s]
 91%|█████████ | 711/782 [00:12<00:01, 44.76it/s]
 92%|█████████▏| 716/782 [00:12<00:01, 44.69it/s]
 92%|█████████▏| 721/782 [00:12<00:01, 44.74it/s]
 93%|█████████▎| 726/782 [00:12<00:01, 44.54it/s]
 93%|█████████▎| 731/782 [00:12<00:01, 45.06it/s]
 94%|█████████▍| 736/782 [00:12<00:01, 43.72it/s]
 95%|█████████▍| 741/782 [00:12<00:00, 43.86it/s]
 95%|█████████▌| 746/782 [00:12<00:00, 44.22it/s]
 96%|█████████▌| 751/782 [00:13<00:00, 44.40it/s]
 97%|█████████▋| 756/782 [00:13<00:00, 44.75it/s]
 97%|█████████▋| 761/782 [00:13<00:00, 43.97it/s]
 98%|█████████▊| 766/782 [00:13<00:00, 43.78it/s]
 99%|█████████▊| 771/782 [00:13<00:00, 43.71it/s]
 99%|█████████▉| 776/782 [00:13<00:00, 43.37it/s]
100%|█████████▉| 781/782 [00:13<00:00, 43.67it/s]
100%|██████████| 782/782 [00:13<00:00, 56.57it/s]
Model instantiation succeeded.
The training environment is set up successfully, using the following device: cuda.
Simulated training data created successfully.
Training step executed successfully.
  Train Loss: 1.8198, Test Loss: 1.8198
  Train Acc: 0.3511, Test Acc: 0.3556
  LR: 0.000000, Grad Norm: 3.0943, Throughput: 1793.8 samples/s
accuracy_to_time_metric 0.9169781345865313
  - Saved stats (fallback) to: /a/mm/ab/gpt/brute/ga/meta_evolution/stats_cifar10/img-classification_cifar-10_acc_GenFractalNet-e0f1e03dcdcbb61c850819e28b492505/1.json
  - Model persisted to ga_fractal_arch_cifar10/ (stats verified: 1 JSON file(s))

  ========================================
  >>> FITNESS SCORE: 35.56%  (source: hyperparameters.accuracy, checksum: e0f1e03dcdcbb61c850819e28b492505)
  ========================================

  Evaluating Individual 17/20 ---- Generation: 6/15
  - Evaluating unique arch (checksum: 71437f35...)
Evaluating /a/mm/out_nneval_tmp_pid_300/nn/tmp/GenFractalNet-71437f352e43d0b6932a88f31009d5c0-79932c9a1dd8ababcb2f0f323d128a12.py...
epoch 1

  0%|          | 0/782 [00:00<?, ?it/s]
  1%|          | 8/782 [00:00<00:09, 78.25it/s]
  2%|▏         | 19/782 [00:00<00:07, 96.45it/s]
  4%|▍         | 30/782 [00:00<00:07, 101.49it/s]
  5%|▌         | 42/782 [00:00<00:06, 106.71it/s]
  7%|▋         | 54/782 [00:00<00:06, 108.41it/s]
  8%|▊         | 66/782 [00:00<00:06, 111.92it/s]
 10%|█         | 79/782 [00:00<00:05, 117.63it/s]
 12%|█▏        | 93/782 [00:00<00:05, 121.81it/s]
 14%|█▎        | 107/782 [00:00<00:05, 124.68it/s]
 16%|█▌        | 122/782 [00:01<00:05, 131.74it/s]
 18%|█▊        | 137/782 [00:01<00:04, 136.07it/s]
 19%|█▉        | 151/782 [00:01<00:04, 134.55it/s]
 21%|██        | 166/782 [00:01<00:04, 136.59it/s]
 23%|██▎       | 181/782 [00:01<00:04, 138.85it/s]
 25%|██▌       | 196/782 [00:01<00:04, 140.34it/s]
 27%|██▋       | 211/782 [00:01<00:04, 141.69it/s]
 29%|██▉       | 226/782 [00:01<00:03, 142.55it/s]
 31%|███       | 241/782 [00:01<00:03, 136.56it/s]
 33%|███▎      | 255/782 [00:01<00:03, 133.14it/s]
 35%|███▍      | 270/782 [00:02<00:03, 136.06it/s]
 36%|███▋      | 285/782 [00:02<00:03, 138.31it/s]
 38%|███▊      | 300/782 [00:02<00:03, 139.89it/s]
 40%|████      | 315/782 [00:02<00:03, 140.77it/s]
 42%|████▏     | 330/782 [00:02<00:03, 141.67it/s]
 44%|████▍     | 345/782 [00:02<00:03, 142.30it/s]
 46%|████▌     | 360/782 [00:02<00:02, 142.37it/s]
 48%|████▊     | 375/782 [00:02<00:02, 142.40it/s]
 50%|████▉     | 390/782 [00:02<00:02, 141.61it/s]
 52%|█████▏    | 405/782 [00:03<00:02, 141.29it/s]
 54%|█████▎    | 420/782 [00:03<00:02, 141.95it/s]
 56%|█████▌    | 435/782 [00:03<00:02, 142.03it/s]
 58%|█████▊    | 450/782 [00:03<00:02, 141.93it/s]
 59%|█████▉    | 465/782 [00:03<00:02, 142.29it/s]
 61%|██████▏   | 480/782 [00:03<00:02, 141.40it/s]
 63%|██████▎   | 495/782 [00:03<00:02, 140.66it/s]
 65%|██████▌   | 510/782 [00:03<00:02, 135.09it/s]
 67%|██████▋   | 524/782 [00:03<00:02, 127.47it/s]
 69%|██████▊   | 537/782 [00:04<00:02, 119.55it/s]
 70%|███████   | 550/782 [00:04<00:02, 112.25it/s]
 72%|███████▏  | 562/782 [00:04<00:02, 102.80it/s]
 73%|███████▎  | 573/782 [00:04<00:02, 92.69it/s] 
 75%|███████▍  | 583/782 [00:04<00:02, 86.52it/s]
 76%|███████▌  | 592/782 [00:04<00:02, 82.72it/s]
 77%|███████▋  | 601/782 [00:04<00:02, 78.70it/s]
 78%|███████▊  | 609/782 [00:04<00:02, 75.95it/s]
 79%|███████▉  | 617/782 [00:05<00:02, 74.31it/s]
 80%|███████▉  | 625/782 [00:05<00:02, 73.10it/s]
 81%|████████  | 633/782 [00:05<00:02, 72.66it/s]
 82%|████████▏ | 641/782 [00:05<00:01, 72.41it/s]
 83%|████████▎ | 649/782 [00:05<00:01, 72.06it/s]
 84%|████████▍ | 657/782 [00:05<00:01, 71.69it/s]
 85%|████████▌ | 665/782 [00:05<00:01, 72.37it/s]
 86%|████████▌ | 673/782 [00:05<00:01, 71.48it/s]
 87%|████████▋ | 681/782 [00:06<00:01, 72.25it/s]
 88%|████████▊ | 689/782 [00:06<00:01, 71.37it/s]
 89%|████████▉ | 697/782 [00:06<00:01, 72.88it/s]
 90%|█████████ | 705/782 [00:06<00:01, 74.03it/s]
 91%|█████████ | 713/782 [00:06<00:00, 72.94it/s]
 92%|█████████▏| 721/782 [00:06<00:00, 71.75it/s]
 93%|█████████▎| 729/782 [00:06<00:00, 71.38it/s]
 94%|█████████▍| 737/782 [00:06<00:00, 72.48it/s]
 95%|█████████▌| 745/782 [00:06<00:00, 71.66it/s]
 96%|█████████▋| 753/782 [00:07<00:00, 71.23it/s]
 97%|█████████▋| 761/782 [00:07<00:00, 70.38it/s]
 98%|█████████▊| 769/782 [00:07<00:00, 69.83it/s]
 99%|█████████▉| 777/782 [00:07<00:00, 69.93it/s]
100%|██████████| 782/782 [00:07<00:00, 104.91it/s]
Model instantiation succeeded.
The training environment is set up successfully, using the following device: cuda.
Simulated training data created successfully.
Training step executed successfully.
  Train Loss: 1.5479, Test Loss: 1.5485
  Train Acc: 0.4416, Test Acc: 0.4425
  LR: 0.000000, Grad Norm: 0.5141, Throughput: 2378.4 samples/s
accuracy_to_time_metric 1.6291512713679048
  - Saved stats (fallback) to: /a/mm/ab/gpt/brute/ga/meta_evolution/stats_cifar10/img-classification_cifar-10_acc_GenFractalNet-71437f352e43d0b6932a88f31009d5c0/1.json
  - Model persisted to ga_fractal_arch_cifar10/ (stats verified: 1 JSON file(s))

  ========================================
  >>> FITNESS SCORE: 44.25%  (source: hyperparameters.accuracy, checksum: 71437f352e43d0b6932a88f31009d5c0)
  ========================================

  Evaluating Individual 18/20 ---- Generation: 6/15
  - Evaluating unique arch (checksum: 87923773...)
Evaluating /a/mm/out_nneval_tmp_pid_300/nn/tmp/GenFractalNet-8792377351be4b740bb83b020bb1ac6d-7f2bf998c3818489da54692e0e9eccbc.py...
epoch 1

  0%|          | 0/782 [00:00<?, ?it/s]
  1%|          | 7/782 [00:00<00:11, 67.55it/s]
  3%|▎         | 22/782 [00:00<00:06, 111.38it/s]
  5%|▍         | 37/782 [00:00<00:05, 124.99it/s]
  7%|▋         | 52/782 [00:00<00:05, 132.06it/s]
  9%|▊         | 67/782 [00:00<00:05, 136.07it/s]
 10%|█         | 82/782 [00:00<00:05, 137.62it/s]
 12%|█▏        | 97/782 [00:00<00:04, 140.22it/s]
 14%|█▍        | 112/782 [00:00<00:04, 142.01it/s]
 16%|█▌        | 127/782 [00:00<00:04, 142.41it/s]
 18%|█▊        | 142/782 [00:01<00:04, 142.57it/s]
 20%|██        | 157/782 [00:01<00:04, 142.49it/s]
 22%|██▏       | 172/782 [00:01<00:04, 142.66it/s]
 24%|██▍       | 187/782 [00:01<00:04, 142.34it/s]
 26%|██▌       | 202/782 [00:01<00:04, 142.66it/s]
 28%|██▊       | 217/782 [00:01<00:03, 142.17it/s]
 30%|██▉       | 232/782 [00:01<00:03, 142.33it/s]
 32%|███▏      | 247/782 [00:01<00:03, 142.00it/s]
 34%|███▎      | 262/782 [00:01<00:03, 141.34it/s]
 35%|███▌      | 277/782 [00:02<00:03, 140.65it/s]
 37%|███▋      | 292/782 [00:02<00:03, 140.88it/s]
 39%|███▉      | 307/782 [00:02<00:03, 141.09it/s]
 41%|████      | 322/782 [00:02<00:03, 141.58it/s]
 43%|████▎     | 337/782 [00:02<00:03, 141.84it/s]
 45%|████▌     | 352/782 [00:02<00:03, 142.01it/s]
 47%|████▋     | 367/782 [00:02<00:02, 142.31it/s]
 49%|████▉     | 382/782 [00:02<00:02, 141.71it/s]
 51%|█████     | 397/782 [00:02<00:02, 142.39it/s]
 53%|█████▎    | 412/782 [00:02<00:02, 142.60it/s]
 55%|█████▍    | 427/782 [00:03<00:02, 142.67it/s]
 57%|█████▋    | 442/782 [00:03<00:02, 142.36it/s]
 58%|█████▊    | 457/782 [00:03<00:02, 142.49it/s]
 60%|██████    | 472/782 [00:03<00:02, 141.46it/s]
 62%|██████▏   | 487/782 [00:03<00:02, 139.35it/s]
 64%|██████▍   | 501/782 [00:03<00:02, 135.80it/s]
 66%|██████▌   | 515/782 [00:03<00:01, 136.81it/s]
 68%|██████▊   | 530/782 [00:03<00:01, 139.06it/s]
 70%|██████▉   | 545/782 [00:03<00:01, 139.95it/s]
 72%|███████▏  | 560/782 [00:04<00:01, 140.78it/s]
 74%|███████▎  | 575/782 [00:04<00:01, 141.82it/s]
 75%|███████▌  | 590/782 [00:04<00:01, 140.39it/s]
 77%|███████▋  | 605/782 [00:04<00:01, 138.36it/s]
 79%|███████▉  | 619/782 [00:04<00:01, 137.33it/s]
 81%|████████  | 634/782 [00:04<00:01, 138.46it/s]
 83%|████████▎ | 649/782 [00:04<00:00, 140.13it/s]
 85%|████████▍ | 664/782 [00:04<00:00, 140.79it/s]
 87%|████████▋ | 679/782 [00:04<00:00, 141.08it/s]
 89%|████████▊ | 694/782 [00:04<00:00, 141.71it/s]
 91%|█████████ | 709/782 [00:05<00:00, 135.73it/s]
 92%|█████████▏| 723/782 [00:05<00:00, 133.11it/s]
 94%|█████████▍| 737/782 [00:05<00:00, 127.23it/s]
 96%|█████████▌| 751/782 [00:05<00:00, 128.46it/s]
 98%|█████████▊| 766/782 [00:05<00:00, 132.62it/s]
100%|█████████▉| 780/782 [00:05<00:00, 133.44it/s]
100%|██████████| 782/782 [00:05<00:00, 137.77it/s]
Model instantiation succeeded.
The training environment is set up successfully, using the following device: cuda.
Simulated training data created successfully.
Training step executed successfully.
  Train Loss: 2.1216, Test Loss: 2.1223
  Train Acc: 0.2064, Test Acc: 0.2084
  LR: 0.000001, Grad Norm: 0.4767, Throughput: 2597.2 samples/s
accuracy_to_time_metric 0.5630696344082154
  - Saved stats (fallback) to: /a/mm/ab/gpt/brute/ga/meta_evolution/stats_cifar10/img-classification_cifar-10_acc_GenFractalNet-8792377351be4b740bb83b020bb1ac6d/1.json
  - Model persisted to ga_fractal_arch_cifar10/ (stats verified: 1 JSON file(s))

  ========================================
  >>> FITNESS SCORE: 20.84%  (source: hyperparameters.accuracy, checksum: 8792377351be4b740bb83b020bb1ac6d)
  ========================================

  Evaluating Individual 19/20 ---- Generation: 6/15
  - Evaluating unique arch (checksum: 9a0515a3...)
Evaluating /a/mm/out_nneval_tmp_pid_300/nn/tmp/GenFractalNet-9a0515a3418513e245d4ac8007e7c75e-40534b39fe7cb68c380fe29d36735928.py...
epoch 1

  0%|          | 0/782 [00:00<?, ?it/s]
  1%|          | 7/782 [00:00<00:11, 66.71it/s]
  3%|▎         | 22/782 [00:00<00:06, 112.20it/s]
  5%|▍         | 37/782 [00:00<00:05, 126.03it/s]
  7%|▋         | 52/782 [00:00<00:05, 132.60it/s]
  9%|▊         | 67/782 [00:00<00:05, 136.26it/s]
 10%|█         | 82/782 [00:00<00:05, 138.84it/s]
 12%|█▏        | 97/782 [00:00<00:04, 140.35it/s]
 14%|█▍        | 112/782 [00:00<00:04, 141.35it/s]
 16%|█▌        | 127/782 [00:00<00:04, 142.24it/s]
 18%|█▊        | 142/782 [00:01<00:04, 142.57it/s]
 20%|██        | 157/782 [00:01<00:04, 142.46it/s]
 22%|██▏       | 172/782 [00:01<00:04, 142.80it/s]
 24%|██▍       | 187/782 [00:01<00:04, 142.17it/s]
 26%|██▌       | 202/782 [00:01<00:04, 141.63it/s]
 28%|██▊       | 217/782 [00:01<00:03, 142.19it/s]
 30%|██▉       | 232/782 [00:01<00:03, 142.37it/s]
 32%|███▏      | 247/782 [00:01<00:03, 142.25it/s]
 34%|███▎      | 262/782 [00:01<00:03, 142.03it/s]
 35%|███▌      | 277/782 [00:01<00:03, 142.11it/s]
 37%|███▋      | 292/782 [00:02<00:03, 141.32it/s]
 39%|███▉      | 307/782 [00:02<00:03, 141.77it/s]
 41%|████      | 322/782 [00:02<00:03, 139.27it/s]
 43%|████▎     | 337/782 [00:02<00:03, 140.09it/s]
 45%|████▌     | 352/782 [00:02<00:03, 140.66it/s]
 47%|████▋     | 367/782 [00:02<00:02, 141.05it/s]
 49%|████▉     | 382/782 [00:02<00:02, 141.37it/s]
 51%|█████     | 397/782 [00:02<00:02, 142.12it/s]
 53%|█████▎    | 412/782 [00:02<00:02, 142.24it/s]
 55%|█████▍    | 427/782 [00:03<00:02, 142.16it/s]
 57%|█████▋    | 442/782 [00:03<00:02, 142.27it/s]
 58%|█████▊    | 457/782 [00:03<00:02, 141.84it/s]
 60%|██████    | 472/782 [00:03<00:02, 141.76it/s]
 62%|██████▏   | 487/782 [00:03<00:02, 141.83it/s]
 64%|██████▍   | 502/782 [00:03<00:01, 140.50it/s]
 66%|██████▌   | 517/782 [00:03<00:01, 140.80it/s]
 68%|██████▊   | 532/782 [00:03<00:01, 141.25it/s]
 70%|██████▉   | 547/782 [00:03<00:01, 141.75it/s]
 72%|███████▏  | 562/782 [00:04<00:01, 142.07it/s]
 74%|███████▍  | 577/782 [00:04<00:01, 142.11it/s]
 76%|███████▌  | 592/782 [00:04<00:01, 142.41it/s]
 78%|███████▊  | 607/782 [00:04<00:01, 142.63it/s]
 80%|███████▉  | 622/782 [00:04<00:01, 142.80it/s]
 81%|████████▏ | 637/782 [00:04<00:01, 142.08it/s]
 83%|████████▎ | 652/782 [00:04<00:00, 141.99it/s]
 85%|████████▌ | 667/782 [00:04<00:00, 141.82it/s]
 87%|████████▋ | 682/782 [00:04<00:00, 142.21it/s]
 89%|████████▉ | 697/782 [00:04<00:00, 141.50it/s]
 91%|█████████ | 712/782 [00:05<00:00, 136.37it/s]
 93%|█████████▎| 727/782 [00:05<00:00, 138.13it/s]
 95%|█████████▍| 741/782 [00:05<00:00, 137.97it/s]
 97%|█████████▋| 756/782 [00:05<00:00, 138.93it/s]
 99%|█████████▊| 771/782 [00:05<00:00, 139.99it/s]
100%|██████████| 782/782 [00:05<00:00, 139.13it/s]
Model instantiation succeeded.
The training environment is set up successfully, using the following device: cuda.
Simulated training data created successfully.
Training step executed successfully.
  Train Loss: 1.5204, Test Loss: 1.5174
  Train Acc: 0.4322, Test Acc: 0.4329
  LR: 0.000001, Grad Norm: 0.6306, Throughput: 2609.6 samples/s
accuracy_to_time_metric 1.7374626496338974
  - Saved stats (fallback) to: /a/mm/ab/gpt/brute/ga/meta_evolution/stats_cifar10/img-classification_cifar-10_acc_GenFractalNet-9a0515a3418513e245d4ac8007e7c75e/1.json
  - Model persisted to ga_fractal_arch_cifar10/ (stats verified: 1 JSON file(s))

  ========================================
  >>> FITNESS SCORE: 43.29%  (source: hyperparameters.accuracy, checksum: 9a0515a3418513e245d4ac8007e7c75e)
  ========================================

  Evaluating Individual 20/20 ---- Generation: 6/15
  - Evaluating unique arch (checksum: 2cbb85e4...)
Evaluating /a/mm/out_nneval_tmp_pid_300/nn/tmp/GenFractalNet-2cbb85e411b7625683a1cced2efd819a-0bfaab27a3353f794b047221779d84d9.py...
epoch 1

  0%|          | 0/782 [00:00<?, ?it/s]
  0%|          | 1/782 [00:00<01:26,  9.01it/s]
  1%|          | 5/782 [00:00<00:30, 25.46it/s]
  1%|          | 9/782 [00:00<00:25, 29.97it/s]
  2%|▏         | 13/782 [00:00<00:23, 32.74it/s]
  2%|▏         | 17/782 [00:00<00:22, 34.46it/s]
  3%|▎         | 21/782 [00:00<00:21, 35.54it/s]
  3%|▎         | 25/782 [00:00<00:20, 36.18it/s]
  4%|▍         | 30/782 [00:00<00:19, 38.00it/s]
  4%|▍         | 34/782 [00:00<00:19, 38.28it/s]
  5%|▍         | 38/782 [00:01<00:19, 37.32it/s]
  5%|▌         | 42/782 [00:01<00:19, 37.03it/s]
  6%|▌         | 46/782 [00:01<00:19, 36.96it/s]
  6%|▋         | 50/782 [00:01<00:19, 36.98it/s]
  7%|▋         | 54/782 [00:01<00:19, 36.74it/s]
  7%|▋         | 58/782 [00:01<00:19, 37.62it/s]
  8%|▊         | 62/782 [00:01<00:18, 38.04it/s]
  8%|▊         | 66/782 [00:01<00:18, 38.25it/s]
  9%|▉         | 70/782 [00:01<00:18, 38.12it/s]
  9%|▉         | 74/782 [00:02<00:18, 38.22it/s]
 10%|▉         | 78/782 [00:02<00:18, 37.69it/s]
 10%|█         | 82/782 [00:02<00:18, 37.51it/s]
 11%|█         | 86/782 [00:02<00:18, 36.99it/s]
 12%|█▏        | 90/782 [00:02<00:18, 36.86it/s]
 12%|█▏        | 94/782 [00:02<00:18, 36.83it/s]
 13%|█▎        | 98/782 [00:02<00:18, 37.13it/s]
 13%|█▎        | 102/782 [00:02<00:18, 36.50it/s]
 14%|█▎        | 106/782 [00:02<00:18, 37.25it/s]
 14%|█▍        | 110/782 [00:03<00:17, 37.38it/s]
 15%|█▍        | 114/782 [00:03<00:17, 37.66it/s]
 15%|█▌        | 118/782 [00:03<00:17, 37.37it/s]
 16%|█▌        | 122/782 [00:03<00:17, 37.76it/s]
 16%|█▌        | 126/782 [00:03<00:17, 37.99it/s]
 17%|█▋        | 130/782 [00:03<00:17, 37.97it/s]
 17%|█▋        | 134/782 [00:03<00:16, 38.35it/s]
 18%|█▊        | 138/782 [00:03<00:16, 38.10it/s]
 18%|█▊        | 142/782 [00:03<00:16, 37.87it/s]
 19%|█▊        | 146/782 [00:03<00:16, 37.57it/s]
 19%|█▉        | 150/782 [00:04<00:16, 37.99it/s]
 20%|█▉        | 155/782 [00:04<00:16, 38.87it/s]
 20%|██        | 159/782 [00:04<00:16, 38.24it/s]
 21%|██        | 163/782 [00:04<00:16, 38.14it/s]
 21%|██▏       | 167/782 [00:04<00:16, 38.41it/s]
 22%|██▏       | 171/782 [00:04<00:16, 37.75it/s]
 22%|██▏       | 175/782 [00:04<00:15, 38.13it/s]
 23%|██▎       | 179/782 [00:04<00:15, 37.78it/s]
 23%|██▎       | 183/782 [00:04<00:15, 37.47it/s]
 24%|██▍       | 187/782 [00:05<00:16, 36.88it/s]
 24%|██▍       | 191/782 [00:05<00:16, 36.65it/s]
 25%|██▍       | 195/782 [00:05<00:15, 37.09it/s]
 25%|██▌       | 199/782 [00:05<00:15, 37.02it/s]
 26%|██▌       | 203/782 [00:05<00:15, 36.59it/s]
 26%|██▋       | 207/782 [00:05<00:15, 36.71it/s]
 27%|██▋       | 211/782 [00:05<00:15, 37.24it/s]
 27%|██▋       | 215/782 [00:05<00:15, 37.32it/s]
 28%|██▊       | 219/782 [00:05<00:15, 36.78it/s]
 29%|██▊       | 223/782 [00:06<00:15, 36.76it/s]
 29%|██▉       | 227/782 [00:06<00:15, 36.68it/s]
 30%|██▉       | 231/782 [00:06<00:14, 36.87it/s]
 30%|███       | 235/782 [00:06<00:14, 37.35it/s]
 31%|███       | 239/782 [00:06<00:14, 37.28it/s]
 31%|███       | 243/782 [00:06<00:14, 37.56it/s]
 32%|███▏      | 247/782 [00:06<00:14, 37.31it/s]
 32%|███▏      | 251/782 [00:06<00:14, 37.20it/s]
 33%|███▎      | 255/782 [00:06<00:14, 37.49it/s]
 33%|███▎      | 259/782 [00:06<00:13, 38.15it/s]
 34%|███▎      | 263/782 [00:07<00:13, 37.11it/s]
 34%|███▍      | 267/782 [00:07<00:13, 37.19it/s]
 35%|███▍      | 271/782 [00:07<00:13, 37.81it/s]
 35%|███▌      | 275/782 [00:07<00:13, 37.77it/s]
 36%|███▌      | 279/782 [00:07<00:13, 37.21it/s]
 36%|███▌      | 283/782 [00:07<00:13, 37.90it/s]
 37%|███▋      | 287/782 [00:07<00:13, 38.04it/s]
 37%|███▋      | 291/782 [00:07<00:12, 38.25it/s]
 38%|███▊      | 295/782 [00:07<00:12, 38.72it/s]
 38%|███▊      | 299/782 [00:08<00:12, 38.79it/s]
 39%|███▊      | 303/782 [00:08<00:12, 38.23it/s]
 39%|███▉      | 307/782 [00:08<00:12, 38.40it/s]
 40%|███▉      | 311/782 [00:08<00:12, 37.98it/s]
 40%|████      | 315/782 [00:08<00:12, 38.07it/s]
 41%|████      | 319/782 [00:08<00:12, 37.16it/s]
 41%|████▏     | 323/782 [00:08<00:12, 37.04it/s]
 42%|████▏     | 327/782 [00:08<00:12, 36.61it/s]
 42%|████▏     | 331/782 [00:08<00:12, 37.38it/s]
 43%|████▎     | 335/782 [00:09<00:11, 37.89it/s]
 43%|████▎     | 339/782 [00:09<00:11, 37.56it/s]
 44%|████▍     | 343/782 [00:09<00:11, 37.49it/s]
 44%|████▍     | 347/782 [00:09<00:11, 37.04it/s]
 45%|████▍     | 351/782 [00:09<00:11, 37.13it/s]
 45%|████▌     | 355/782 [00:09<00:11, 36.41it/s]
 46%|████▌     | 359/782 [00:09<00:11, 37.17it/s]
 47%|████▋     | 364/782 [00:09<00:10, 38.15it/s]
 47%|████▋     | 368/782 [00:09<00:10, 37.79it/s]
 48%|████▊     | 372/782 [00:09<00:10, 37.39it/s]
 48%|████▊     | 376/782 [00:10<00:10, 37.45it/s]
 49%|████▊     | 380/782 [00:10<00:10, 37.39it/s]
 49%|████▉     | 384/782 [00:10<00:10, 37.57it/s]
 50%|████▉     | 388/782 [00:10<00:10, 37.24it/s]
 50%|█████     | 392/782 [00:10<00:10, 37.56it/s]
 51%|█████     | 396/782 [00:10<00:10, 36.49it/s]
 51%|█████     | 400/782 [00:10<00:10, 36.03it/s]
 52%|█████▏    | 404/782 [00:10<00:10, 36.79it/s]
 52%|█████▏    | 408/782 [00:10<00:10, 36.87it/s]
 53%|█████▎    | 412/782 [00:11<00:10, 36.53it/s]
 53%|█████▎    | 416/782 [00:11<00:09, 36.61it/s]
 54%|█████▎    | 420/782 [00:11<00:09, 36.25it/s]
 54%|█████▍    | 424/782 [00:11<00:09, 36.47it/s]
 55%|█████▍    | 428/782 [00:11<00:09, 36.73it/s]
 55%|█████▌    | 432/782 [00:11<00:09, 37.63it/s]
 56%|█████▌    | 436/782 [00:11<00:09, 37.48it/s]
 56%|█████▋    | 440/782 [00:11<00:09, 37.65it/s]
 57%|█████▋    | 444/782 [00:11<00:08, 37.72it/s]
 57%|█████▋    | 448/782 [00:12<00:08, 37.49it/s]
 58%|█████▊    | 452/782 [00:12<00:08, 37.01it/s]
 58%|█████▊    | 456/782 [00:12<00:08, 36.58it/s]
 59%|█████▉    | 460/782 [00:12<00:08, 36.99it/s]
 59%|█████▉    | 464/782 [00:12<00:08, 37.50it/s]
 60%|█████▉    | 468/782 [00:12<00:08, 36.64it/s]
 60%|██████    | 472/782 [00:12<00:08, 36.73it/s]
 61%|██████    | 476/782 [00:12<00:08, 37.28it/s]
 61%|██████▏   | 480/782 [00:12<00:08, 37.40it/s]
 62%|██████▏   | 484/782 [00:13<00:08, 37.08it/s]
 62%|██████▏   | 488/782 [00:13<00:07, 37.36it/s]
 63%|██████▎   | 492/782 [00:13<00:07, 37.14it/s]
 63%|██████▎   | 496/782 [00:13<00:07, 36.36it/s]
 64%|██████▍   | 500/782 [00:13<00:07, 36.54it/s]
 64%|██████▍   | 504/782 [00:13<00:07, 37.39it/s]
 65%|██████▌   | 509/782 [00:13<00:07, 38.21it/s]
 66%|██████▌   | 513/782 [00:13<00:07, 37.25it/s]
 66%|██████▌   | 517/782 [00:13<00:07, 37.77it/s]
 67%|██████▋   | 521/782 [00:14<00:06, 38.30it/s]
 67%|██████▋   | 525/782 [00:14<00:06, 37.90it/s]
 68%|██████▊   | 529/782 [00:14<00:06, 38.01it/s]
 68%|██████▊   | 533/782 [00:14<00:06, 37.98it/s]
 69%|██████▉   | 538/782 [00:14<00:06, 38.63it/s]
 69%|██████▉   | 542/782 [00:14<00:06, 38.27it/s]
 70%|██████▉   | 546/782 [00:14<00:06, 37.87it/s]
 70%|███████   | 550/782 [00:14<00:06, 37.04it/s]
 71%|███████   | 554/782 [00:14<00:06, 37.03it/s]
 71%|███████▏  | 558/782 [00:14<00:06, 37.05it/s]
 72%|███████▏  | 562/782 [00:15<00:05, 36.90it/s]
 72%|███████▏  | 566/782 [00:15<00:06, 35.07it/s]
 73%|███████▎  | 570/782 [00:15<00:06, 34.79it/s]
 73%|███████▎  | 574/782 [00:15<00:06, 34.50it/s]
 74%|███████▍  | 578/782 [00:15<00:06, 33.97it/s]
 74%|███████▍  | 582/782 [00:15<00:05, 35.18it/s]
 75%|███████▍  | 586/782 [00:15<00:05, 36.09it/s]
 75%|███████▌  | 590/782 [00:15<00:05, 36.33it/s]
 76%|███████▌  | 594/782 [00:16<00:05, 36.38it/s]
 76%|███████▋  | 598/782 [00:16<00:05, 36.49it/s]
 77%|███████▋  | 602/782 [00:16<00:04, 36.18it/s]
 77%|███████▋  | 606/782 [00:16<00:05, 35.12it/s]
 78%|███████▊  | 610/782 [00:16<00:04, 34.90it/s]
 79%|███████▊  | 614/782 [00:16<00:04, 35.06it/s]
 79%|███████▉  | 618/782 [00:16<00:04, 35.14it/s]
 80%|███████▉  | 622/782 [00:16<00:04, 35.06it/s]
 80%|████████  | 626/782 [00:16<00:04, 34.75it/s]
 81%|████████  | 630/782 [00:17<00:04, 35.08it/s]
 81%|████████  | 634/782 [00:17<00:04, 34.75it/s]
 82%|████████▏ | 638/782 [00:17<00:04, 34.89it/s]
 82%|████████▏ | 642/782 [00:17<00:03, 35.22it/s]
 83%|████████▎ | 646/782 [00:17<00:03, 35.20it/s]
 83%|████████▎ | 650/782 [00:17<00:03, 34.85it/s]
 84%|████████▎ | 654/782 [00:17<00:03, 34.47it/s]
 84%|████████▍ | 658/782 [00:17<00:03, 34.50it/s]
 85%|████████▍ | 662/782 [00:17<00:03, 34.62it/s]
 85%|████████▌ | 666/782 [00:18<00:03, 34.27it/s]
 86%|████████▌ | 670/782 [00:18<00:03, 34.99it/s]
 86%|████████▌ | 674/782 [00:18<00:03, 35.73it/s]
 87%|████████▋ | 678/782 [00:18<00:02, 35.70it/s]
 87%|████████▋ | 682/782 [00:18<00:02, 35.05it/s]
 88%|████████▊ | 686/782 [00:18<00:02, 35.07it/s]
 88%|████████▊ | 690/782 [00:18<00:02, 33.75it/s]
 89%|████████▊ | 694/782 [00:18<00:02, 33.92it/s]
 89%|████████▉ | 699/782 [00:19<00:02, 36.10it/s]
 90%|████████▉ | 703/782 [00:19<00:02, 36.28it/s]
 90%|█████████ | 707/782 [00:19<00:02, 36.43it/s]
 91%|█████████ | 711/782 [00:19<00:01, 35.76it/s]
 91%|█████████▏| 715/782 [00:19<00:01, 35.46it/s]
 92%|█████████▏| 719/782 [00:19<00:01, 35.42it/s]
 92%|█████████▏| 723/782 [00:19<00:01, 35.35it/s]
 93%|█████████▎| 727/782 [00:19<00:01, 35.69it/s]
 93%|█████████▎| 731/782 [00:19<00:01, 35.49it/s]
 94%|█████████▍| 735/782 [00:20<00:01, 35.52it/s]
 95%|█████████▍| 739/782 [00:20<00:01, 35.53it/s]
 95%|█████████▌| 743/782 [00:20<00:01, 35.64it/s]
 96%|█████████▌| 747/782 [00:20<00:00, 36.07it/s]
 96%|█████████▌| 751/782 [00:20<00:00, 35.74it/s]
 97%|█████████▋| 755/782 [00:20<00:00, 35.28it/s]
 97%|█████████▋| 759/782 [00:20<00:00, 35.55it/s]
 98%|█████████▊| 763/782 [00:20<00:00, 35.29it/s]
 98%|█████████▊| 767/782 [00:20<00:00, 35.70it/s]
 99%|█████████▊| 771/782 [00:21<00:00, 35.14it/s]
 99%|█████████▉| 775/782 [00:21<00:00, 35.21it/s]
100%|█████████▉| 779/782 [00:21<00:00, 35.55it/s]
100%|██████████| 782/782 [00:21<00:00, 36.55it/s]
Traceback (most recent call last):
  File "/a/mm/ab/gpt/brute/ga/meta_evolution/run_fractal_evolution.py", line 253, in fitness_function
    result = evaluator.evaluate(filepath)
             ^^^^^^^^^^^^^^^^^^^^^^^^^^^^
  File "/a/mm/ab/gpt/util/Eval.py", line 107, in evaluate
    return api.check_nn(
           ^^^^^^^^^^^^^
  File "/a/mm/ab/nn/api.py", line 105, in check_nn
    return Train.train_new(nn_code, task, dataset, metric, prm, save_to_db=save_to_db, prefix=prefix, save_path=save_path, export_onnx=export_onnx,
           ^^^^^^^^^^^^^^^^^^^^^^^^^^^^^^^^^^^^^^^^^^^^^^^^^^^^^^^^^^^^^^^^^^^^^^^^^^^^^^^^^^^^^^^^^^^^^^^^^^^^^^^^^^^^^^^^^^^^^^^^^^^^^^^^^^^^^^^^
  File "/a/mm/ab/nn/util/Train.py", line 553, in train_new
    accuracy, accuracy_to_time, duration = trainer.train_n_eval(epoch, epoch_limit_minutes, False, export_onnx, train_set, save_path=save_path)
                                           ^^^^^^^^^^^^^^^^^^^^^^^^^^^^^^^^^^^^^^^^^^^^^^^^^^^^^^^^^^^^^^^^^^^^^^^^^^^^^^^^^^^^^^^^^^^^^^^^^^^^
  File "/a/mm/ab/nn/util/Train.py", line 367, in train_n_eval
    raise AccuracyException(accuracy, duration,
ab.nn.util.Exception.AccuracyException: (0.1, 46334290605, "Accuracy is too low: 0.1. The minimum accepted accuracy for the 'cifar-10' dataset is 0.1.")
Model instantiation succeeded.
The training environment is set up successfully, using the following device: cuda.
Simulated training data created successfully.
Training step executed successfully.
  Train Loss: 2.4321, Test Loss: 2.4324
  Train Acc: 0.1000, Test Acc: 0.1000
  LR: 0.000000, Grad Norm: 4.1971, Throughput: 1079.1 samples/s
accuracy_to_time_metric 0.0
Error during training: (0.1, 46334290605, "Accuracy is too low: 0.1. The minimum accepted accuracy for the 'cifar-10' dataset is 0.1.")
Eval Fail: (0.1, 46334290605, "Accuracy is too low: 0.1. The minimum accepted accuracy for the 'cifar-10' dataset is 0.1.")
  - Cleaned up temp file: /a/mm/ab/gpt/brute/ga/meta_evolution/ga_fractal_arch_cifar10/_tmp_GenFractalNet-2cbb85e411b7625683a1cced2efd819a.py


 >>> GENERATION 7 <<<

  Evaluating Individual 6/20 ---- Generation: 7/15
  - Evaluating unique arch (checksum: 82ebd850...)
Evaluating /a/mm/out_nneval_tmp_pid_300/nn/tmp/GenFractalNet-82ebd85044bbead4055dec8c001c30a3-f19b40976738fb6bb4dab140686c6ee9.py...
epoch 1

  0%|          | 0/782 [00:00<?, ?it/s]
  1%|          | 7/782 [00:00<00:11, 66.62it/s]
  2%|▏         | 19/782 [00:00<00:07, 96.62it/s]
  4%|▍         | 31/782 [00:00<00:07, 105.21it/s]
  5%|▌         | 42/782 [00:00<00:06, 106.70it/s]
  7%|▋         | 53/782 [00:00<00:06, 107.18it/s]
  8%|▊         | 65/782 [00:00<00:06, 108.81it/s]
 10%|▉         | 76/782 [00:00<00:06, 108.69it/s]
 11%|█         | 87/782 [00:00<00:06, 108.64it/s]
 13%|█▎        | 98/782 [00:00<00:06, 107.49it/s]
 14%|█▍        | 110/782 [00:01<00:06, 108.18it/s]
 15%|█▌        | 121/782 [00:01<00:06, 108.58it/s]
 17%|█▋        | 133/782 [00:01<00:05, 110.75it/s]
 19%|█▊        | 145/782 [00:01<00:05, 111.39it/s]
 20%|██        | 157/782 [00:01<00:05, 111.67it/s]
 22%|██▏       | 169/782 [00:01<00:05, 111.70it/s]
 23%|██▎       | 181/782 [00:01<00:05, 110.88it/s]
 25%|██▍       | 193/782 [00:01<00:05, 112.54it/s]
 26%|██▌       | 205/782 [00:01<00:05, 112.26it/s]
 28%|██▊       | 217/782 [00:01<00:05, 112.55it/s]
 29%|██▉       | 229/782 [00:02<00:04, 113.87it/s]
 31%|███       | 241/782 [00:02<00:04, 114.47it/s]
 32%|███▏      | 253/782 [00:02<00:04, 113.37it/s]
 34%|███▍      | 266/782 [00:02<00:04, 115.59it/s]
 36%|███▌      | 278/782 [00:02<00:04, 115.67it/s]
 37%|███▋      | 291/782 [00:02<00:04, 116.96it/s]
 39%|███▉      | 304/782 [00:02<00:04, 118.13it/s]
 40%|████      | 316/782 [00:02<00:03, 117.37it/s]
 42%|████▏     | 328/782 [00:02<00:03, 115.75it/s]
 43%|████▎     | 340/782 [00:03<00:03, 116.75it/s]
 45%|████▌     | 352/782 [00:03<00:03, 115.24it/s]
 47%|████▋     | 364/782 [00:03<00:03, 114.74it/s]
 48%|████▊     | 376/782 [00:03<00:03, 114.02it/s]
 50%|████▉     | 388/782 [00:03<00:03, 115.64it/s]
 51%|█████     | 400/782 [00:03<00:03, 116.80it/s]
 53%|█████▎    | 412/782 [00:03<00:03, 117.11it/s]
 54%|█████▍    | 424/782 [00:03<00:03, 116.41it/s]
 56%|█████▌    | 436/782 [00:03<00:02, 116.32it/s]
 57%|█████▋    | 448/782 [00:03<00:02, 116.72it/s]
 59%|█████▉    | 461/782 [00:04<00:02, 117.72it/s]
 60%|██████    | 473/782 [00:04<00:02, 116.91it/s]
 62%|██████▏   | 485/782 [00:04<00:02, 117.08it/s]
 64%|██████▎   | 498/782 [00:04<00:02, 118.98it/s]
 65%|██████▌   | 510/782 [00:04<00:02, 116.93it/s]
 67%|██████▋   | 522/782 [00:04<00:02, 115.21it/s]
 68%|██████▊   | 534/782 [00:04<00:02, 115.83it/s]
 70%|██████▉   | 546/782 [00:04<00:02, 114.73it/s]
 71%|███████▏  | 558/782 [00:04<00:01, 115.01it/s]
 73%|███████▎  | 570/782 [00:05<00:01, 115.06it/s]
 74%|███████▍  | 582/782 [00:05<00:01, 115.05it/s]
 76%|███████▌  | 594/782 [00:05<00:01, 115.88it/s]
 77%|███████▋  | 606/782 [00:05<00:01, 115.53it/s]
 79%|███████▉  | 618/782 [00:05<00:01, 115.78it/s]
 81%|████████  | 630/782 [00:05<00:01, 116.11it/s]
 82%|████████▏ | 642/782 [00:05<00:01, 116.41it/s]
 84%|████████▎ | 654/782 [00:05<00:01, 116.67it/s]
 85%|████████▌ | 666/782 [00:05<00:01, 115.04it/s]
 87%|████████▋ | 678/782 [00:05<00:00, 114.67it/s]
 88%|████████▊ | 690/782 [00:06<00:00, 115.67it/s]
 90%|████████▉ | 702/782 [00:06<00:00, 115.91it/s]
 91%|█████████▏| 714/782 [00:06<00:00, 113.62it/s]
 93%|█████████▎| 726/782 [00:06<00:00, 111.29it/s]
 94%|█████████▍| 738/782 [00:06<00:00, 110.65it/s]
 96%|█████████▌| 750/782 [00:06<00:00, 110.99it/s]
 97%|█████████▋| 762/782 [00:06<00:00, 111.46it/s]
 99%|█████████▉| 774/782 [00:06<00:00, 108.95it/s]
100%|██████████| 782/782 [00:06<00:00, 112.73it/s]
Model instantiation succeeded.
The training environment is set up successfully, using the following device: cuda.
Simulated training data created successfully.
Training step executed successfully.
  Train Loss: 1.7965, Test Loss: 1.7986
  Train Acc: 0.3079, Test Acc: 0.3064
  LR: 0.000001, Grad Norm: 0.2430, Throughput: 2430.6 samples/s
accuracy_to_time_metric 1.0033470513311207
  - Saved stats (fallback) to: /a/mm/ab/gpt/brute/ga/meta_evolution/stats_cifar10/img-classification_cifar-10_acc_GenFractalNet-82ebd85044bbead4055dec8c001c30a3/1.json
  - Model persisted to ga_fractal_arch_cifar10/ (stats verified: 1 JSON file(s))

  ========================================
  >>> FITNESS SCORE: 30.64%  (source: hyperparameters.accuracy, checksum: 82ebd85044bbead4055dec8c001c30a3)
  ========================================

  Evaluating Individual 7/20 ---- Generation: 7/15
  - Evaluating unique arch (checksum: c7c669e8...)
Evaluating /a/mm/out_nneval_tmp_pid_300/nn/tmp/GenFractalNet-c7c669e88a2b3714cb1675755b2fcb21-db002cc5ed86a69ce94062070f656cb0.py...
epoch 1

  0%|          | 0/782 [00:00<?, ?it/s]
  1%|          | 4/782 [00:00<00:23, 33.45it/s]
  1%|          | 9/782 [00:00<00:19, 40.32it/s]
  2%|▏         | 14/782 [00:00<00:17, 43.39it/s]
  2%|▏         | 19/782 [00:00<00:17, 44.61it/s]
  3%|▎         | 25/782 [00:00<00:16, 47.00it/s]
  4%|▍         | 31/782 [00:00<00:15, 48.49it/s]
  5%|▍         | 36/782 [00:00<00:15, 47.86it/s]
  5%|▌         | 42/782 [00:00<00:14, 49.58it/s]
  6%|▌         | 48/782 [00:01<00:14, 51.00it/s]
  7%|▋         | 54/782 [00:01<00:13, 52.09it/s]
  8%|▊         | 61/782 [00:01<00:13, 54.76it/s]
  9%|▊         | 67/782 [00:01<00:13, 53.68it/s]
  9%|▉         | 73/782 [00:01<00:12, 55.08it/s]
 10%|█         | 79/782 [00:01<00:13, 54.03it/s]
 11%|█         | 85/782 [00:01<00:12, 54.67it/s]
 12%|█▏        | 91/782 [00:01<00:12, 54.17it/s]
 12%|█▏        | 97/782 [00:01<00:12, 55.73it/s]
 13%|█▎        | 103/782 [00:02<00:12, 54.26it/s]
 14%|█▍        | 109/782 [00:02<00:12, 55.05it/s]
 15%|█▍        | 115/782 [00:02<00:12, 54.78it/s]
 15%|█▌        | 121/782 [00:02<00:12, 51.93it/s]
 16%|█▌        | 127/782 [00:02<00:12, 52.91it/s]
 17%|█▋        | 133/782 [00:02<00:11, 54.42it/s]
 18%|█▊        | 139/782 [00:02<00:11, 54.57it/s]
 19%|█▊        | 145/782 [00:02<00:11, 54.64it/s]
 19%|█▉        | 151/782 [00:02<00:11, 53.50it/s]
 20%|██        | 157/782 [00:03<00:11, 52.30it/s]
 21%|██        | 163/782 [00:03<00:11, 52.31it/s]
 22%|██▏       | 169/782 [00:03<00:12, 49.85it/s]
 22%|██▏       | 175/782 [00:03<00:11, 51.09it/s]
 23%|██▎       | 181/782 [00:03<00:11, 50.24it/s]
 24%|██▍       | 187/782 [00:03<00:11, 51.24it/s]
 25%|██▍       | 193/782 [00:03<00:11, 50.16it/s]
 25%|██▌       | 199/782 [00:03<00:11, 50.22it/s]
 26%|██▌       | 205/782 [00:03<00:11, 49.82it/s]
 27%|██▋       | 210/782 [00:04<00:11, 48.63it/s]
 27%|██▋       | 215/782 [00:04<00:11, 48.93it/s]
 28%|██▊       | 221/782 [00:04<00:11, 49.86it/s]
 29%|██▉       | 227/782 [00:04<00:11, 50.25it/s]
 30%|██▉       | 233/782 [00:04<00:10, 51.66it/s]
 31%|███       | 239/782 [00:04<00:10, 52.13it/s]
 31%|███▏      | 245/782 [00:04<00:10, 52.59it/s]
 32%|███▏      | 251/782 [00:04<00:10, 52.94it/s]
 33%|███▎      | 257/782 [00:04<00:09, 52.93it/s]
 34%|███▎      | 263/782 [00:05<00:09, 52.24it/s]
 34%|███▍      | 269/782 [00:05<00:10, 50.50it/s]
 35%|███▌      | 275/782 [00:05<00:09, 50.87it/s]
 36%|███▌      | 281/782 [00:05<00:09, 51.59it/s]
 37%|███▋      | 287/782 [00:05<00:09, 50.90it/s]
 37%|███▋      | 293/782 [00:05<00:09, 51.89it/s]
 38%|███▊      | 299/782 [00:05<00:09, 49.26it/s]
 39%|███▉      | 305/782 [00:05<00:09, 50.05it/s]
 40%|███▉      | 311/782 [00:06<00:09, 49.37it/s]
 40%|████      | 316/782 [00:06<00:09, 48.58it/s]
 41%|████      | 321/782 [00:06<00:09, 47.84it/s]
 42%|████▏     | 326/782 [00:06<00:09, 46.70it/s]
 42%|████▏     | 331/782 [00:06<00:10, 44.26it/s]
 43%|████▎     | 336/782 [00:06<00:10, 42.51it/s]
 44%|████▎     | 341/782 [00:06<00:11, 40.09it/s]
 44%|████▍     | 346/782 [00:06<00:10, 40.54it/s]
 45%|████▍     | 351/782 [00:07<00:10, 41.56it/s]
 46%|████▌     | 356/782 [00:07<00:10, 39.79it/s]
 46%|████▌     | 361/782 [00:07<00:11, 37.31it/s]
 47%|████▋     | 365/782 [00:07<00:11, 36.87it/s]
 47%|████▋     | 369/782 [00:07<00:11, 35.96it/s]
 48%|████▊     | 373/782 [00:07<00:11, 35.92it/s]
 48%|████▊     | 377/782 [00:07<00:11, 35.94it/s]
 49%|████▊     | 381/782 [00:07<00:11, 36.35it/s]
 49%|████▉     | 386/782 [00:08<00:10, 37.84it/s]
 50%|████▉     | 390/782 [00:08<00:10, 38.28it/s]
 51%|█████     | 395/782 [00:08<00:09, 39.56it/s]
 51%|█████     | 399/782 [00:08<00:09, 38.33it/s]
 52%|█████▏    | 403/782 [00:08<00:09, 38.06it/s]
 52%|█████▏    | 407/782 [00:08<00:10, 36.59it/s]
 53%|█████▎    | 411/782 [00:08<00:10, 35.32it/s]
 53%|█████▎    | 416/782 [00:08<00:09, 36.76it/s]
 54%|█████▎    | 420/782 [00:08<00:10, 35.37it/s]
 54%|█████▍    | 424/782 [00:09<00:10, 33.60it/s]
 55%|█████▍    | 428/782 [00:09<00:10, 33.34it/s]
 55%|█████▌    | 432/782 [00:09<00:10, 33.85it/s]
 56%|█████▌    | 436/782 [00:09<00:10, 32.97it/s]
 56%|█████▋    | 440/782 [00:09<00:11, 30.97it/s]
 57%|█████▋    | 444/782 [00:09<00:10, 31.99it/s]
 57%|█████▋    | 448/782 [00:09<00:10, 32.55it/s]
 58%|█████▊    | 452/782 [00:09<00:10, 32.31it/s]
 58%|█████▊    | 456/782 [00:10<00:09, 33.72it/s]
 59%|█████▉    | 460/782 [00:10<00:09, 33.65it/s]
 59%|█████▉    | 464/782 [00:10<00:09, 34.04it/s]
 60%|█████▉    | 468/782 [00:10<00:09, 34.46it/s]
 60%|██████    | 472/782 [00:10<00:09, 34.00it/s]
 61%|██████    | 476/782 [00:10<00:09, 33.55it/s]
 61%|██████▏   | 480/782 [00:10<00:08, 33.96it/s]
 62%|██████▏   | 484/782 [00:10<00:08, 34.48it/s]
 62%|██████▏   | 488/782 [00:10<00:08, 33.34it/s]
 63%|██████▎   | 492/782 [00:11<00:09, 32.09it/s]
 63%|██████▎   | 496/782 [00:11<00:08, 33.17it/s]
 64%|██████▍   | 500/782 [00:11<00:08, 32.45it/s]
 64%|██████▍   | 504/782 [00:11<00:09, 30.84it/s]
 65%|██████▍   | 508/782 [00:11<00:08, 31.47it/s]
 65%|██████▌   | 512/782 [00:11<00:08, 32.56it/s]
 66%|██████▌   | 516/782 [00:11<00:08, 31.86it/s]
 66%|██████▋   | 520/782 [00:12<00:08, 32.01it/s]
 67%|██████▋   | 524/782 [00:12<00:07, 32.51it/s]
 68%|██████▊   | 528/782 [00:12<00:07, 32.48it/s]
 68%|██████▊   | 532/782 [00:12<00:07, 31.70it/s]
 69%|██████▊   | 536/782 [00:12<00:07, 31.14it/s]
 69%|██████▉   | 540/782 [00:12<00:07, 30.29it/s]
 70%|██████▉   | 544/782 [00:12<00:07, 30.06it/s]
 70%|███████   | 548/782 [00:12<00:07, 31.79it/s]
 71%|███████   | 552/782 [00:13<00:06, 33.60it/s]
 71%|███████   | 556/782 [00:13<00:06, 34.46it/s]
 72%|███████▏  | 560/782 [00:13<00:06, 34.20it/s]
 72%|███████▏  | 564/782 [00:13<00:06, 31.29it/s]
 73%|███████▎  | 568/782 [00:13<00:06, 31.87it/s]
 73%|███████▎  | 572/782 [00:13<00:06, 30.83it/s]
 74%|███████▎  | 576/782 [00:13<00:06, 30.25it/s]
 74%|███████▍  | 580/782 [00:13<00:06, 30.41it/s]
 75%|███████▍  | 584/782 [00:14<00:06, 31.20it/s]
 75%|███████▌  | 588/782 [00:14<00:06, 31.84it/s]
 76%|███████▌  | 592/782 [00:14<00:06, 31.12it/s]
 76%|███████▌  | 596/782 [00:14<00:06, 30.30it/s]
 77%|███████▋  | 600/782 [00:14<00:06, 29.61it/s]
 77%|███████▋  | 604/782 [00:14<00:05, 29.83it/s]
 78%|███████▊  | 609/782 [00:14<00:05, 33.31it/s]
 78%|███████▊  | 613/782 [00:14<00:05, 32.95it/s]
 79%|███████▉  | 617/782 [00:15<00:04, 33.32it/s]
 79%|███████▉  | 621/782 [00:15<00:04, 34.54it/s]
 80%|███████▉  | 625/782 [00:15<00:04, 35.93it/s]
 81%|████████  | 630/782 [00:15<00:03, 38.51it/s]
 81%|████████  | 635/782 [00:15<00:03, 41.06it/s]
 82%|████████▏ | 640/782 [00:15<00:03, 41.48it/s]
 82%|████████▏ | 645/782 [00:15<00:03, 43.64it/s]
 83%|████████▎ | 651/782 [00:15<00:02, 46.89it/s]
 84%|████████▍ | 657/782 [00:15<00:02, 49.03it/s]
 85%|████████▍ | 662/782 [00:16<00:02, 49.15it/s]
 85%|████████▌ | 668/782 [00:16<00:02, 50.25it/s]
 86%|████████▌ | 674/782 [00:16<00:02, 52.59it/s]
 87%|████████▋ | 680/782 [00:16<00:01, 53.41it/s]
 88%|████████▊ | 686/782 [00:16<00:01, 54.49it/s]
 88%|████████▊ | 692/782 [00:16<00:01, 54.83it/s]
 89%|████████▉ | 698/782 [00:16<00:01, 54.50it/s]
 90%|█████████ | 704/782 [00:16<00:01, 52.04it/s]
 91%|█████████ | 710/782 [00:16<00:01, 50.86it/s]
 92%|█████████▏| 716/782 [00:17<00:01, 52.88it/s]
 92%|█████████▏| 722/782 [00:17<00:01, 51.95it/s]
 93%|█████████▎| 728/782 [00:17<00:01, 51.23it/s]
 94%|█████████▍| 734/782 [00:17<00:00, 50.08it/s]
 95%|█████████▍| 740/782 [00:17<00:00, 49.68it/s]
 95%|█████████▌| 745/782 [00:17<00:00, 49.55it/s]
 96%|█████████▌| 751/782 [00:17<00:00, 49.43it/s]
 97%|█████████▋| 756/782 [00:17<00:00, 49.27it/s]
 97%|█████████▋| 762/782 [00:17<00:00, 50.13it/s]
 98%|█████████▊| 768/782 [00:18<00:00, 52.14it/s]
 99%|█████████▉| 774/782 [00:18<00:00, 52.10it/s]
100%|█████████▉| 780/782 [00:18<00:00, 51.97it/s]
100%|██████████| 782/782 [00:18<00:00, 42.57it/s]
Traceback (most recent call last):
  File "/a/mm/ab/gpt/brute/ga/meta_evolution/run_fractal_evolution.py", line 253, in fitness_function
    result = evaluator.evaluate(filepath)
             ^^^^^^^^^^^^^^^^^^^^^^^^^^^^
  File "/a/mm/ab/gpt/util/Eval.py", line 107, in evaluate
    return api.check_nn(
           ^^^^^^^^^^^^^
  File "/a/mm/ab/nn/api.py", line 105, in check_nn
    return Train.train_new(nn_code, task, dataset, metric, prm, save_to_db=save_to_db, prefix=prefix, save_path=save_path, export_onnx=export_onnx,
           ^^^^^^^^^^^^^^^^^^^^^^^^^^^^^^^^^^^^^^^^^^^^^^^^^^^^^^^^^^^^^^^^^^^^^^^^^^^^^^^^^^^^^^^^^^^^^^^^^^^^^^^^^^^^^^^^^^^^^^^^^^^^^^^^^^^^^^^^
  File "/a/mm/ab/nn/util/Train.py", line 553, in train_new
    accuracy, accuracy_to_time, duration = trainer.train_n_eval(epoch, epoch_limit_minutes, False, export_onnx, train_set, save_path=save_path)
                                           ^^^^^^^^^^^^^^^^^^^^^^^^^^^^^^^^^^^^^^^^^^^^^^^^^^^^^^^^^^^^^^^^^^^^^^^^^^^^^^^^^^^^^^^^^^^^^^^^^^^^
  File "/a/mm/ab/nn/util/Train.py", line 367, in train_n_eval
    raise AccuracyException(accuracy, duration,
ab.nn.util.Exception.AccuracyException: (0.1, 44857246113, "Accuracy is too low: 0.1. The minimum accepted accuracy for the 'cifar-10' dataset is 0.1.")
Model instantiation succeeded.
The training environment is set up successfully, using the following device: cuda.
Simulated training data created successfully.
Training step executed successfully.
  Train Loss: 2.6462, Test Loss: 2.6460
  Train Acc: 0.1000, Test Acc: 0.1000
  LR: 0.000000, Grad Norm: 4.9068, Throughput: 1114.7 samples/s
accuracy_to_time_metric 0.0
Error during training: (0.1, 44857246113, "Accuracy is too low: 0.1. The minimum accepted accuracy for the 'cifar-10' dataset is 0.1.")
Eval Fail: (0.1, 44857246113, "Accuracy is too low: 0.1. The minimum accepted accuracy for the 'cifar-10' dataset is 0.1.")
  - Cleaned up temp file: /a/mm/ab/gpt/brute/ga/meta_evolution/ga_fractal_arch_cifar10/_tmp_GenFractalNet-c7c669e88a2b3714cb1675755b2fcb21.py
  Evaluating Individual 8/20 ---- Generation: 7/15
  - Evaluating unique arch (checksum: 53470713...)
Evaluating /a/mm/out_nneval_tmp_pid_300/nn/tmp/GenFractalNet-534707134d878d4a60ef40ec30997fc9-8fa24e0b71c318c30c141a579c79ae4e.py...
epoch 1

  0%|          | 0/782 [00:00<?, ?it/s]
  1%|          | 8/782 [00:00<00:09, 79.67it/s]
  2%|▏         | 19/782 [00:00<00:08, 95.29it/s]
  4%|▍         | 30/782 [00:00<00:07, 100.05it/s]
  5%|▌         | 43/782 [00:00<00:06, 108.04it/s]
  7%|▋         | 54/782 [00:00<00:06, 108.08it/s]
  8%|▊         | 66/782 [00:00<00:06, 111.83it/s]
 10%|▉         | 78/782 [00:00<00:06, 113.85it/s]
 12%|█▏        | 91/782 [00:00<00:05, 117.59it/s]
 13%|█▎        | 104/782 [00:00<00:05, 120.40it/s]
 15%|█▌        | 118/782 [00:01<00:05, 124.81it/s]
 17%|█▋        | 132/782 [00:01<00:05, 128.85it/s]
 19%|█▉        | 147/782 [00:01<00:04, 133.79it/s]
 21%|██        | 162/782 [00:01<00:04, 137.68it/s]
 23%|██▎       | 177/782 [00:01<00:04, 139.27it/s]
 25%|██▍       | 192/782 [00:01<00:04, 140.20it/s]
 26%|██▋       | 207/782 [00:01<00:04, 141.13it/s]
 28%|██▊       | 222/782 [00:01<00:03, 140.83it/s]
 30%|███       | 237/782 [00:01<00:03, 141.46it/s]
 32%|███▏      | 252/782 [00:01<00:03, 141.53it/s]
 34%|███▍      | 267/782 [00:02<00:03, 141.73it/s]
 36%|███▌      | 282/782 [00:02<00:03, 142.08it/s]
 38%|███▊      | 297/782 [00:02<00:03, 142.21it/s]
 40%|███▉      | 312/782 [00:02<00:03, 142.49it/s]
 42%|████▏     | 327/782 [00:02<00:03, 142.62it/s]
 44%|████▎     | 342/782 [00:02<00:03, 142.97it/s]
 46%|████▌     | 357/782 [00:02<00:02, 142.92it/s]
 48%|████▊     | 372/782 [00:02<00:02, 143.18it/s]
 49%|████▉     | 387/782 [00:02<00:02, 142.97it/s]
 51%|█████▏    | 402/782 [00:03<00:02, 142.83it/s]
 53%|█████▎    | 417/782 [00:03<00:02, 142.75it/s]
 55%|█████▌    | 432/782 [00:03<00:02, 143.24it/s]
 57%|█████▋    | 447/782 [00:03<00:02, 142.79it/s]
 59%|█████▉    | 462/782 [00:03<00:02, 141.62it/s]
 61%|██████    | 477/782 [00:03<00:02, 142.13it/s]
 63%|██████▎   | 492/782 [00:03<00:02, 139.74it/s]
 65%|██████▍   | 506/782 [00:03<00:01, 139.20it/s]
 66%|██████▋   | 520/782 [00:03<00:01, 136.03it/s]
 68%|██████▊   | 534/782 [00:03<00:01, 133.01it/s]
 70%|███████   | 548/782 [00:04<00:01, 130.39it/s]
 72%|███████▏  | 562/782 [00:04<00:01, 131.36it/s]
 74%|███████▎  | 576/782 [00:04<00:01, 130.38it/s]
 75%|███████▌  | 590/782 [00:04<00:01, 128.60it/s]
 77%|███████▋  | 603/782 [00:04<00:01, 128.76it/s]
 79%|███████▉  | 616/782 [00:04<00:01, 126.79it/s]
 80%|████████  | 629/782 [00:04<00:01, 122.33it/s]
 82%|████████▏ | 642/782 [00:04<00:01, 119.67it/s]
 84%|████████▎ | 654/782 [00:04<00:01, 119.00it/s]
 85%|████████▌ | 667/782 [00:05<00:00, 119.86it/s]
 87%|████████▋ | 679/782 [00:05<00:00, 116.70it/s]
 88%|████████▊ | 691/782 [00:05<00:00, 117.39it/s]
 90%|█████████ | 704/782 [00:05<00:00, 119.16it/s]
 92%|█████████▏| 717/782 [00:05<00:00, 121.48it/s]
 93%|█████████▎| 730/782 [00:05<00:00, 121.53it/s]
 95%|█████████▌| 743/782 [00:05<00:00, 120.98it/s]
 97%|█████████▋| 756/782 [00:05<00:00, 120.75it/s]
 98%|█████████▊| 769/782 [00:05<00:00, 119.80it/s]
100%|█████████▉| 781/782 [00:06<00:00, 119.39it/s]
100%|██████████| 782/782 [00:06<00:00, 129.13it/s]
Model instantiation succeeded.
The training environment is set up successfully, using the following device: cuda.
Simulated training data created successfully.
Training step executed successfully.
  Train Loss: 1.5620, Test Loss: 1.5633
  Train Acc: 0.4179, Test Acc: 0.4208
  LR: 0.000000, Grad Norm: 0.6963, Throughput: 2543.5 samples/s
accuracy_to_time_metric 1.6319018230396618
  - Saved stats (fallback) to: /a/mm/ab/gpt/brute/ga/meta_evolution/stats_cifar10/img-classification_cifar-10_acc_GenFractalNet-534707134d878d4a60ef40ec30997fc9/1.json
  - Model persisted to ga_fractal_arch_cifar10/ (stats verified: 1 JSON file(s))

  ========================================
  >>> FITNESS SCORE: 42.08%  (source: hyperparameters.accuracy, checksum: 534707134d878d4a60ef40ec30997fc9)
  ========================================

  Evaluating Individual 9/20 ---- Generation: 7/15
  - Evaluating unique arch (checksum: 90fdde2f...)
Evaluating /a/mm/out_nneval_tmp_pid_300/nn/tmp/GenFractalNet-90fdde2fa44545c4c1b6da9bff7315e1-8b45f2bb76ea766b43a0fd7b77ddccea.py...
epoch 1

  0%|          | 0/782 [00:00<?, ?it/s]
  1%|          | 7/782 [00:00<00:11, 67.30it/s]
  3%|▎         | 21/782 [00:00<00:07, 107.66it/s]
  4%|▍         | 35/782 [00:00<00:06, 120.96it/s]
  6%|▋         | 49/782 [00:00<00:05, 127.18it/s]
  8%|▊         | 63/782 [00:00<00:05, 130.70it/s]
 10%|▉         | 77/782 [00:00<00:05, 132.70it/s]
 12%|█▏        | 91/782 [00:00<00:05, 134.11it/s]
 13%|█▎        | 105/782 [00:00<00:05, 134.93it/s]
 15%|█▌        | 119/782 [00:00<00:04, 135.72it/s]
 17%|█▋        | 133/782 [00:01<00:04, 134.78it/s]
 19%|█▉        | 147/782 [00:01<00:04, 135.94it/s]
 21%|██        | 161/782 [00:01<00:04, 135.74it/s]
 22%|██▏       | 175/782 [00:01<00:04, 134.93it/s]
 24%|██▍       | 189/782 [00:01<00:04, 135.25it/s]
 26%|██▌       | 203/782 [00:01<00:04, 135.73it/s]
 28%|██▊       | 217/782 [00:01<00:04, 136.20it/s]
 30%|██▉       | 231/782 [00:01<00:04, 136.72it/s]
 31%|███▏      | 245/782 [00:01<00:03, 136.60it/s]
 33%|███▎      | 259/782 [00:01<00:03, 136.22it/s]
 35%|███▍      | 273/782 [00:02<00:03, 136.59it/s]
 37%|███▋      | 287/782 [00:02<00:03, 136.51it/s]
 38%|███▊      | 301/782 [00:02<00:03, 136.72it/s]
 40%|████      | 315/782 [00:02<00:03, 136.01it/s]
 42%|████▏     | 329/782 [00:02<00:03, 135.34it/s]
 44%|████▍     | 343/782 [00:02<00:03, 136.24it/s]
 46%|████▌     | 358/782 [00:02<00:03, 137.47it/s]
 48%|████▊     | 372/782 [00:02<00:02, 137.72it/s]
 49%|████▉     | 386/782 [00:02<00:02, 138.37it/s]
 51%|█████▏    | 401/782 [00:02<00:02, 138.86it/s]
 53%|█████▎    | 416/782 [00:03<00:02, 139.28it/s]
 55%|█████▍    | 430/782 [00:03<00:02, 138.95it/s]
 57%|█████▋    | 444/782 [00:03<00:02, 138.74it/s]
 59%|█████▊    | 458/782 [00:03<00:02, 138.96it/s]
 60%|██████    | 473/782 [00:03<00:02, 139.81it/s]
 62%|██████▏   | 488/782 [00:03<00:02, 140.80it/s]
 64%|██████▍   | 503/782 [00:03<00:01, 141.12it/s]
 66%|██████▌   | 518/782 [00:03<00:01, 141.00it/s]
 68%|██████▊   | 533/782 [00:03<00:01, 140.12it/s]
 70%|███████   | 548/782 [00:04<00:01, 141.05it/s]
 72%|███████▏  | 563/782 [00:04<00:01, 141.33it/s]
 74%|███████▍  | 578/782 [00:04<00:01, 141.70it/s]
 76%|███████▌  | 593/782 [00:04<00:01, 141.91it/s]
 78%|███████▊  | 608/782 [00:04<00:01, 141.64it/s]
 80%|███████▉  | 623/782 [00:04<00:01, 140.60it/s]
 82%|████████▏ | 638/782 [00:04<00:01, 132.11it/s]
 83%|████████▎ | 652/782 [00:04<00:00, 133.36it/s]
 85%|████████▌ | 667/782 [00:04<00:00, 135.52it/s]
 87%|████████▋ | 681/782 [00:05<00:00, 136.65it/s]
 89%|████████▉ | 696/782 [00:05<00:00, 137.79it/s]
 91%|█████████ | 710/782 [00:05<00:00, 138.36it/s]
 93%|█████████▎| 724/782 [00:05<00:00, 138.26it/s]
 94%|█████████▍| 738/782 [00:05<00:00, 137.94it/s]
 96%|█████████▌| 752/782 [00:05<00:00, 136.20it/s]
 98%|█████████▊| 766/782 [00:05<00:00, 134.40it/s]
100%|█████████▉| 780/782 [00:05<00:00, 133.78it/s]
100%|██████████| 782/782 [00:05<00:00, 135.34it/s]
Model instantiation succeeded.
The training environment is set up successfully, using the following device: cuda.
Simulated training data created successfully.
Training step executed successfully.
  Train Loss: 1.1705, Test Loss: 1.1915
  Train Acc: 0.6009, Test Acc: 0.5875
  LR: 0.000000, Grad Norm: 1.2070, Throughput: 2563.6 samples/s
accuracy_to_time_metric 2.4994449154544
  - Saved stats (fallback) to: /a/mm/ab/gpt/brute/ga/meta_evolution/stats_cifar10/img-classification_cifar-10_acc_GenFractalNet-90fdde2fa44545c4c1b6da9bff7315e1/1.json
  - Model persisted to ga_fractal_arch_cifar10/ (stats verified: 1 JSON file(s))

  ========================================
  >>> FITNESS SCORE: 58.75%  (source: hyperparameters.accuracy, checksum: 90fdde2fa44545c4c1b6da9bff7315e1)
  ========================================

  Evaluating Individual 10/20 ---- Generation: 7/15
  - Evaluating unique arch (checksum: edfe5e73...)
Evaluating /a/mm/out_nneval_tmp_pid_300/nn/tmp/GenFractalNet-edfe5e73f04ca8192323535d50d65a4f-aad2b1f0f703ddb3343225c0a8482e79.py...
epoch 1

  0%|          | 0/782 [00:00<?, ?it/s]
  1%|          | 7/782 [00:00<00:11, 67.27it/s]
  3%|▎         | 22/782 [00:00<00:06, 110.20it/s]
  5%|▍         | 37/782 [00:00<00:05, 124.65it/s]
  7%|▋         | 51/782 [00:00<00:05, 129.78it/s]
  8%|▊         | 66/782 [00:00<00:05, 134.21it/s]
 10%|█         | 81/782 [00:00<00:05, 137.00it/s]
 12%|█▏        | 96/782 [00:00<00:04, 138.68it/s]
 14%|█▍        | 111/782 [00:00<00:04, 140.18it/s]
 16%|█▌        | 126/782 [00:00<00:04, 141.12it/s]
 18%|█▊        | 141/782 [00:01<00:04, 141.51it/s]
 20%|█▉        | 156/782 [00:01<00:04, 141.27it/s]
 22%|██▏       | 171/782 [00:01<00:04, 141.71it/s]
 24%|██▍       | 186/782 [00:01<00:04, 142.05it/s]
 26%|██▌       | 201/782 [00:01<00:04, 141.72it/s]
 28%|██▊       | 216/782 [00:01<00:03, 142.17it/s]
 30%|██▉       | 231/782 [00:01<00:03, 142.09it/s]
 31%|███▏      | 246/782 [00:01<00:03, 142.41it/s]
 33%|███▎      | 261/782 [00:01<00:03, 142.14it/s]
 35%|███▌      | 276/782 [00:01<00:03, 142.42it/s]
 37%|███▋      | 291/782 [00:02<00:03, 142.40it/s]
 39%|███▉      | 306/782 [00:02<00:03, 142.12it/s]
 41%|████      | 321/782 [00:02<00:03, 142.25it/s]
 43%|████▎     | 336/782 [00:02<00:03, 141.60it/s]
 45%|████▍     | 351/782 [00:02<00:03, 140.38it/s]
 47%|████▋     | 366/782 [00:02<00:02, 140.59it/s]
 49%|████▊     | 381/782 [00:02<00:02, 141.14it/s]
 51%|█████     | 396/782 [00:02<00:02, 140.86it/s]
 53%|█████▎    | 411/782 [00:02<00:02, 139.00it/s]
 54%|█████▍    | 425/782 [00:03<00:02, 136.44it/s]
 56%|█████▌    | 439/782 [00:03<00:02, 137.03it/s]
 58%|█████▊    | 453/782 [00:03<00:02, 137.39it/s]
 60%|█████▉    | 467/782 [00:03<00:02, 135.42it/s]
 62%|██████▏   | 481/782 [00:03<00:02, 130.27it/s]
 63%|██████▎   | 495/782 [00:03<00:02, 131.41it/s]
 65%|██████▌   | 510/782 [00:03<00:02, 133.77it/s]
 67%|██████▋   | 524/782 [00:03<00:01, 132.84it/s]
 69%|██████▉   | 538/782 [00:03<00:01, 132.85it/s]
 71%|███████   | 552/782 [00:04<00:01, 133.91it/s]
 72%|███████▏  | 566/782 [00:04<00:01, 134.03it/s]
 74%|███████▍  | 580/782 [00:04<00:01, 134.05it/s]
 76%|███████▌  | 594/782 [00:04<00:01, 134.89it/s]
 78%|███████▊  | 608/782 [00:04<00:01, 135.20it/s]
 80%|███████▉  | 622/782 [00:04<00:01, 136.30it/s]
 81%|████████▏ | 637/782 [00:04<00:01, 138.12it/s]
 83%|████████▎ | 652/782 [00:04<00:00, 139.02it/s]
 85%|████████▌ | 667/782 [00:04<00:00, 139.44it/s]
 87%|████████▋ | 681/782 [00:04<00:00, 139.47it/s]
 89%|████████▉ | 696/782 [00:05<00:00, 139.82it/s]
 91%|█████████ | 710/782 [00:05<00:00, 139.29it/s]
 93%|█████████▎| 725/782 [00:05<00:00, 139.68it/s]
 95%|█████████▍| 740/782 [00:05<00:00, 140.18it/s]
 97%|█████████▋| 755/782 [00:05<00:00, 140.65it/s]
 98%|█████████▊| 770/782 [00:05<00:00, 141.04it/s]
100%|██████████| 782/782 [00:05<00:00, 137.15it/s]
Model instantiation succeeded.
The training environment is set up successfully, using the following device: cuda.
Simulated training data created successfully.
Training step executed successfully.
  Train Loss: 1.6201, Test Loss: 1.6170
  Train Acc: 0.4040, Test Acc: 0.4057
  LR: 0.000001, Grad Norm: 1.0945, Throughput: 2599.0 samples/s
accuracy_to_time_metric 1.5889956962623852
  - Saved stats (fallback) to: /a/mm/ab/gpt/brute/ga/meta_evolution/stats_cifar10/img-classification_cifar-10_acc_GenFractalNet-edfe5e73f04ca8192323535d50d65a4f/1.json
  - Model persisted to ga_fractal_arch_cifar10/ (stats verified: 1 JSON file(s))

  ========================================
  >>> FITNESS SCORE: 40.57%  (source: hyperparameters.accuracy, checksum: edfe5e73f04ca8192323535d50d65a4f)
  ========================================

  Evaluating Individual 11/20 ---- Generation: 7/15
  - Evaluating unique arch (checksum: 19071786...)
Evaluating /a/mm/out_nneval_tmp_pid_300/nn/tmp/GenFractalNet-19071786891248ec6c8c47dbdec9573a-f7206f97cdaa44df625727eaa64a033b.py...
epoch 1

  0%|          | 0/782 [00:00<?, ?it/s]
  1%|          | 8/782 [00:00<00:10, 77.16it/s]
  2%|▏         | 18/782 [00:00<00:08, 86.64it/s]
  3%|▎         | 27/782 [00:00<00:08, 86.73it/s]
  5%|▍         | 37/782 [00:00<00:08, 87.85it/s]
  6%|▌         | 46/782 [00:00<00:08, 86.95it/s]
  7%|▋         | 55/782 [00:00<00:08, 86.80it/s]
  8%|▊         | 64/782 [00:00<00:08, 87.37it/s]
  9%|▉         | 74/782 [00:00<00:07, 88.54it/s]
 11%|█         | 83/782 [00:00<00:07, 88.47it/s]
 12%|█▏        | 92/782 [00:01<00:07, 87.23it/s]
 13%|█▎        | 101/782 [00:01<00:07, 85.65it/s]
 14%|█▍        | 110/782 [00:01<00:07, 86.90it/s]
 15%|█▌        | 119/782 [00:01<00:07, 85.89it/s]
 16%|█▋        | 129/782 [00:01<00:07, 87.90it/s]
 18%|█▊        | 139/782 [00:01<00:07, 89.07it/s]
 19%|█▉        | 149/782 [00:01<00:06, 90.97it/s]
 20%|██        | 159/782 [00:01<00:06, 91.36it/s]
 22%|██▏       | 169/782 [00:01<00:06, 92.90it/s]
 23%|██▎       | 179/782 [00:02<00:06, 92.31it/s]
 24%|██▍       | 189/782 [00:02<00:06, 93.06it/s]
 25%|██▌       | 199/782 [00:02<00:06, 92.23it/s]
 27%|██▋       | 209/782 [00:02<00:06, 91.58it/s]
 28%|██▊       | 219/782 [00:02<00:06, 90.85it/s]
 29%|██▉       | 229/782 [00:02<00:05, 92.64it/s]
 31%|███       | 240/782 [00:02<00:05, 95.93it/s]
 32%|███▏      | 252/782 [00:02<00:05, 102.02it/s]
 34%|███▍      | 264/782 [00:02<00:04, 105.19it/s]
 35%|███▌      | 276/782 [00:02<00:04, 108.55it/s]
 37%|███▋      | 288/782 [00:03<00:04, 110.62it/s]
 38%|███▊      | 300/782 [00:03<00:04, 111.94it/s]
 40%|███▉      | 312/782 [00:03<00:04, 110.16it/s]
 41%|████▏     | 324/782 [00:03<00:04, 108.92it/s]
 43%|████▎     | 335/782 [00:03<00:04, 108.81it/s]
 44%|████▍     | 347/782 [00:03<00:03, 109.98it/s]
 46%|████▌     | 359/782 [00:03<00:03, 110.99it/s]
 47%|████▋     | 371/782 [00:03<00:03, 110.69it/s]
 49%|████▉     | 383/782 [00:03<00:03, 110.63it/s]
 51%|█████     | 395/782 [00:04<00:03, 109.71it/s]
 52%|█████▏    | 407/782 [00:04<00:03, 111.89it/s]
 54%|█████▎    | 419/782 [00:04<00:03, 112.17it/s]
 55%|█████▌    | 431/782 [00:04<00:03, 112.19it/s]
 57%|█████▋    | 443/782 [00:04<00:02, 113.22it/s]
 58%|█████▊    | 455/782 [00:04<00:02, 114.52it/s]
 60%|█████▉    | 467/782 [00:04<00:02, 114.62it/s]
 61%|██████▏   | 479/782 [00:04<00:02, 114.78it/s]
 63%|██████▎   | 492/782 [00:04<00:02, 116.61it/s]
 64%|██████▍   | 504/782 [00:04<00:02, 117.28it/s]
 66%|██████▌   | 516/782 [00:05<00:02, 115.70it/s]
 68%|██████▊   | 528/782 [00:05<00:02, 115.63it/s]
 69%|██████▉   | 540/782 [00:05<00:02, 115.30it/s]
 71%|███████   | 552/782 [00:05<00:02, 113.95it/s]
 72%|███████▏  | 564/782 [00:05<00:01, 114.63it/s]
 74%|███████▎  | 576/782 [00:05<00:01, 113.21it/s]
 75%|███████▌  | 588/782 [00:05<00:01, 114.80it/s]
 77%|███████▋  | 600/782 [00:05<00:01, 115.15it/s]
 78%|███████▊  | 612/782 [00:05<00:01, 112.79it/s]
 80%|███████▉  | 624/782 [00:06<00:01, 112.69it/s]
 81%|████████▏ | 636/782 [00:06<00:01, 113.57it/s]
 83%|████████▎ | 648/782 [00:06<00:01, 112.54it/s]
 84%|████████▍ | 660/782 [00:06<00:01, 113.34it/s]
 86%|████████▌ | 672/782 [00:06<00:00, 112.40it/s]
 87%|████████▋ | 684/782 [00:06<00:00, 110.26it/s]
 89%|████████▉ | 696/782 [00:06<00:00, 110.01it/s]
 91%|█████████ | 708/782 [00:06<00:00, 112.02it/s]
 92%|█████████▏| 720/782 [00:06<00:00, 113.92it/s]
 94%|█████████▎| 732/782 [00:07<00:00, 112.26it/s]
 95%|█████████▌| 745/782 [00:07<00:00, 115.06it/s]
 97%|█████████▋| 757/782 [00:07<00:00, 114.52it/s]
 98%|█████████▊| 769/782 [00:07<00:00, 111.04it/s]
100%|█████████▉| 781/782 [00:07<00:00, 109.59it/s]
100%|██████████| 782/782 [00:07<00:00, 104.32it/s]
Model instantiation succeeded.
The training environment is set up successfully, using the following device: cuda.
Simulated training data created successfully.
Training step executed successfully.
  Train Loss: 1.3049, Test Loss: 1.3099
  Train Acc: 0.5333, Test Acc: 0.5339
  LR: 0.000000, Grad Norm: 5.0000, Throughput: 2379.6 samples/s
accuracy_to_time_metric 2.064978920214988
  - Saved stats (fallback) to: /a/mm/ab/gpt/brute/ga/meta_evolution/stats_cifar10/img-classification_cifar-10_acc_GenFractalNet-19071786891248ec6c8c47dbdec9573a/1.json
  - Model persisted to ga_fractal_arch_cifar10/ (stats verified: 1 JSON file(s))

  ========================================
  >>> FITNESS SCORE: 53.39%  (source: hyperparameters.accuracy, checksum: 19071786891248ec6c8c47dbdec9573a)
  ========================================

  Evaluating Individual 12/20 ---- Generation: 7/15
  - Evaluating unique arch (checksum: d1f59397...)
Evaluating /a/mm/out_nneval_tmp_pid_300/nn/tmp/GenFractalNet-d1f593974e7647bc0639fc51bc17793b-9dcef659eee30ed4d81a091578e47835.py...
epoch 1

  0%|          | 0/782 [00:00<?, ?it/s]
  1%|          | 8/782 [00:00<00:09, 78.34it/s]
  3%|▎         | 23/782 [00:00<00:06, 115.87it/s]
  5%|▍         | 38/782 [00:00<00:05, 127.47it/s]
  7%|▋         | 53/782 [00:00<00:05, 132.66it/s]
  9%|▊         | 68/782 [00:00<00:05, 135.77it/s]
 11%|█         | 83/782 [00:00<00:05, 137.86it/s]
 13%|█▎        | 98/782 [00:00<00:04, 139.10it/s]
 14%|█▍        | 113/782 [00:00<00:04, 140.03it/s]
 16%|█▋        | 128/782 [00:00<00:04, 140.46it/s]
 18%|█▊        | 143/782 [00:01<00:04, 141.19it/s]
 20%|██        | 158/782 [00:01<00:04, 141.51it/s]
 22%|██▏       | 173/782 [00:01<00:04, 141.90it/s]
 24%|██▍       | 188/782 [00:01<00:04, 141.26it/s]
 26%|██▌       | 203/782 [00:01<00:04, 141.47it/s]
 28%|██▊       | 218/782 [00:01<00:03, 141.64it/s]
 30%|██▉       | 233/782 [00:01<00:03, 141.96it/s]
 32%|███▏      | 248/782 [00:01<00:03, 142.16it/s]
 34%|███▎      | 263/782 [00:01<00:03, 138.70it/s]
 35%|███▌      | 277/782 [00:02<00:03, 136.70it/s]
 37%|███▋      | 292/782 [00:02<00:03, 138.39it/s]
 39%|███▉      | 307/782 [00:02<00:03, 139.20it/s]
 41%|████      | 322/782 [00:02<00:03, 140.08it/s]
 43%|████▎     | 337/782 [00:02<00:03, 140.28it/s]
 45%|████▌     | 352/782 [00:02<00:03, 140.92it/s]
 47%|████▋     | 367/782 [00:02<00:02, 140.75it/s]
 49%|████▉     | 382/782 [00:02<00:02, 141.11it/s]
 51%|█████     | 397/782 [00:02<00:02, 141.05it/s]
 53%|█████▎    | 412/782 [00:02<00:02, 141.25it/s]
 55%|█████▍    | 427/782 [00:03<00:02, 141.59it/s]
 57%|█████▋    | 442/782 [00:03<00:02, 140.76it/s]
 58%|█████▊    | 457/782 [00:03<00:02, 141.07it/s]
 60%|██████    | 472/782 [00:03<00:02, 140.87it/s]
 62%|██████▏   | 487/782 [00:03<00:02, 141.39it/s]
 64%|██████▍   | 502/782 [00:03<00:01, 141.22it/s]
 66%|██████▌   | 517/782 [00:03<00:01, 141.59it/s]
 68%|██████▊   | 532/782 [00:03<00:01, 141.28it/s]
 70%|██████▉   | 547/782 [00:03<00:01, 141.16it/s]
 72%|███████▏  | 562/782 [00:04<00:01, 141.53it/s]
 74%|███████▍  | 577/782 [00:04<00:01, 141.68it/s]
 76%|███████▌  | 592/782 [00:04<00:01, 141.91it/s]
 78%|███████▊  | 607/782 [00:04<00:01, 141.98it/s]
 80%|███████▉  | 622/782 [00:04<00:01, 142.14it/s]
 81%|████████▏ | 637/782 [00:04<00:01, 142.06it/s]
 83%|████████▎ | 652/782 [00:04<00:00, 142.24it/s]
 85%|████████▌ | 667/782 [00:04<00:00, 142.36it/s]
 87%|████████▋ | 682/782 [00:04<00:00, 142.32it/s]
 89%|████████▉ | 697/782 [00:04<00:00, 142.29it/s]
 91%|█████████ | 712/782 [00:05<00:00, 142.23it/s]
 93%|█████████▎| 727/782 [00:05<00:00, 141.82it/s]
 95%|█████████▍| 742/782 [00:05<00:00, 138.19it/s]
 97%|█████████▋| 756/782 [00:05<00:00, 137.94it/s]
 98%|█████████▊| 770/782 [00:05<00:00, 137.82it/s]
100%|██████████| 782/782 [00:05<00:00, 138.93it/s]
Model instantiation succeeded.
The training environment is set up successfully, using the following device: cuda.
Simulated training data created successfully.
Training step executed successfully.
  Train Loss: 1.4425, Test Loss: 1.4399
  Train Acc: 0.4784, Test Acc: 0.4780
  LR: 0.000000, Grad Norm: 4.5506, Throughput: 2574.1 samples/s
accuracy_to_time_metric 1.945972176048019
  - Saved stats (fallback) to: /a/mm/ab/gpt/brute/ga/meta_evolution/stats_cifar10/img-classification_cifar-10_acc_GenFractalNet-d1f593974e7647bc0639fc51bc17793b/1.json
  - Model persisted to ga_fractal_arch_cifar10/ (stats verified: 1 JSON file(s))

  ========================================
  >>> FITNESS SCORE: 47.80%  (source: hyperparameters.accuracy, checksum: d1f593974e7647bc0639fc51bc17793b)
  ========================================

  [Archive] Cell (3, 16) updated with fitness: 47.8000
  Evaluating Individual 13/20 ---- Generation: 7/15
  - Evaluating unique arch (checksum: 3b1432ed...)
Evaluating /a/mm/out_nneval_tmp_pid_300/nn/tmp/GenFractalNet-3b1432ed9ced8c6b8b451e215595842d-04c1c80cea01930e982b8b2166df9d8e.py...
epoch 1

  0%|          | 0/782 [00:00<?, ?it/s]
  1%|          | 9/782 [00:00<00:09, 84.21it/s]
  3%|▎         | 24/782 [00:00<00:06, 118.55it/s]
  5%|▍         | 39/782 [00:00<00:05, 129.24it/s]
  7%|▋         | 54/782 [00:00<00:05, 134.57it/s]
  9%|▉         | 69/782 [00:00<00:05, 137.70it/s]
 11%|█         | 84/782 [00:00<00:05, 139.44it/s]
 13%|█▎        | 99/782 [00:00<00:04, 140.66it/s]
 15%|█▍        | 114/782 [00:00<00:04, 140.31it/s]
 16%|█▋        | 129/782 [00:00<00:04, 141.49it/s]
 18%|█▊        | 144/782 [00:01<00:04, 141.89it/s]
 20%|██        | 159/782 [00:01<00:04, 142.26it/s]
 22%|██▏       | 174/782 [00:01<00:04, 142.66it/s]
 24%|██▍       | 189/782 [00:01<00:04, 142.68it/s]
 26%|██▌       | 204/782 [00:01<00:04, 141.99it/s]
 28%|██▊       | 219/782 [00:01<00:03, 141.89it/s]
 30%|██▉       | 234/782 [00:01<00:03, 142.00it/s]
 32%|███▏      | 249/782 [00:01<00:03, 142.49it/s]
 34%|███▍      | 264/782 [00:01<00:03, 142.47it/s]
 36%|███▌      | 279/782 [00:02<00:03, 141.92it/s]
 38%|███▊      | 294/782 [00:02<00:03, 142.21it/s]
 40%|███▉      | 309/782 [00:02<00:03, 142.34it/s]
 41%|████▏     | 324/782 [00:02<00:03, 142.34it/s]
 43%|████▎     | 339/782 [00:02<00:03, 142.32it/s]
 45%|████▌     | 354/782 [00:02<00:03, 141.51it/s]
 47%|████▋     | 369/782 [00:02<00:03, 136.00it/s]
 49%|████▉     | 383/782 [00:02<00:02, 135.53it/s]
 51%|█████     | 398/782 [00:02<00:02, 137.47it/s]
 53%|█████▎    | 413/782 [00:02<00:02, 138.67it/s]
 55%|█████▍    | 428/782 [00:03<00:02, 139.49it/s]
 57%|█████▋    | 443/782 [00:03<00:02, 140.65it/s]
 59%|█████▊    | 458/782 [00:03<00:02, 140.96it/s]
 60%|██████    | 473/782 [00:03<00:02, 141.61it/s]
 62%|██████▏   | 488/782 [00:03<00:02, 141.97it/s]
 64%|██████▍   | 503/782 [00:03<00:01, 142.23it/s]
 66%|██████▌   | 518/782 [00:03<00:01, 142.51it/s]
 68%|██████▊   | 533/782 [00:03<00:01, 142.60it/s]
 70%|███████   | 548/782 [00:03<00:01, 142.89it/s]
 72%|███████▏  | 563/782 [00:04<00:01, 142.79it/s]
 74%|███████▍  | 578/782 [00:04<00:01, 142.93it/s]
 76%|███████▌  | 593/782 [00:04<00:01, 143.17it/s]
 78%|███████▊  | 608/782 [00:04<00:01, 143.01it/s]
 80%|███████▉  | 623/782 [00:04<00:01, 142.82it/s]
 82%|████████▏ | 638/782 [00:04<00:01, 143.07it/s]
 84%|████████▎ | 653/782 [00:04<00:00, 143.05it/s]
 85%|████████▌ | 668/782 [00:04<00:00, 142.97it/s]
 87%|████████▋ | 683/782 [00:04<00:00, 142.78it/s]
 89%|████████▉ | 698/782 [00:04<00:00, 142.66it/s]
 91%|█████████ | 713/782 [00:05<00:00, 142.93it/s]
 93%|█████████▎| 728/782 [00:05<00:00, 142.83it/s]
 95%|█████████▌| 743/782 [00:05<00:00, 143.05it/s]
 97%|█████████▋| 758/782 [00:05<00:00, 142.96it/s]
 99%|█████████▉| 773/782 [00:05<00:00, 142.81it/s]
100%|██████████| 782/782 [00:05<00:00, 140.19it/s]
Model instantiation succeeded.
The training environment is set up successfully, using the following device: cuda.
Simulated training data created successfully.
Training step executed successfully.
  Train Loss: 1.6049, Test Loss: 1.6013
  Train Acc: 0.4093, Test Acc: 0.4116
  LR: 0.000001, Grad Norm: 0.6538, Throughput: 2615.6 samples/s
accuracy_to_time_metric 1.6300203762031067
  - Saved stats (fallback) to: /a/mm/ab/gpt/brute/ga/meta_evolution/stats_cifar10/img-classification_cifar-10_acc_GenFractalNet-3b1432ed9ced8c6b8b451e215595842d/1.json
  - Model persisted to ga_fractal_arch_cifar10/ (stats verified: 1 JSON file(s))

  ========================================
  >>> FITNESS SCORE: 41.16%  (source: hyperparameters.accuracy, checksum: 3b1432ed9ced8c6b8b451e215595842d)
  ========================================

  Evaluating Individual 14/20 ---- Generation: 7/15
  - Evaluating unique arch (checksum: 42792145...)
Evaluating /a/mm/out_nneval_tmp_pid_300/nn/tmp/GenFractalNet-42792145afc6d0f56c4e222483a41878-768917a6ec93a2b8369c55e4ef57f093.py...
epoch 1

  0%|          | 0/782 [00:00<?, ?it/s]
  1%|          | 7/782 [00:00<00:11, 69.18it/s]
  3%|▎         | 21/782 [00:00<00:06, 109.11it/s]
  4%|▍         | 35/782 [00:00<00:06, 122.59it/s]
  6%|▋         | 49/782 [00:00<00:05, 128.33it/s]
  8%|▊         | 63/782 [00:00<00:05, 129.89it/s]
 10%|▉         | 77/782 [00:00<00:05, 132.90it/s]
 12%|█▏        | 92/782 [00:00<00:05, 137.62it/s]
 14%|█▎        | 107/782 [00:00<00:04, 138.90it/s]
 16%|█▌        | 122/782 [00:00<00:04, 139.74it/s]
 17%|█▋        | 136/782 [00:01<00:04, 138.90it/s]
 19%|█▉        | 150/782 [00:01<00:04, 138.46it/s]
 21%|██        | 164/782 [00:01<00:04, 138.42it/s]
 23%|██▎       | 179/782 [00:01<00:04, 139.31it/s]
 25%|██▍       | 193/782 [00:01<00:04, 138.33it/s]
 26%|██▋       | 207/782 [00:01<00:04, 137.94it/s]
 28%|██▊       | 222/782 [00:01<00:04, 138.60it/s]
 30%|███       | 236/782 [00:01<00:03, 138.48it/s]
 32%|███▏      | 250/782 [00:01<00:03, 137.98it/s]
 34%|███▍      | 264/782 [00:01<00:03, 138.43it/s]
 36%|███▌      | 278/782 [00:02<00:03, 138.26it/s]
 37%|███▋      | 292/782 [00:02<00:03, 138.72it/s]
 39%|███▉      | 306/782 [00:02<00:03, 138.91it/s]
 41%|████      | 320/782 [00:02<00:03, 136.41it/s]
 43%|████▎     | 334/782 [00:02<00:03, 136.69it/s]
 45%|████▍     | 348/782 [00:02<00:03, 137.43it/s]
 46%|████▋     | 363/782 [00:02<00:03, 138.54it/s]
 48%|████▊     | 377/782 [00:02<00:02, 138.84it/s]
 50%|█████     | 391/782 [00:02<00:02, 138.78it/s]
 52%|█████▏    | 405/782 [00:02<00:02, 134.80it/s]
 54%|█████▎    | 419/782 [00:03<00:02, 128.01it/s]
 55%|█████▌    | 433/782 [00:03<00:02, 130.16it/s]
 57%|█████▋    | 447/782 [00:03<00:02, 131.32it/s]
 59%|█████▉    | 461/782 [00:03<00:02, 132.91it/s]
 61%|██████    | 475/782 [00:03<00:02, 133.97it/s]
 63%|██████▎   | 489/782 [00:03<00:02, 134.74it/s]
 64%|██████▍   | 504/782 [00:03<00:02, 136.47it/s]
 66%|██████▋   | 519/782 [00:03<00:01, 138.49it/s]
 68%|██████▊   | 534/782 [00:03<00:01, 139.92it/s]
 70%|███████   | 549/782 [00:04<00:01, 140.81it/s]
 72%|███████▏  | 564/782 [00:04<00:01, 141.11it/s]
 74%|███████▍  | 579/782 [00:04<00:01, 140.93it/s]
 76%|███████▌  | 594/782 [00:04<00:01, 139.12it/s]
 78%|███████▊  | 608/782 [00:04<00:01, 138.16it/s]
 80%|███████▉  | 623/782 [00:04<00:01, 138.75it/s]
 82%|████████▏ | 638/782 [00:04<00:01, 139.21it/s]
 84%|████████▎ | 653/782 [00:04<00:00, 139.84it/s]
 85%|████████▌ | 667/782 [00:04<00:00, 139.74it/s]
 87%|████████▋ | 682/782 [00:04<00:00, 140.02it/s]
 89%|████████▉ | 697/782 [00:05<00:00, 140.84it/s]
 91%|█████████ | 712/782 [00:05<00:00, 140.95it/s]
 93%|█████████▎| 727/782 [00:05<00:00, 140.42it/s]
 95%|█████████▍| 742/782 [00:05<00:00, 139.77it/s]
 97%|█████████▋| 757/782 [00:05<00:00, 140.06it/s]
 99%|█████████▊| 772/782 [00:05<00:00, 139.74it/s]
100%|██████████| 782/782 [00:05<00:00, 136.19it/s]
Model instantiation succeeded.
The training environment is set up successfully, using the following device: cuda.
Simulated training data created successfully.
Training step executed successfully.
  Train Loss: 1.3645, Test Loss: 1.3605
  Train Acc: 0.5226, Test Acc: 0.5203
  LR: 0.000000, Grad Norm: 0.3422, Throughput: 2590.8 samples/s
accuracy_to_time_metric 2.1778058178161412
  - Saved stats (fallback) to: /a/mm/ab/gpt/brute/ga/meta_evolution/stats_cifar10/img-classification_cifar-10_acc_GenFractalNet-42792145afc6d0f56c4e222483a41878/1.json
  - Model persisted to ga_fractal_arch_cifar10/ (stats verified: 1 JSON file(s))

  ========================================
  >>> FITNESS SCORE: 52.03%  (source: hyperparameters.accuracy, checksum: 42792145afc6d0f56c4e222483a41878)
  ========================================

  Evaluating Individual 15/20 ---- Generation: 7/15
  - Evaluating unique arch (checksum: 5583a72c...)
Evaluating /a/mm/out_nneval_tmp_pid_300/nn/tmp/GenFractalNet-5583a72c9094b56abc4e3911f1adc805-1db8c02e1734c0f20ced356ab295c8ff.py...
epoch 1

  0%|          | 0/782 [00:00<?, ?it/s]
  1%|          | 8/782 [00:00<00:10, 75.95it/s]
  3%|▎         | 23/782 [00:00<00:06, 114.74it/s]
  5%|▍         | 37/782 [00:00<00:05, 125.86it/s]
  7%|▋         | 52/782 [00:00<00:05, 131.95it/s]
  9%|▊         | 67/782 [00:00<00:05, 135.85it/s]
 10%|█         | 82/782 [00:00<00:05, 138.50it/s]
 12%|█▏        | 97/782 [00:00<00:04, 140.13it/s]
 14%|█▍        | 112/782 [00:00<00:04, 141.28it/s]
 16%|█▌        | 127/782 [00:00<00:04, 142.01it/s]
 18%|█▊        | 142/782 [00:01<00:04, 139.21it/s]
 20%|██        | 157/782 [00:01<00:04, 140.07it/s]
 22%|██▏       | 172/782 [00:01<00:04, 141.02it/s]
 24%|██▍       | 187/782 [00:01<00:04, 141.82it/s]
 26%|██▌       | 202/782 [00:01<00:04, 142.00it/s]
 28%|██▊       | 217/782 [00:01<00:03, 142.29it/s]
 30%|██▉       | 232/782 [00:01<00:03, 142.53it/s]
 32%|███▏      | 247/782 [00:01<00:03, 142.91it/s]
 34%|███▎      | 262/782 [00:01<00:03, 143.18it/s]
 35%|███▌      | 277/782 [00:01<00:03, 143.36it/s]
 37%|███▋      | 292/782 [00:02<00:03, 143.38it/s]
 39%|███▉      | 307/782 [00:02<00:03, 142.94it/s]
 41%|████      | 322/782 [00:02<00:03, 142.86it/s]
 43%|████▎     | 337/782 [00:02<00:03, 142.22it/s]
 45%|████▌     | 352/782 [00:02<00:03, 142.20it/s]
 47%|████▋     | 367/782 [00:02<00:03, 136.08it/s]
 49%|████▊     | 381/782 [00:02<00:03, 133.54it/s]
 51%|█████     | 396/782 [00:02<00:02, 136.04it/s]
 53%|█████▎    | 411/782 [00:02<00:02, 137.75it/s]
 54%|█████▍    | 426/782 [00:03<00:02, 139.22it/s]
 56%|█████▋    | 441/782 [00:03<00:02, 140.43it/s]
 58%|█████▊    | 456/782 [00:03<00:02, 141.10it/s]
 60%|██████    | 471/782 [00:03<00:02, 141.56it/s]
 62%|██████▏   | 486/782 [00:03<00:02, 141.64it/s]
 64%|██████▍   | 501/782 [00:03<00:01, 142.35it/s]
 66%|██████▌   | 516/782 [00:03<00:01, 142.68it/s]
 68%|██████▊   | 531/782 [00:03<00:01, 142.77it/s]
 70%|██████▉   | 546/782 [00:03<00:01, 142.57it/s]
 72%|███████▏  | 561/782 [00:04<00:01, 142.00it/s]
 74%|███████▎  | 576/782 [00:04<00:01, 142.42it/s]
 76%|███████▌  | 591/782 [00:04<00:01, 142.50it/s]
 77%|███████▋  | 606/782 [00:04<00:01, 142.72it/s]
 79%|███████▉  | 621/782 [00:04<00:01, 142.09it/s]
 81%|████████▏ | 636/782 [00:04<00:01, 142.29it/s]
 83%|████████▎ | 651/782 [00:04<00:00, 142.07it/s]
 85%|████████▌ | 666/782 [00:04<00:00, 142.65it/s]
 87%|████████▋ | 681/782 [00:04<00:00, 142.54it/s]
 89%|████████▉ | 696/782 [00:04<00:00, 142.92it/s]
 91%|█████████ | 711/782 [00:05<00:00, 143.09it/s]
 93%|█████████▎| 726/782 [00:05<00:00, 143.00it/s]
 95%|█████████▍| 741/782 [00:05<00:00, 143.14it/s]
 97%|█████████▋| 756/782 [00:05<00:00, 143.27it/s]
 99%|█████████▊| 771/782 [00:05<00:00, 142.68it/s]
100%|██████████| 782/782 [00:05<00:00, 139.54it/s]
Model instantiation succeeded.
The training environment is set up successfully, using the following device: cuda.
Simulated training data created successfully.
Training step executed successfully.
  Train Loss: 1.3256, Test Loss: 1.3279
  Train Acc: 0.5533, Test Acc: 0.5494
  LR: 0.000000, Grad Norm: 1.6653, Throughput: 2605.3 samples/s
accuracy_to_time_metric 2.3416222443493275
  - Saved stats (fallback) to: /a/mm/ab/gpt/brute/ga/meta_evolution/stats_cifar10/img-classification_cifar-10_acc_GenFractalNet-5583a72c9094b56abc4e3911f1adc805/1.json
  - Model persisted to ga_fractal_arch_cifar10/ (stats verified: 1 JSON file(s))

  ========================================
  >>> FITNESS SCORE: 54.94%  (source: hyperparameters.accuracy, checksum: 5583a72c9094b56abc4e3911f1adc805)
  ========================================

  [Archive] Cell (2, 16) updated with fitness: 54.9400
  Evaluating Individual 16/20 ---- Generation: 7/15
  - Evaluating unique arch (checksum: 3e4efcb3...)
Evaluating /a/mm/out_nneval_tmp_pid_300/nn/tmp/GenFractalNet-3e4efcb3b8fd50b6c643ddd52d9bbffc-300ea76ded4538ca52be71bc83b5222c.py...
epoch 1

  0%|          | 0/782 [00:00<?, ?it/s]
  1%|          | 7/782 [00:00<00:11, 68.92it/s]
  3%|▎         | 22/782 [00:00<00:06, 112.47it/s]
  5%|▍         | 37/782 [00:00<00:05, 126.20it/s]
  7%|▋         | 52/782 [00:00<00:05, 132.38it/s]
  9%|▊         | 67/782 [00:00<00:05, 136.76it/s]
 10%|█         | 82/782 [00:00<00:05, 139.17it/s]
 12%|█▏        | 97/782 [00:00<00:04, 141.00it/s]
 14%|█▍        | 112/782 [00:00<00:04, 141.70it/s]
 16%|█▌        | 127/782 [00:00<00:04, 142.38it/s]
 18%|█▊        | 142/782 [00:01<00:04, 142.82it/s]
 20%|██        | 157/782 [00:01<00:04, 143.26it/s]
 22%|██▏       | 172/782 [00:01<00:04, 143.44it/s]
 24%|██▍       | 187/782 [00:01<00:04, 143.49it/s]
 26%|██▌       | 202/782 [00:01<00:04, 143.66it/s]
 28%|██▊       | 217/782 [00:01<00:03, 143.89it/s]
 30%|██▉       | 232/782 [00:01<00:03, 143.98it/s]
 32%|███▏      | 247/782 [00:01<00:03, 143.93it/s]
 34%|███▎      | 262/782 [00:01<00:03, 143.83it/s]
 35%|███▌      | 277/782 [00:01<00:03, 143.67it/s]
 37%|███▋      | 292/782 [00:02<00:03, 143.34it/s]
 39%|███▉      | 307/782 [00:02<00:03, 143.18it/s]
 41%|████      | 322/782 [00:02<00:03, 143.42it/s]
 43%|████▎     | 337/782 [00:02<00:03, 142.88it/s]
 45%|████▌     | 352/782 [00:02<00:03, 142.92it/s]
 47%|████▋     | 367/782 [00:02<00:02, 142.66it/s]
 49%|████▉     | 382/782 [00:02<00:02, 142.87it/s]
 51%|█████     | 397/782 [00:02<00:02, 142.89it/s]
 53%|█████▎    | 412/782 [00:02<00:02, 142.93it/s]
 55%|█████▍    | 427/782 [00:03<00:02, 140.73it/s]
 57%|█████▋    | 442/782 [00:03<00:02, 139.29it/s]
 58%|█████▊    | 457/782 [00:03<00:02, 140.05it/s]
 60%|██████    | 472/782 [00:03<00:02, 140.71it/s]
 62%|██████▏   | 487/782 [00:03<00:02, 140.32it/s]
 64%|██████▍   | 502/782 [00:03<00:01, 141.00it/s]
 66%|██████▌   | 517/782 [00:03<00:01, 141.23it/s]
 68%|██████▊   | 532/782 [00:03<00:01, 141.71it/s]
 70%|██████▉   | 547/782 [00:03<00:01, 142.19it/s]
 72%|███████▏  | 562/782 [00:03<00:01, 142.09it/s]
 74%|███████▍  | 577/782 [00:04<00:01, 142.60it/s]
 76%|███████▌  | 592/782 [00:04<00:01, 142.45it/s]
 78%|███████▊  | 607/782 [00:04<00:01, 142.44it/s]
 80%|███████▉  | 622/782 [00:04<00:01, 141.76it/s]
 81%|████████▏ | 637/782 [00:04<00:01, 142.21it/s]
 83%|████████▎ | 652/782 [00:04<00:00, 141.60it/s]
 85%|████████▌ | 667/782 [00:04<00:00, 141.85it/s]
 87%|████████▋ | 682/782 [00:04<00:00, 141.08it/s]
 89%|████████▉ | 697/782 [00:04<00:00, 140.91it/s]
 91%|█████████ | 712/782 [00:05<00:00, 141.25it/s]
 93%|█████████▎| 727/782 [00:05<00:00, 141.60it/s]
 95%|█████████▍| 742/782 [00:05<00:00, 142.21it/s]
 97%|█████████▋| 757/782 [00:05<00:00, 142.17it/s]
 99%|█████████▊| 772/782 [00:05<00:00, 142.39it/s]
100%|██████████| 782/782 [00:05<00:00, 140.01it/s]
Model instantiation succeeded.
The training environment is set up successfully, using the following device: cuda.
Simulated training data created successfully.
Training step executed successfully.
  Train Loss: 1.2146, Test Loss: 1.2184
  Train Acc: 0.5702, Test Acc: 0.5717
  LR: 0.000000, Grad Norm: 2.7691, Throughput: 2576.2 samples/s
accuracy_to_time_metric 2.43030214558568
  - Saved stats (fallback) to: /a/mm/ab/gpt/brute/ga/meta_evolution/stats_cifar10/img-classification_cifar-10_acc_GenFractalNet-3e4efcb3b8fd50b6c643ddd52d9bbffc/1.json
  - Model persisted to ga_fractal_arch_cifar10/ (stats verified: 1 JSON file(s))

  ========================================
  >>> FITNESS SCORE: 57.17%  (source: hyperparameters.accuracy, checksum: 3e4efcb3b8fd50b6c643ddd52d9bbffc)
  ========================================

  [Archive] Cell (3.0, 16) updated with fitness: 57.1700
  Evaluating Individual 17/20 ---- Generation: 7/15
  - Evaluating unique arch (checksum: 6996f36a...)
Evaluating /a/mm/out_nneval_tmp_pid_300/nn/tmp/GenFractalNet-6996f36a75424ad1e30250006c91f33f-90a0c1ca9ed1ec251ec3e5c86e6b2a8c.py...
epoch 1

  0%|          | 0/782 [00:00<?, ?it/s]
  1%|          | 8/782 [00:00<00:10, 76.57it/s]
  3%|▎         | 23/782 [00:00<00:06, 114.69it/s]
  5%|▍         | 38/782 [00:00<00:05, 127.56it/s]
  7%|▋         | 53/782 [00:00<00:05, 133.50it/s]
  9%|▊         | 68/782 [00:00<00:05, 136.13it/s]
 11%|█         | 83/782 [00:00<00:05, 138.57it/s]
 13%|█▎        | 98/782 [00:00<00:04, 139.98it/s]
 14%|█▍        | 113/782 [00:00<00:04, 141.01it/s]
 16%|█▋        | 128/782 [00:00<00:04, 141.62it/s]
 18%|█▊        | 143/782 [00:01<00:04, 141.90it/s]
 20%|██        | 158/782 [00:01<00:04, 142.29it/s]
 22%|██▏       | 173/782 [00:01<00:04, 142.85it/s]
 24%|██▍       | 188/782 [00:01<00:04, 139.49it/s]
 26%|██▌       | 202/782 [00:01<00:04, 133.14it/s]
 28%|██▊       | 216/782 [00:01<00:04, 134.63it/s]
 30%|██▉       | 231/782 [00:01<00:04, 136.52it/s]
 31%|███▏      | 246/782 [00:01<00:03, 138.42it/s]
 33%|███▎      | 261/782 [00:01<00:03, 139.52it/s]
 35%|███▌      | 276/782 [00:02<00:03, 140.40it/s]
 37%|███▋      | 291/782 [00:02<00:03, 139.99it/s]
 39%|███▉      | 306/782 [00:02<00:03, 140.74it/s]
 41%|████      | 321/782 [00:02<00:03, 141.08it/s]
 43%|████▎     | 336/782 [00:02<00:03, 141.46it/s]
 45%|████▍     | 351/782 [00:02<00:03, 140.72it/s]
 47%|████▋     | 366/782 [00:02<00:02, 141.27it/s]
 49%|████▊     | 381/782 [00:02<00:02, 141.70it/s]
 51%|█████     | 396/782 [00:02<00:02, 142.22it/s]
 53%|█████▎    | 411/782 [00:02<00:02, 142.08it/s]
 54%|█████▍    | 426/782 [00:03<00:02, 142.24it/s]
 56%|█████▋    | 441/782 [00:03<00:02, 142.49it/s]
 58%|█████▊    | 456/782 [00:03<00:02, 142.75it/s]
 60%|██████    | 471/782 [00:03<00:02, 142.96it/s]
 62%|██████▏   | 486/782 [00:03<00:02, 143.19it/s]
 64%|██████▍   | 501/782 [00:03<00:01, 142.69it/s]
 66%|██████▌   | 516/782 [00:03<00:01, 142.87it/s]
 68%|██████▊   | 531/782 [00:03<00:01, 142.85it/s]
 70%|██████▉   | 546/782 [00:03<00:01, 142.58it/s]
 72%|███████▏  | 561/782 [00:04<00:01, 142.81it/s]
 74%|███████▎  | 576/782 [00:04<00:01, 142.03it/s]
 76%|███████▌  | 591/782 [00:04<00:01, 141.69it/s]
 77%|███████▋  | 606/782 [00:04<00:01, 142.00it/s]
 79%|███████▉  | 621/782 [00:04<00:01, 139.53it/s]
 81%|████████  | 635/782 [00:04<00:01, 133.72it/s]
 83%|████████▎ | 649/782 [00:04<00:01, 126.86it/s]
 85%|████████▍ | 662/782 [00:04<00:00, 120.08it/s]
 86%|████████▋ | 675/782 [00:04<00:00, 116.26it/s]
 88%|████████▊ | 687/782 [00:05<00:00, 112.50it/s]
 89%|████████▉ | 699/782 [00:05<00:00, 110.53it/s]
 91%|█████████ | 711/782 [00:05<00:00, 107.86it/s]
 92%|█████████▏| 722/782 [00:05<00:00, 108.15it/s]
 94%|█████████▎| 733/782 [00:05<00:00, 107.08it/s]
 95%|█████████▌| 744/782 [00:05<00:00, 106.21it/s]
 97%|█████████▋| 755/782 [00:05<00:00, 105.31it/s]
 98%|█████████▊| 766/782 [00:05<00:00, 105.00it/s]
 99%|█████████▉| 777/782 [00:05<00:00, 104.37it/s]
100%|██████████| 782/782 [00:05<00:00, 130.39it/s]
Model instantiation succeeded.
The training environment is set up successfully, using the following device: cuda.
Simulated training data created successfully.
Training step executed successfully.
  Train Loss: 1.2192, Test Loss: 1.2306
  Train Acc: 0.5737, Test Acc: 0.5658
  LR: 0.000001, Grad Norm: 0.5360, Throughput: 2555.3 samples/s
accuracy_to_time_metric 2.3804950308572654
  - Saved stats (fallback) to: /a/mm/ab/gpt/brute/ga/meta_evolution/stats_cifar10/img-classification_cifar-10_acc_GenFractalNet-6996f36a75424ad1e30250006c91f33f/1.json
  - Model persisted to ga_fractal_arch_cifar10/ (stats verified: 1 JSON file(s))

  ========================================
  >>> FITNESS SCORE: 56.58%  (source: hyperparameters.accuracy, checksum: 6996f36a75424ad1e30250006c91f33f)
  ========================================

  Evaluating Individual 18/20 ---- Generation: 7/15
  - Evaluating unique arch (checksum: 3ab5bb2c...)
Evaluating /a/mm/out_nneval_tmp_pid_300/nn/tmp/GenFractalNet-3ab5bb2c010980ece285d5c3fbccfc37-6638ac6d582912e42337cc00f77253ee.py...
epoch 1

  0%|          | 0/782 [00:00<?, ?it/s]
  0%|          | 1/782 [00:00<03:31,  3.69it/s]
  0%|          | 2/782 [00:00<03:52,  3.36it/s]
  0%|          | 3/782 [00:00<04:00,  3.23it/s]
  1%|          | 4/782 [00:01<03:57,  3.28it/s]
  1%|          | 5/782 [00:01<03:45,  3.44it/s]
  1%|          | 6/782 [00:01<03:28,  3.72it/s]
  1%|          | 7/782 [00:01<03:15,  3.96it/s]
  1%|          | 8/782 [00:02<03:11,  4.04it/s]
  1%|          | 9/782 [00:02<02:56,  4.39it/s]
  1%|▏         | 10/782 [00:02<02:51,  4.49it/s]
  1%|▏         | 11/782 [00:02<02:49,  4.55it/s]
  2%|▏         | 12/782 [00:02<02:47,  4.61it/s]
  2%|▏         | 13/782 [00:03<02:39,  4.82it/s]
  2%|▏         | 14/782 [00:03<02:38,  4.84it/s]
  2%|▏         | 15/782 [00:03<02:32,  5.02it/s]
  2%|▏         | 16/782 [00:03<02:33,  4.98it/s]
  2%|▏         | 17/782 [00:04<02:46,  4.60it/s]
  2%|▏         | 18/782 [00:04<02:55,  4.35it/s]
  2%|▏         | 19/782 [00:04<03:20,  3.81it/s]
  3%|▎         | 20/782 [00:05<04:05,  3.11it/s]
  3%|▎         | 21/782 [00:05<04:29,  2.82it/s]
  3%|▎         | 22/782 [00:05<04:54,  2.58it/s]
  3%|▎         | 23/782 [00:06<05:06,  2.48it/s]
  3%|▎         | 24/782 [00:06<05:17,  2.39it/s]
  3%|▎         | 25/782 [00:07<05:19,  2.37it/s]
  3%|▎         | 26/782 [00:07<05:19,  2.37it/s]
  3%|▎         | 27/782 [00:08<05:06,  2.46it/s]
  4%|▎         | 28/782 [00:08<05:14,  2.40it/s]
  4%|▎         | 29/782 [00:08<05:12,  2.41it/s]
  4%|▍         | 30/782 [00:09<05:16,  2.37it/s]
  4%|▍         | 31/782 [00:09<05:25,  2.31it/s]
  4%|▍         | 32/782 [00:10<05:27,  2.29it/s]
  4%|▍         | 33/782 [00:10<05:29,  2.27it/s]
  4%|▍         | 34/782 [00:11<05:21,  2.32it/s]
  4%|▍         | 35/782 [00:11<05:23,  2.31it/s]
  5%|▍         | 36/782 [00:11<05:22,  2.31it/s]
  5%|▍         | 37/782 [00:12<05:24,  2.30it/s]
  5%|▍         | 38/782 [00:12<05:22,  2.31it/s]
  5%|▍         | 39/782 [00:13<05:25,  2.28it/s]
  5%|▌         | 40/782 [00:13<05:23,  2.30it/s]
  5%|▌         | 41/782 [00:14<05:23,  2.29it/s]
  5%|▌         | 42/782 [00:14<05:12,  2.37it/s]
  5%|▌         | 43/782 [00:14<05:06,  2.41it/s]
  6%|▌         | 44/782 [00:15<05:20,  2.30it/s]
  6%|▌         | 45/782 [00:15<05:17,  2.32it/s]
  6%|▌         | 46/782 [00:16<05:28,  2.24it/s]
  6%|▌         | 47/782 [00:16<05:25,  2.26it/s]
  6%|▌         | 48/782 [00:17<05:29,  2.23it/s]
  6%|▋         | 49/782 [00:17<05:28,  2.23it/s]
  6%|▋         | 50/782 [00:18<05:26,  2.24it/s]
  7%|▋         | 51/782 [00:18<05:26,  2.24it/s]
  7%|▋         | 52/782 [00:18<05:15,  2.31it/s]
  7%|▋         | 53/782 [00:19<05:04,  2.39it/s]
  7%|▋         | 54/782 [00:19<05:10,  2.35it/s]
  7%|▋         | 55/782 [00:20<04:52,  2.49it/s]
  7%|▋         | 56/782 [00:20<04:51,  2.49it/s]
  7%|▋         | 57/782 [00:20<04:56,  2.44it/s]
  7%|▋         | 58/782 [00:21<05:04,  2.38it/s]
  8%|▊         | 59/782 [00:21<05:07,  2.35it/s]
  8%|▊         | 60/782 [00:22<04:58,  2.41it/s]
  8%|▊         | 61/782 [00:22<05:01,  2.39it/s]
  8%|▊         | 62/782 [00:23<04:58,  2.42it/s]
  8%|▊         | 63/782 [00:23<04:58,  2.41it/s]
  8%|▊         | 64/782 [00:23<05:05,  2.35it/s]
  8%|▊         | 65/782 [00:24<05:17,  2.26it/s]
  8%|▊         | 66/782 [00:24<05:16,  2.26it/s]
  9%|▊         | 67/782 [00:25<05:16,  2.26it/s]
  9%|▊         | 68/782 [00:25<05:21,  2.22it/s]
  9%|▉         | 69/782 [00:26<05:17,  2.25it/s]
  9%|▉         | 70/782 [00:26<05:07,  2.32it/s]
  9%|▉         | 71/782 [00:26<04:52,  2.43it/s]
  9%|▉         | 72/782 [00:27<05:02,  2.34it/s]
  9%|▉         | 73/782 [00:27<04:57,  2.38it/s]
  9%|▉         | 74/782 [00:28<05:03,  2.33it/s]
 10%|▉         | 75/782 [00:28<04:50,  2.43it/s]
 10%|▉         | 76/782 [00:29<04:38,  2.54it/s]
 10%|▉         | 77/782 [00:29<04:45,  2.47it/s]
 10%|▉         | 78/782 [00:29<04:50,  2.42it/s]
 10%|█         | 79/782 [00:30<04:59,  2.35it/s]
 10%|█         | 80/782 [00:30<05:01,  2.33it/s]
 10%|█         | 81/782 [00:31<04:59,  2.34it/s]
 10%|█         | 82/782 [00:31<04:57,  2.36it/s]
 11%|█         | 83/782 [00:32<04:48,  2.42it/s]
 11%|█         | 84/782 [00:32<04:50,  2.40it/s]
 11%|█         | 85/782 [00:32<04:45,  2.44it/s]
 11%|█         | 86/782 [00:33<04:54,  2.37it/s]
 11%|█         | 87/782 [00:33<04:54,  2.36it/s]
 11%|█▏        | 88/782 [00:34<04:57,  2.33it/s]
 11%|█▏        | 89/782 [00:34<04:53,  2.36it/s]
 12%|█▏        | 90/782 [00:34<04:41,  2.46it/s]
 12%|█▏        | 91/782 [00:35<04:47,  2.41it/s]
 12%|█▏        | 92/782 [00:35<04:53,  2.35it/s]
 12%|█▏        | 93/782 [00:36<04:50,  2.37it/s]
 12%|█▏        | 94/782 [00:36<04:45,  2.41it/s]
 12%|█▏        | 95/782 [00:37<04:44,  2.42it/s]
 12%|█▏        | 96/782 [00:37<04:41,  2.44it/s]
 12%|█▏        | 97/782 [00:37<04:37,  2.47it/s]
 13%|█▎        | 98/782 [00:38<04:46,  2.39it/s]
 13%|█▎        | 99/782 [00:38<04:44,  2.40it/s]
 13%|█▎        | 100/782 [00:39<04:51,  2.34it/s]
 13%|█▎        | 101/782 [00:39<04:50,  2.35it/s]
 13%|█▎        | 102/782 [00:40<04:59,  2.27it/s]
 13%|█▎        | 103/782 [00:40<04:47,  2.36it/s]
 13%|█▎        | 104/782 [00:40<04:53,  2.31it/s]
 13%|█▎        | 105/782 [00:41<04:38,  2.43it/s]
 14%|█▎        | 106/782 [00:41<04:39,  2.42it/s]
 14%|█▎        | 107/782 [00:42<04:36,  2.44it/s]
 14%|█▍        | 108/782 [00:42<04:39,  2.42it/s]
 14%|█▍        | 109/782 [00:42<04:46,  2.35it/s]
 14%|█▍        | 110/782 [00:43<04:38,  2.41it/s]
 14%|█▍        | 111/782 [00:43<04:41,  2.38it/s]
 14%|█▍        | 112/782 [00:44<04:36,  2.42it/s]
 14%|█▍        | 113/782 [00:44<04:39,  2.39it/s]
 15%|█▍        | 114/782 [00:45<04:40,  2.38it/s]
 15%|█▍        | 115/782 [00:45<04:49,  2.30it/s]
 15%|█▍        | 116/782 [00:45<04:56,  2.25it/s]
 15%|█▍        | 117/782 [00:46<04:42,  2.35it/s]
 15%|█▌        | 118/782 [00:46<04:42,  2.35it/s]
 15%|█▌        | 119/782 [00:47<04:38,  2.38it/s]
 15%|█▌        | 120/782 [00:47<04:33,  2.42it/s]
 15%|█▌        | 121/782 [00:48<04:40,  2.36it/s]
 16%|█▌        | 122/782 [00:48<04:37,  2.38it/s]
 16%|█▌        | 123/782 [00:48<04:32,  2.42it/s]
 16%|█▌        | 124/782 [00:49<04:36,  2.38it/s]
 16%|█▌        | 125/782 [00:49<04:19,  2.54it/s]
 16%|█▌        | 126/782 [00:49<04:15,  2.57it/s]
 16%|█▌        | 127/782 [00:50<04:20,  2.51it/s]
 16%|█▋        | 128/782 [00:50<04:24,  2.48it/s]
 16%|█▋        | 129/782 [00:51<04:22,  2.49it/s]
 17%|█▋        | 130/782 [00:51<04:23,  2.47it/s]
 17%|█▋        | 131/782 [00:52<04:24,  2.46it/s]
 17%|█▋        | 132/782 [00:52<04:29,  2.41it/s]
 17%|█▋        | 133/782 [00:52<04:21,  2.48it/s]
 17%|█▋        | 134/782 [00:53<04:10,  2.58it/s]
 17%|█▋        | 135/782 [00:53<04:11,  2.57it/s]
 17%|█▋        | 136/782 [00:53<04:10,  2.58it/s]
 18%|█▊        | 137/782 [00:54<04:08,  2.60it/s]
 18%|█▊        | 138/782 [00:54<04:04,  2.64it/s]
 18%|█▊        | 139/782 [00:55<04:03,  2.64it/s]
 18%|█▊        | 140/782 [00:55<04:07,  2.60it/s]
 18%|█▊        | 141/782 [00:55<04:09,  2.57it/s]
 18%|█▊        | 142/782 [00:56<04:08,  2.57it/s]
 18%|█▊        | 143/782 [00:56<04:02,  2.63it/s]
 18%|█▊        | 144/782 [00:57<04:11,  2.53it/s]
 19%|█▊        | 145/782 [00:57<04:02,  2.63it/s]
 19%|█▊        | 146/782 [00:57<04:01,  2.64it/s]
 19%|█▉        | 147/782 [00:58<04:14,  2.49it/s]
 19%|█▉        | 148/782 [00:58<04:30,  2.35it/s]
 19%|█▉        | 149/782 [00:59<04:31,  2.33it/s]
 19%|█▉        | 150/782 [00:59<04:18,  2.45it/s]
 19%|█▉        | 151/782 [00:59<04:28,  2.35it/s]
 19%|█▉        | 152/782 [01:00<04:29,  2.34it/s]
 20%|█▉        | 153/782 [01:00<04:31,  2.31it/s]
 20%|█▉        | 154/782 [01:01<04:32,  2.31it/s]
 20%|█▉        | 155/782 [01:01<04:34,  2.28it/s]
 20%|█▉        | 156/782 [01:02<04:27,  2.34it/s]
 20%|██        | 157/782 [01:02<04:14,  2.45it/s]
 20%|██        | 158/782 [01:02<04:10,  2.49it/s]
 20%|██        | 159/782 [01:03<04:14,  2.44it/s]
 20%|██        | 160/782 [01:03<04:09,  2.49it/s]
 21%|██        | 161/782 [01:04<04:18,  2.40it/s]
 21%|██        | 162/782 [01:04<04:30,  2.29it/s]
 21%|██        | 163/782 [01:05<04:17,  2.41it/s]
 21%|██        | 164/782 [01:05<04:12,  2.44it/s]
 21%|██        | 165/782 [01:05<04:20,  2.37it/s]
 21%|██        | 166/782 [01:06<04:27,  2.30it/s]
 21%|██▏       | 167/782 [01:06<04:20,  2.36it/s]
 21%|██▏       | 168/782 [01:07<04:15,  2.40it/s]
 22%|██▏       | 169/782 [01:07<04:20,  2.36it/s]
 22%|██▏       | 170/782 [01:07<04:21,  2.34it/s]
 22%|██▏       | 171/782 [01:08<04:20,  2.34it/s]
 22%|██▏       | 172/782 [01:08<04:21,  2.34it/s]
 22%|██▏       | 173/782 [01:09<04:14,  2.40it/s]
 22%|██▏       | 174/782 [01:09<04:14,  2.39it/s]
 22%|██▏       | 175/782 [01:10<04:20,  2.33it/s]
 23%|██▎       | 176/782 [01:10<04:20,  2.33it/s]
 23%|██▎       | 177/782 [01:11<04:30,  2.23it/s]
 23%|██▎       | 178/782 [01:11<04:34,  2.20it/s]
 23%|██▎       | 179/782 [01:11<04:32,  2.21it/s]
 23%|██▎       | 180/782 [01:12<04:25,  2.27it/s]
 23%|██▎       | 181/782 [01:12<04:24,  2.27it/s]
 23%|██▎       | 182/782 [01:13<04:20,  2.30it/s]
 23%|██▎       | 183/782 [01:13<04:19,  2.31it/s]
 24%|██▎       | 184/782 [01:14<04:26,  2.25it/s]
 24%|██▎       | 185/782 [01:14<04:24,  2.26it/s]
 24%|██▍       | 186/782 [01:15<04:24,  2.25it/s]
 24%|██▍       | 187/782 [01:15<04:30,  2.20it/s]
 24%|██▍       | 188/782 [01:15<04:22,  2.26it/s]
 24%|██▍       | 189/782 [01:16<04:21,  2.26it/s]
 24%|██▍       | 190/782 [01:16<04:23,  2.25it/s]
 24%|██▍       | 191/782 [01:17<04:21,  2.26it/s]
 25%|██▍       | 192/782 [01:17<04:22,  2.25it/s]
 25%|██▍       | 193/782 [01:18<04:23,  2.24it/s]
 25%|██▍       | 194/782 [01:18<04:25,  2.21it/s]
 25%|██▍       | 195/782 [01:19<04:23,  2.23it/s]
 25%|██▌       | 196/782 [01:19<04:24,  2.22it/s]
 25%|██▌       | 197/782 [01:19<04:22,  2.23it/s]
 25%|██▌       | 198/782 [01:20<04:24,  2.20it/s]
 25%|██▌       | 199/782 [01:20<04:19,  2.24it/s]
 26%|██▌       | 200/782 [01:21<04:11,  2.32it/s]
 26%|██▌       | 201/782 [01:21<04:02,  2.40it/s]
 26%|██▌       | 202/782 [01:22<04:09,  2.32it/s]
 26%|██▌       | 203/782 [01:22<04:10,  2.31it/s]
 26%|██▌       | 204/782 [01:22<04:08,  2.33it/s]
 26%|██▌       | 205/782 [01:23<04:03,  2.37it/s]
 26%|██▋       | 206/782 [01:23<03:56,  2.43it/s]
 26%|██▋       | 207/782 [01:24<03:53,  2.46it/s]
 27%|██▋       | 208/782 [01:24<03:52,  2.47it/s]
 27%|██▋       | 209/782 [01:24<03:50,  2.49it/s]
 27%|██▋       | 210/782 [01:25<03:43,  2.56it/s]
 27%|██▋       | 211/782 [01:25<03:45,  2.53it/s]
 27%|██▋       | 212/782 [01:26<03:46,  2.52it/s]
 27%|██▋       | 213/782 [01:26<03:35,  2.65it/s]
 27%|██▋       | 214/782 [01:26<03:37,  2.61it/s]
 27%|██▋       | 215/782 [01:27<03:31,  2.68it/s]
 28%|██▊       | 216/782 [01:27<03:30,  2.69it/s]
 28%|██▊       | 217/782 [01:27<03:26,  2.73it/s]
 28%|██▊       | 218/782 [01:28<03:33,  2.64it/s]
 28%|██▊       | 219/782 [01:28<03:42,  2.53it/s]
 28%|██▊       | 220/782 [01:29<03:42,  2.53it/s]
 28%|██▊       | 221/782 [01:29<03:41,  2.54it/s]
 28%|██▊       | 222/782 [01:29<03:38,  2.56it/s]
 29%|██▊       | 223/782 [01:30<03:31,  2.65it/s]
 29%|██▊       | 224/782 [01:30<03:35,  2.58it/s]
 29%|██▉       | 225/782 [01:31<03:40,  2.53it/s]
 29%|██▉       | 226/782 [01:31<03:40,  2.52it/s]
 29%|██▉       | 227/782 [01:31<03:49,  2.42it/s]
 29%|██▉       | 228/782 [01:32<03:46,  2.44it/s]
 29%|██▉       | 229/782 [01:32<03:47,  2.43it/s]
 29%|██▉       | 230/782 [01:33<03:33,  2.59it/s]
 30%|██▉       | 231/782 [01:33<03:31,  2.61it/s]
 30%|██▉       | 232/782 [01:33<03:32,  2.59it/s]
 30%|██▉       | 233/782 [01:34<03:29,  2.62it/s]
 30%|██▉       | 234/782 [01:34<03:36,  2.53it/s]
 30%|███       | 235/782 [01:35<03:31,  2.58it/s]
 30%|███       | 236/782 [01:35<03:22,  2.70it/s]
 30%|███       | 237/782 [01:35<03:28,  2.62it/s]
 30%|███       | 238/782 [01:36<03:34,  2.53it/s]
 31%|███       | 239/782 [01:36<03:37,  2.50it/s]
 31%|███       | 240/782 [01:36<03:32,  2.55it/s]
 31%|███       | 241/782 [01:37<03:37,  2.49it/s]
 31%|███       | 242/782 [01:37<03:36,  2.50it/s]
 31%|███       | 243/782 [01:38<03:23,  2.64it/s]
 31%|███       | 244/782 [01:38<03:23,  2.64it/s]
 31%|███▏      | 245/782 [01:38<03:28,  2.58it/s]
 31%|███▏      | 246/782 [01:39<03:34,  2.50it/s]
 32%|███▏      | 247/782 [01:39<03:34,  2.49it/s]
 32%|███▏      | 248/782 [01:40<03:41,  2.41it/s]
 32%|███▏      | 249/782 [01:40<03:35,  2.47it/s]
 32%|███▏      | 250/782 [01:40<03:32,  2.50it/s]
 32%|███▏      | 251/782 [01:41<03:31,  2.51it/s]
 32%|███▏      | 252/782 [01:41<03:28,  2.54it/s]
 32%|███▏      | 253/782 [01:42<03:17,  2.68it/s]
 32%|███▏      | 254/782 [01:42<03:04,  2.86it/s]
 33%|███▎      | 255/782 [01:42<02:57,  2.97it/s]
 33%|███▎      | 256/782 [01:42<02:53,  3.04it/s]
 33%|███▎      | 257/782 [01:43<02:51,  3.05it/s]
 33%|███▎      | 258/782 [01:43<03:10,  2.76it/s]
 33%|███▎      | 259/782 [01:44<03:15,  2.68it/s]
 33%|███▎      | 260/782 [01:44<03:28,  2.50it/s]
 33%|███▎      | 261/782 [01:45<03:33,  2.44it/s]
 34%|███▎      | 262/782 [01:45<03:40,  2.36it/s]
 34%|███▎      | 263/782 [01:45<03:40,  2.35it/s]
 34%|███▍      | 264/782 [01:46<03:46,  2.29it/s]
 34%|███▍      | 265/782 [01:46<03:52,  2.23it/s]
 34%|███▍      | 266/782 [01:47<03:52,  2.22it/s]
 34%|███▍      | 267/782 [01:47<03:47,  2.27it/s]
 34%|███▍      | 268/782 [01:48<03:44,  2.29it/s]
 34%|███▍      | 269/782 [01:48<03:42,  2.31it/s]
 35%|███▍      | 270/782 [01:48<03:40,  2.32it/s]
 35%|███▍      | 271/782 [01:49<03:36,  2.36it/s]
 35%|███▍      | 272/782 [01:49<03:37,  2.34it/s]
 35%|███▍      | 273/782 [01:50<03:44,  2.27it/s]
 35%|███▌      | 274/782 [01:50<03:43,  2.27it/s]
 35%|███▌      | 275/782 [01:51<03:40,  2.30it/s]
 35%|███▌      | 276/782 [01:51<03:24,  2.48it/s]
 35%|███▌      | 277/782 [01:51<03:22,  2.49it/s]
 36%|███▌      | 278/782 [01:52<03:23,  2.47it/s]
 36%|███▌      | 279/782 [01:52<03:20,  2.51it/s]
 36%|███▌      | 280/782 [01:53<03:16,  2.56it/s]
 36%|███▌      | 281/782 [01:53<03:18,  2.53it/s]
 36%|███▌      | 282/782 [01:53<03:17,  2.53it/s]
 36%|███▌      | 283/782 [01:54<03:16,  2.54it/s]
 36%|███▋      | 284/782 [01:54<03:19,  2.49it/s]
 36%|███▋      | 285/782 [01:55<03:15,  2.54it/s]
 37%|███▋      | 286/782 [01:55<03:09,  2.61it/s]
 37%|███▋      | 287/782 [01:55<02:56,  2.80it/s]
 37%|███▋      | 288/782 [01:56<02:52,  2.87it/s]
 37%|███▋      | 289/782 [01:56<02:46,  2.96it/s]
 37%|███▋      | 290/782 [01:56<02:37,  3.12it/s]
 37%|███▋      | 291/782 [01:56<02:36,  3.13it/s]
 37%|███▋      | 292/782 [01:57<02:39,  3.08it/s]
 37%|███▋      | 293/782 [01:57<02:42,  3.00it/s]
 38%|███▊      | 294/782 [01:57<02:42,  3.00it/s]
 38%|███▊      | 295/782 [01:58<02:48,  2.90it/s]
 38%|███▊      | 296/782 [01:58<02:48,  2.88it/s]
 38%|███▊      | 297/782 [01:59<02:51,  2.82it/s]
 38%|███▊      | 298/782 [01:59<02:53,  2.79it/s]
 38%|███▊      | 299/782 [01:59<02:55,  2.75it/s]
 38%|███▊      | 300/782 [02:00<02:54,  2.77it/s]
 38%|███▊      | 301/782 [02:00<02:51,  2.80it/s]
 39%|███▊      | 302/782 [02:00<02:44,  2.92it/s]
 39%|███▊      | 303/782 [02:01<02:57,  2.69it/s]
 39%|███▉      | 304/782 [02:01<03:11,  2.50it/s]
 39%|███▉      | 305/782 [02:02<03:19,  2.39it/s]
 39%|███▉      | 306/782 [02:02<03:30,  2.26it/s]
 39%|███▉      | 307/782 [02:03<03:26,  2.30it/s]
 39%|███▉      | 308/782 [02:03<03:36,  2.19it/s]
 40%|███▉      | 309/782 [02:04<03:31,  2.24it/s]
 40%|███▉      | 310/782 [02:04<03:34,  2.20it/s]
 40%|███▉      | 311/782 [02:04<03:31,  2.22it/s]
 40%|███▉      | 312/782 [02:05<03:22,  2.32it/s]
 40%|████      | 313/782 [02:05<03:16,  2.39it/s]
 40%|████      | 314/782 [02:06<03:02,  2.56it/s]
 40%|████      | 315/782 [02:06<03:04,  2.54it/s]
 40%|████      | 316/782 [02:06<03:07,  2.48it/s]
 41%|████      | 317/782 [02:07<03:02,  2.55it/s]
 41%|████      | 318/782 [02:07<02:57,  2.62it/s]
 41%|████      | 319/782 [02:07<02:57,  2.61it/s]
 41%|████      | 320/782 [02:08<02:52,  2.68it/s]
 41%|████      | 321/782 [02:08<02:51,  2.69it/s]
 41%|████      | 322/782 [02:09<02:52,  2.67it/s]
 41%|████▏     | 323/782 [02:09<02:49,  2.71it/s]
 41%|████▏     | 324/782 [02:09<02:49,  2.71it/s]
 42%|████▏     | 325/782 [02:10<02:49,  2.69it/s]
 42%|████▏     | 326/782 [02:10<02:50,  2.68it/s]
 42%|████▏     | 327/782 [02:10<02:43,  2.79it/s]
 42%|████▏     | 328/782 [02:11<02:43,  2.78it/s]
 42%|████▏     | 329/782 [02:11<02:44,  2.75it/s]
 42%|████▏     | 330/782 [02:11<02:44,  2.74it/s]
 42%|████▏     | 331/782 [02:12<02:35,  2.90it/s]
 42%|████▏     | 332/782 [02:12<02:37,  2.86it/s]
 43%|████▎     | 333/782 [02:13<02:42,  2.77it/s]
 43%|████▎     | 334/782 [02:13<02:37,  2.84it/s]
 43%|████▎     | 335/782 [02:13<02:38,  2.83it/s]
 43%|████▎     | 336/782 [02:14<02:33,  2.91it/s]
 43%|████▎     | 337/782 [02:14<02:35,  2.86it/s]
 43%|████▎     | 338/782 [02:14<02:40,  2.76it/s]
 43%|████▎     | 339/782 [02:15<02:33,  2.88it/s]
 43%|████▎     | 340/782 [02:15<02:31,  2.91it/s]
 44%|████▎     | 341/782 [02:15<02:24,  3.04it/s]
 44%|████▎     | 342/782 [02:16<02:26,  3.00it/s]
 44%|████▍     | 343/782 [02:16<02:32,  2.87it/s]
 44%|████▍     | 344/782 [02:16<02:37,  2.78it/s]
 44%|████▍     | 345/782 [02:17<02:37,  2.77it/s]
 44%|████▍     | 346/782 [02:17<02:40,  2.72it/s]
 44%|████▍     | 347/782 [02:17<02:42,  2.68it/s]
 45%|████▍     | 348/782 [02:18<02:39,  2.72it/s]
 45%|████▍     | 349/782 [02:18<02:37,  2.75it/s]
 45%|████▍     | 350/782 [02:19<02:35,  2.78it/s]
 45%|████▍     | 351/782 [02:19<02:28,  2.89it/s]
 45%|████▌     | 352/782 [02:19<02:29,  2.88it/s]
 45%|████▌     | 353/782 [02:20<02:35,  2.75it/s]
 45%|████▌     | 354/782 [02:20<02:32,  2.81it/s]
 45%|████▌     | 355/782 [02:20<02:34,  2.76it/s]
 46%|████▌     | 356/782 [02:21<02:30,  2.83it/s]
 46%|████▌     | 357/782 [02:21<02:29,  2.84it/s]
 46%|████▌     | 358/782 [02:21<02:33,  2.77it/s]
 46%|████▌     | 359/782 [02:22<02:25,  2.90it/s]
 46%|████▌     | 360/782 [02:22<02:31,  2.79it/s]
 46%|████▌     | 361/782 [02:22<02:30,  2.79it/s]
 46%|████▋     | 362/782 [02:23<02:36,  2.68it/s]
 46%|████▋     | 363/782 [02:23<02:52,  2.43it/s]
 47%|████▋     | 364/782 [02:24<02:55,  2.39it/s]
 47%|████▋     | 365/782 [02:24<02:52,  2.41it/s]
 47%|████▋     | 366/782 [02:25<02:53,  2.39it/s]
 47%|████▋     | 367/782 [02:25<03:00,  2.30it/s]
 47%|████▋     | 368/782 [02:26<03:02,  2.26it/s]
 47%|████▋     | 369/782 [02:26<03:03,  2.25it/s]
 47%|████▋     | 370/782 [02:26<03:02,  2.25it/s]
 47%|████▋     | 371/782 [02:27<03:07,  2.20it/s]
 48%|████▊     | 372/782 [02:27<03:08,  2.18it/s]
 48%|████▊     | 373/782 [02:28<03:05,  2.21it/s]
 48%|████▊     | 374/782 [02:28<03:07,  2.18it/s]
 48%|████▊     | 375/782 [02:29<03:05,  2.19it/s]
 48%|████▊     | 376/782 [02:29<03:00,  2.25it/s]
 48%|████▊     | 377/782 [02:30<02:54,  2.33it/s]
 48%|████▊     | 378/782 [02:30<02:52,  2.34it/s]
 48%|████▊     | 379/782 [02:30<02:49,  2.37it/s]
 49%|████▊     | 380/782 [02:31<02:42,  2.48it/s]
 49%|████▊     | 381/782 [02:31<02:36,  2.57it/s]
 49%|████▉     | 382/782 [02:31<02:33,  2.60it/s]
 49%|████▉     | 383/782 [02:32<02:29,  2.68it/s]
 49%|████▉     | 384/782 [02:32<02:20,  2.83it/s]
 49%|████▉     | 385/782 [02:33<02:20,  2.82it/s]
 49%|████▉     | 386/782 [02:33<02:15,  2.92it/s]
 49%|████▉     | 387/782 [02:33<02:14,  2.94it/s]
 50%|████▉     | 388/782 [02:33<02:09,  3.04it/s]
 50%|████▉     | 389/782 [02:34<02:04,  3.15it/s]
 50%|████▉     | 390/782 [02:34<02:01,  3.24it/s]
 50%|█████     | 391/782 [02:34<02:02,  3.20it/s]
 50%|█████     | 392/782 [02:35<02:01,  3.22it/s]
 50%|█████     | 393/782 [02:35<01:59,  3.26it/s]
 50%|█████     | 394/782 [02:35<01:58,  3.27it/s]
 51%|█████     | 395/782 [02:36<01:56,  3.33it/s]
 51%|█████     | 396/782 [02:36<01:58,  3.25it/s]
 51%|█████     | 397/782 [02:36<01:58,  3.26it/s]
 51%|█████     | 398/782 [02:37<01:59,  3.20it/s]
 51%|█████     | 399/782 [02:37<02:02,  3.14it/s]
 51%|█████     | 400/782 [02:37<02:03,  3.08it/s]
 51%|█████▏    | 401/782 [02:38<02:03,  3.09it/s]
 51%|█████▏    | 402/782 [02:38<02:05,  3.03it/s]
 52%|█████▏    | 403/782 [02:38<02:05,  3.02it/s]
 52%|█████▏    | 404/782 [02:38<02:02,  3.08it/s]
 52%|█████▏    | 405/782 [02:39<02:02,  3.07it/s]
 52%|█████▏    | 406/782 [02:39<02:02,  3.06it/s]
 52%|█████▏    | 407/782 [02:39<02:03,  3.04it/s]
 52%|█████▏    | 408/782 [02:40<02:13,  2.80it/s]
 52%|█████▏    | 409/782 [02:40<02:31,  2.47it/s]
 52%|█████▏    | 410/782 [02:41<02:32,  2.44it/s]
 53%|█████▎    | 411/782 [02:41<02:32,  2.43it/s]
 53%|█████▎    | 412/782 [02:42<02:41,  2.29it/s]
 53%|█████▎    | 413/782 [02:42<02:45,  2.22it/s]
 53%|█████▎    | 414/782 [02:43<02:44,  2.23it/s]
 53%|█████▎    | 415/782 [02:43<02:46,  2.20it/s]
 53%|█████▎    | 416/782 [02:44<02:44,  2.22it/s]
 53%|█████▎    | 417/782 [02:44<02:48,  2.17it/s]
 53%|█████▎    | 418/782 [02:45<02:51,  2.12it/s]
 54%|█████▎    | 419/782 [02:45<02:50,  2.13it/s]
 54%|█████▎    | 420/782 [02:46<02:51,  2.11it/s]
 54%|█████▍    | 421/782 [02:46<02:48,  2.14it/s]
 54%|█████▍    | 422/782 [02:46<02:51,  2.10it/s]
 54%|█████▍    | 423/782 [02:47<02:46,  2.16it/s]
 54%|█████▍    | 424/782 [02:47<02:44,  2.17it/s]
 54%|█████▍    | 425/782 [02:48<02:42,  2.20it/s]
 54%|█████▍    | 426/782 [02:48<02:34,  2.30it/s]
 55%|█████▍    | 427/782 [02:49<02:25,  2.44it/s]
 55%|█████▍    | 428/782 [02:49<02:10,  2.71it/s]
 55%|█████▍    | 429/782 [02:49<01:57,  3.00it/s]
 55%|█████▍    | 430/782 [02:49<01:48,  3.23it/s]
 55%|█████▌    | 431/782 [02:50<01:40,  3.48it/s]
 55%|█████▌    | 432/782 [02:50<01:33,  3.76it/s]
 55%|█████▌    | 433/782 [02:50<01:27,  3.97it/s]
 55%|█████▌    | 434/782 [02:50<01:24,  4.13it/s]
 56%|█████▌    | 435/782 [02:50<01:22,  4.20it/s]
 56%|█████▌    | 436/782 [02:51<01:24,  4.09it/s]
 56%|█████▌    | 437/782 [02:51<01:23,  4.12it/s]
 56%|█████▌    | 438/782 [02:51<01:35,  3.60it/s]
 56%|█████▌    | 439/782 [02:52<01:48,  3.15it/s]
 56%|█████▋    | 440/782 [02:52<01:59,  2.87it/s]
 56%|█████▋    | 441/782 [02:53<02:08,  2.66it/s]
 57%|█████▋    | 442/782 [02:53<02:18,  2.45it/s]
 57%|█████▋    | 443/782 [02:54<02:26,  2.31it/s]
 57%|█████▋    | 444/782 [02:54<02:30,  2.25it/s]
 57%|█████▋    | 445/782 [02:54<02:32,  2.21it/s]
 57%|█████▋    | 446/782 [02:55<02:34,  2.18it/s]
 57%|█████▋    | 447/782 [02:55<02:36,  2.14it/s]
 57%|█████▋    | 448/782 [02:56<02:36,  2.13it/s]
 57%|█████▋    | 449/782 [02:56<02:32,  2.18it/s]
 58%|█████▊    | 450/782 [02:57<02:26,  2.26it/s]
 58%|█████▊    | 451/782 [02:57<02:23,  2.31it/s]
 58%|█████▊    | 452/782 [02:58<02:27,  2.23it/s]
 58%|█████▊    | 453/782 [02:58<02:29,  2.21it/s]
 58%|█████▊    | 454/782 [02:58<02:21,  2.32it/s]
 58%|█████▊    | 455/782 [02:59<02:22,  2.29it/s]
 58%|█████▊    | 456/782 [02:59<02:21,  2.30it/s]
 58%|█████▊    | 457/782 [03:00<02:19,  2.33it/s]
 59%|█████▊    | 458/782 [03:00<02:15,  2.40it/s]
 59%|█████▊    | 459/782 [03:01<02:12,  2.45it/s]
 59%|█████▉    | 460/782 [03:01<02:14,  2.39it/s]
 59%|█████▉    | 461/782 [03:01<02:11,  2.44it/s]
 59%|█████▉    | 462/782 [03:02<02:15,  2.36it/s]
 59%|█████▉    | 463/782 [03:02<02:13,  2.40it/s]
 59%|█████▉    | 464/782 [03:03<02:10,  2.44it/s]
 59%|█████▉    | 465/782 [03:03<02:13,  2.38it/s]
 60%|█████▉    | 466/782 [03:03<02:09,  2.44it/s]
 60%|█████▉    | 467/782 [03:04<02:02,  2.57it/s]
 60%|█████▉    | 468/782 [03:04<01:58,  2.64it/s]
 60%|█████▉    | 469/782 [03:05<01:58,  2.64it/s]
 60%|██████    | 470/782 [03:05<01:56,  2.69it/s]
 60%|██████    | 471/782 [03:05<01:58,  2.61it/s]
 60%|██████    | 472/782 [03:06<01:59,  2.60it/s]
 60%|██████    | 473/782 [03:06<01:54,  2.69it/s]
 61%|██████    | 474/782 [03:06<01:53,  2.72it/s]
 61%|██████    | 475/782 [03:07<01:52,  2.73it/s]
 61%|██████    | 476/782 [03:07<01:51,  2.73it/s]
 61%|██████    | 477/782 [03:07<01:48,  2.81it/s]
 61%|██████    | 478/782 [03:08<01:48,  2.80it/s]
 61%|██████▏   | 479/782 [03:08<01:47,  2.83it/s]
 61%|██████▏   | 480/782 [03:09<01:48,  2.79it/s]
 62%|██████▏   | 481/782 [03:09<01:48,  2.77it/s]
 62%|██████▏   | 482/782 [03:09<01:49,  2.75it/s]
 62%|██████▏   | 483/782 [03:10<01:50,  2.72it/s]
 62%|██████▏   | 484/782 [03:10<01:49,  2.73it/s]
 62%|██████▏   | 485/782 [03:10<01:48,  2.73it/s]
 62%|██████▏   | 486/782 [03:11<01:48,  2.73it/s]
 62%|██████▏   | 487/782 [03:11<01:50,  2.66it/s]
 62%|██████▏   | 488/782 [03:12<01:53,  2.59it/s]
 63%|██████▎   | 489/782 [03:12<01:51,  2.62it/s]
 63%|██████▎   | 490/782 [03:12<01:51,  2.61it/s]
 63%|██████▎   | 491/782 [03:13<01:52,  2.59it/s]
 63%|██████▎   | 492/782 [03:13<01:51,  2.61it/s]
 63%|██████▎   | 493/782 [03:13<01:50,  2.61it/s]
 63%|██████▎   | 494/782 [03:14<01:49,  2.62it/s]
 63%|██████▎   | 495/782 [03:14<01:45,  2.71it/s]
 63%|██████▎   | 496/782 [03:15<01:49,  2.62it/s]
 64%|██████▎   | 497/782 [03:15<01:48,  2.63it/s]
 64%|██████▎   | 498/782 [03:15<01:49,  2.59it/s]
 64%|██████▍   | 499/782 [03:16<01:52,  2.51it/s]
 64%|██████▍   | 500/782 [03:16<01:45,  2.66it/s]
 64%|██████▍   | 501/782 [03:16<01:43,  2.72it/s]
 64%|██████▍   | 502/782 [03:17<01:43,  2.70it/s]
 64%|██████▍   | 503/782 [03:17<01:45,  2.63it/s]
 64%|██████▍   | 504/782 [03:18<01:47,  2.59it/s]
 65%|██████▍   | 505/782 [03:18<01:45,  2.63it/s]
 65%|██████▍   | 506/782 [03:18<01:42,  2.69it/s]
 65%|██████▍   | 507/782 [03:19<01:39,  2.75it/s]
 65%|██████▍   | 508/782 [03:19<01:38,  2.77it/s]
 65%|██████▌   | 509/782 [03:19<01:38,  2.77it/s]
 65%|██████▌   | 510/782 [03:20<01:36,  2.82it/s]
 65%|██████▌   | 511/782 [03:20<01:37,  2.79it/s]
 65%|██████▌   | 512/782 [03:20<01:33,  2.87it/s]
 66%|██████▌   | 513/782 [03:21<01:31,  2.95it/s]
 66%|██████▌   | 514/782 [03:21<01:28,  3.01it/s]
 66%|██████▌   | 515/782 [03:21<01:27,  3.04it/s]
 66%|██████▌   | 516/782 [03:22<01:29,  2.97it/s]
 66%|██████▌   | 517/782 [03:22<01:31,  2.89it/s]
 66%|██████▌   | 518/782 [03:22<01:28,  2.97it/s]
 66%|██████▋   | 519/782 [03:23<01:29,  2.93it/s]
 66%|██████▋   | 520/782 [03:23<01:29,  2.92it/s]
 67%|██████▋   | 521/782 [03:24<01:30,  2.87it/s]
 67%|██████▋   | 522/782 [03:24<01:33,  2.78it/s]
 67%|██████▋   | 523/782 [03:24<01:32,  2.79it/s]
 67%|██████▋   | 524/782 [03:25<01:30,  2.85it/s]
 67%|██████▋   | 525/782 [03:25<01:28,  2.91it/s]
 67%|██████▋   | 526/782 [03:25<01:29,  2.88it/s]
 67%|██████▋   | 527/782 [03:26<01:26,  2.95it/s]
 68%|██████▊   | 528/782 [03:26<01:26,  2.92it/s]
 68%|██████▊   | 529/782 [03:26<01:29,  2.81it/s]
 68%|██████▊   | 530/782 [03:27<01:28,  2.85it/s]
 68%|██████▊   | 531/782 [03:27<01:26,  2.89it/s]
 68%|██████▊   | 532/782 [03:27<01:33,  2.68it/s]
 68%|██████▊   | 533/782 [03:28<01:41,  2.46it/s]
 68%|██████▊   | 534/782 [03:28<01:43,  2.39it/s]
 68%|██████▊   | 535/782 [03:29<01:48,  2.28it/s]
 69%|██████▊   | 536/782 [03:29<01:48,  2.26it/s]
 69%|██████▊   | 537/782 [03:30<01:46,  2.30it/s]
 69%|██████▉   | 538/782 [03:30<01:46,  2.28it/s]
 69%|██████▉   | 539/782 [03:31<01:42,  2.36it/s]
 69%|██████▉   | 540/782 [03:31<01:42,  2.36it/s]
 69%|██████▉   | 541/782 [03:31<01:42,  2.35it/s]
 69%|██████▉   | 542/782 [03:32<01:43,  2.33it/s]
 69%|██████▉   | 543/782 [03:32<01:44,  2.28it/s]
