LEMUR root /a/mm
2026-07-13 20:40:26,374 - INFO - Note: detected 224 virtual cores but NumExpr set to maximum of 64, check "NUMEXPR_MAX_THREADS" environment variable.
2026-07-13 20:40:26,374 - INFO - Note: NumExpr detected 224 cores but "NUMEXPR_MAX_THREADS" not set, so enforcing safe limit of 16.
2026-07-13 20:40:26,374 - INFO - NumExpr defaulting to 16 threads.
[Meta] No checkpoint found. Resetting target GA to pristine baseline.
[Meta] Moved Hall of Fame to /a/mm/ab/gpt/brute/ga/meta_evolution/ga_history_backup_cifar10/historic_runs/run_2026-07-13_20-40-28 for fresh start.
[Config] Loaded model_config.json  (context_length=4096)
Loading Model: Qwen/Qwen2.5-Coder-7B-Instruct
Quantization: True
2026-07-13 20:40:30,191 - INFO - We will use 90% of the memory on device 0 for storing the model, and 10% for the buffer to avoid OOM. You can set `max_memory` in to a higher value to use more memory (at your own risk).
Loading checkpoint shards:   0%|          | 0/4 [00:00<?, ?it/s]Loading checkpoint shards:  25%|██▌       | 1/4 [00:02<00:08,  2.89s/it]Loading checkpoint shards:  50%|█████     | 2/4 [00:06<00:06,  3.30s/it]Loading checkpoint shards:  75%|███████▌  | 3/4 [00:09<00:03,  3.17s/it]Loading checkpoint shards: 100%|██████████| 4/4 [00:09<00:00,  1.98s/it]Loading checkpoint shards: 100%|██████████| 4/4 [00:09<00:00,  2.41s/it]
[LoRA] No adapter directory found. Initializing fresh adapters...
trainable params: 40,370,176 || all params: 7,655,986,688 || trainable%: 0.5273

[Meta] Target: 10 SUCCESSFUL evolutions (will retry up to 10 times per component)

=== Attempt 1 | Successes: 0/10 — Evolving: combine_genes ===

[Meta] Evolving: combine_genes
--- [DEBUG] Input Code ---
### combine_genes ###
    def combine_genes(self, gene_name, parent1_value, parent2_value, crossover_point, gene_index, total_genes):
        if gene_index < crossover_point:
            return parent1_value
        return parent2_value

-------------------------
[Meta] Generation Temperature: 0.90
--- [DEBUG] Raw Response ---
<thinking>
To optimize the `combine_genes` operator in a Quality-Diversity Genetic Algorithm (MAP-Elites) for PyTorch Neural Network architectures (FractalNet) on CIFAR-10, we need to focus on creating more diverse and robust architectures. Since we are dealing with a limited number of discrete values and aiming for fast convergence within a 1-epoch budget, our strategy should emphasize exploration rather than exploitation. This means we need to ensure that the combined genes lead to novel architectures that can still converge quickly while being robust against dropout.

Given the constraints and objectives, here are some considerations:
1. **Exploration vs Exploitation**: We should aim to explore a wider range of architectures while also ensuring that the architectures are reasonably good.
2. **Robustness**: Architectures should be robust to heavy dropout, which means they should avoid overfitting even if some parts of the network are dropped out.
3. **Fast Convergence**: We should prioritize architectures that are likely to converge quickly, but also maintain enough complexity to avoid underfitting.

To achieve these goals, we can use a combination of techniques:
- **Inversion Mutation**: Invert some elements of the genes to introduce novelty.
- **Hybridization**: Combine parents in a way that maximizes diversity without compromising performance.
- **Momentum Tracking**: Use historical data to guide the selection of genes that are likely to perform well.

By implementing these techniques, we hope to discover novel, high-performing architectures that can populate empty cells in the MAP-Elites Behavioral Archive and potentially break the Global SOTA peak accuracy.
</thinking>

```python
    def combine_genes(self, gene_name, parent1_value, parent2_value, crossover_point, gene_index, total_genes):
        # List of possible operations for combining genes
        operations = ["inversion", "hybridization"]
        
        if random.random() < 0.5:
            # Perform inversion
            inverted_parent1_value = self.invert_gene(parent1_value)
            inverted_parent2_value = self.invert_gene(parent2_value)
            if gene_index < crossover_point:
                return inverted_parent1_value
            return inverted_parent2_value
        else:
            # Perform hybridization
            hybridized_value = self.hybridize_genes(parent1_value, parent2_value)
            return hybridized_value
    
    def invert_gene(self, gene_value):
        # Define a set of genes that can be inverted
        invokable_genes = ["dropout_prob", "fc_dropout", "lr", "momentum"]
        if gene_name in invokable_genes:
            possible_values = self.search_space[gene_name]
            return random.choice(possible_values)
        return gene_value
    
    def hybridize_genes(self, parent1_value, parent2_value):
        # Hybridize genes by averaging their values
        possible_values = self.search_space[gene_name]
        mid_value = (parent1_value + parent2_value) / 2
        closest_value = min(possible_values, key=lambda x: abs(x - mid_value))
        return closest_value
```
--------------------------
[Meta] Runtime smoke test FAILED: name 'gene_name' is not defined
---> Reverting file and skipping benchmark.
   [RL] Penalty: Invalid Syntax/Crash.
--> FAILURE/REGRESSION. Skipping fine-tuning to encourage creativity.
[Meta] GPU cleanup attempted (gc + empty_cache)
--> Reverting File.
[Meta] ✗ Attempt 1 failed — retrying (failures: 1/10, successes so far: 0/10)

=== Attempt 2 | Successes: 0/10 — Evolving: combine_genes ===

[Meta] Evolving: combine_genes
--- [DEBUG] Input Code ---
### combine_genes ###
    def combine_genes(self, gene_name, parent1_value, parent2_value, crossover_point, gene_index, total_genes):
        if gene_index < crossover_point:
            return parent1_value
        return parent2_value

-------------------------
[Meta] Generation Temperature: 0.84
--- [DEBUG] Raw Response ---
### thinking
To enhance the exploration of the search space and promote diversity, we should incorporate more complex combinatorial techniques. Instead of simply inheriting genes from one parent, we can introduce hybridization methods such as averaging or combining parent values. This will help in creating new architectures that might explore uncharted regions of the space. Additionally, we should ensure that the selection process does not prematurely converge by favoring novel and diverse architectures.

#### Strategy:
1. **Hybridization**: Combine the genes from both parents in a way that creates a new value. For continuous variables like learning rate and dropout probability, we can average or take the minimum/maximum.
2. **Inversion**: Invert the gene value to introduce novelty and diversity. For example, if a parent has a high dropout probability, its inverse would be low.
3. **Parent Selection**: Select competitors not only from the population but also from the archive to encourage exploration of previously unseen cells.

#### Implementation:
We'll update the `combine_genes` method to include these strategies. We'll also adjust the `_selection` method to sample from the archive as well as the population.

### code
```python
    def combine_genes(self, gene_name, parent1_value, parent2_value, crossover_point, gene_index, total_genes):
        if gene_index < crossover_point:
            return parent1_value
        
        # Hybridization strategies
        if isinstance(parent1_value, (int, float, np.integer, np.floating)):
            # Average values for numerical types
            combined_value = (parent1_value + parent2_value) / 2
        elif isinstance(parent1_value, str):
            # Choose between two strings (e.g., 'ReLU' or 'LeakyReLU')
            combined_value = random.choice([parent1_value, parent2_value])
        else:
            # Default to the original value if it's not a simple type
            combined_value = parent1_value
        
        # Inversion strategy
        if random.random() < 0.5:
            combined_value = self.invert_gene(combined_value)
        
        return combined_value

    def invert_gene(self, gene_value):
        # Invert the gene value for numerical types
        if isinstance(gene_value, (int, float, np.integer, np.floating)):
            if gene_value == 0:
                return 1e-8  # Avoid division by zero
            return 1 / gene_value
        # For boolean values, flip the state
        elif isinstance(gene_value, bool):
            return not gene_value
        # For string values, return a different option if applicable
        elif isinstance(gene_value, str):
            options = ['ReLU', 'GELU', 'LeakyReLU', 'SiLU']
            return options[(options.index(gene_value) + 1) % len(options)]
        # Default to the original value if it's not a simple type
        return gene_value

    def select_competitor(self, competitors):
        # Sample from both population and archive to encourage exploration
        archive_samples = random.choices(list(self.archive.values()), k=min(3, len(self.archive)))
        all_competitors = competitors + archive_samples
        return max(all_competitors, key=lambda x: x['fitness'] if x['fitness'] is not None else -1)
```
This implementation incorporates hybridization, inversion, and ensures that competitors are selected from both the population and the archive to promote diversity and exploration.
--------------------------
[Meta] Runtime smoke test FAILED: 'Max' is not in list
---> Reverting file and skipping benchmark.
   [RL] Penalty: Invalid Syntax/Crash.
--> FAILURE/REGRESSION. Skipping fine-tuning to encourage creativity.
[Meta] GPU cleanup attempted (gc + empty_cache)
--> Reverting File.
[Meta] ✗ Attempt 2 failed — retrying (failures: 2/10, successes so far: 0/10)

=== Attempt 3 | Successes: 0/10 — Evolving: combine_genes ===

[Meta] Evolving: combine_genes
--- [DEBUG] Input Code ---
### combine_genes ###
    def combine_genes(self, gene_name, parent1_value, parent2_value, crossover_point, gene_index, total_genes):
        if gene_index < crossover_point:
            return parent1_value
        return parent2_value

-------------------------
[Meta] Generation Temperature: 0.79
--- [DEBUG] Raw Response ---
<thinking>
To optimize the `combine_genes` function for the given problem, we need to ensure that the resulting gene value is diverse and competitive while still leveraging the strengths of both parent genes. Given the constraints, we should focus on operations that either hybridize the genes more thoroughly or invert them to explore new possibilities.

**Mathematical Reasoning:**
1. **Hybridization**: This involves blending the values of the two parents in a way that creates a new, potentially better value. For numerical values, averaging can work well. For categorical values, a weighted selection can help diversify the choices.
2. **Inversion**: This involves flipping the sign or selecting the opposite value to explore new possibilities. For numerical values, inverting the sign can lead to completely different behaviors. For categorical values, inverting the choice can also lead to exploration.

**Approach:**
- For numerical values, we'll use a combination of averaging and inversion.
- For categorical values, we'll use a combination of weighted selection and inversion.

This approach ensures that the combined gene is both diverse and competitive, which should help in expanding the frontiers of the MAP-Elites archive.
</thinking>

```python
    def combine_genes(self, gene_name, parent1_value, parent2_value, crossover_point, gene_index, total_genes):
        if gene_name in ['n_columns', 'n_blocks', 'base_channels']:
            # Numerical values
            if gene_index < crossover_point:
                return parent1_value
            else:
                avg_val = (parent1_value + parent2_value) / 2
                inv_val = -avg_val
                return random.choice([avg_val, inv_val])
        elif gene_name in ['dropout_prob', 'fc_dropout', 'lr', 'momentum']:
            # Numerical values with inversion
            if gene_index < crossover_point:
                return parent1_value
            else:
                avg_val = (parent1_value + parent2_value) / 2
                inv_val = -avg_val
                return random.choice([avg_val, inv_val])
        elif gene_name in ['activation', 'kernel_size', 'pooling_type', 'conv_type', 'norm_type', 'optimizer_type']:
            # Categorical values with inversion
            if gene_index < crossover_point:
                return parent1_value
            else:
                choices = self.search_space[gene_name]
                inv_choice = random.choice(choices)
                return random.choice([parent1_value, inv_choice])
        else:
            raise ValueError(f"Unknown gene name: {gene_name}")
```
--------------------------
[Meta] Runtime smoke test PASSED (all components validated).
[Meta] Benchmarking...

[Meta] Running Benchmark 1/1...
2026-07-13 20:41:56,773 - INFO - Note: detected 224 virtual cores but NumExpr set to maximum of 64, check "NUMEXPR_MAX_THREADS" environment variable.
2026-07-13 20:41:56,773 - INFO - Note: NumExpr detected 224 cores but "NUMEXPR_MAX_THREADS" not set, so enforcing safe limit of 16.
2026-07-13 20:41:56,773 - INFO - NumExpr defaulting to 16 threads.
Model instantiation succeeded.
The training environment is set up successfully, using the following device: cuda.
Simulated training data created successfully.
Training step executed successfully.
LEMUR root /a/mm
[Init] Loaded 78 existing checksums from stats/ (skipping duplicates)
[Run] Continuing evolution from gen 0 to 5


 >>> GENERATION 1 <<<

  Evaluating Individual 1/20 ---- Generation: 1/5
  - Evaluating unique arch (checksum: e3baad23...)
Evaluating /a/mm/out_nneval_tmp_pid_300/nn/tmp/GenFractalNet-e3baad239172d68b29f518f158f55ad5-f2c99fe87670b3a294e0008b6c1c2b28.py...
epoch 1

  0%|          | 0/782 [00:00<?, ?it/s]
  0%|          | 1/782 [00:00<01:36,  8.09it/s]
  1%|▏         | 10/782 [00:00<00:15, 49.13it/s]
  2%|▏         | 19/782 [00:00<00:11, 65.44it/s]
  4%|▎         | 28/782 [00:00<00:10, 73.61it/s]
  5%|▍         | 37/782 [00:00<00:09, 78.23it/s]
  6%|▌         | 46/782 [00:00<00:09, 80.48it/s]
  7%|▋         | 55/782 [00:00<00:08, 82.13it/s]
  8%|▊         | 64/782 [00:00<00:08, 82.85it/s]
  9%|▉         | 73/782 [00:00<00:08, 83.90it/s]
 10%|█         | 82/782 [00:01<00:08, 84.94it/s]
 12%|█▏        | 91/782 [00:01<00:08, 85.58it/s]
 13%|█▎        | 100/782 [00:01<00:07, 85.47it/s]
 14%|█▍        | 109/782 [00:01<00:07, 85.81it/s]
 15%|█▌        | 118/782 [00:01<00:07, 85.79it/s]
 16%|█▌        | 127/782 [00:01<00:07, 85.90it/s]
 17%|█▋        | 136/782 [00:01<00:07, 86.30it/s]
 19%|█▊        | 145/782 [00:01<00:07, 86.60it/s]
 20%|█▉        | 154/782 [00:01<00:07, 86.46it/s]
 21%|██        | 163/782 [00:02<00:07, 86.01it/s]
 22%|██▏       | 172/782 [00:02<00:07, 85.82it/s]
 23%|██▎       | 181/782 [00:02<00:06, 86.27it/s]
 24%|██▍       | 190/782 [00:02<00:06, 85.96it/s]
 25%|██▌       | 199/782 [00:02<00:06, 86.94it/s]
 27%|██▋       | 208/782 [00:02<00:06, 86.84it/s]
 28%|██▊       | 217/782 [00:02<00:06, 87.46it/s]
 29%|██▉       | 226/782 [00:02<00:06, 87.54it/s]
 30%|███       | 235/782 [00:02<00:06, 87.95it/s]
 31%|███       | 244/782 [00:02<00:06, 87.77it/s]
 32%|███▏      | 253/782 [00:03<00:06, 87.74it/s]
 34%|███▎      | 262/782 [00:03<00:05, 87.95it/s]
 35%|███▍      | 271/782 [00:03<00:05, 87.81it/s]
 36%|███▌      | 280/782 [00:03<00:05, 85.51it/s]
 37%|███▋      | 289/782 [00:03<00:05, 85.75it/s]
 38%|███▊      | 298/782 [00:03<00:05, 86.67it/s]
 39%|███▉      | 307/782 [00:03<00:05, 86.87it/s]
 40%|████      | 316/782 [00:03<00:05, 87.04it/s]
 42%|████▏     | 325/782 [00:03<00:05, 87.49it/s]
 43%|████▎     | 335/782 [00:03<00:05, 88.43it/s]
 44%|████▍     | 344/782 [00:04<00:04, 87.91it/s]
 45%|████▌     | 353/782 [00:04<00:04, 88.37it/s]
 46%|████▋     | 362/782 [00:04<00:04, 88.35it/s]
 47%|████▋     | 371/782 [00:04<00:04, 88.40it/s]
 49%|████▊     | 380/782 [00:04<00:04, 88.65it/s]
 50%|████▉     | 389/782 [00:04<00:04, 88.53it/s]
 51%|█████     | 398/782 [00:04<00:04, 87.85it/s]
 52%|█████▏    | 407/782 [00:04<00:04, 88.23it/s]
 53%|█████▎    | 416/782 [00:04<00:04, 88.61it/s]
 54%|█████▍    | 425/782 [00:05<00:04, 87.76it/s]
 55%|█████▌    | 434/782 [00:05<00:03, 88.41it/s]
 57%|█████▋    | 443/782 [00:05<00:03, 88.67it/s]
 58%|█████▊    | 452/782 [00:05<00:03, 88.36it/s]
 59%|█████▉    | 461/782 [00:05<00:03, 87.90it/s]
 60%|██████    | 470/782 [00:05<00:03, 87.41it/s]
 61%|██████▏   | 479/782 [00:05<00:03, 87.76it/s]
 62%|██████▏   | 488/782 [00:05<00:03, 87.64it/s]
 64%|██████▎   | 497/782 [00:05<00:03, 88.15it/s]
 65%|██████▍   | 506/782 [00:05<00:03, 87.99it/s]
 66%|██████▌   | 515/782 [00:06<00:03, 87.32it/s]
 67%|██████▋   | 524/782 [00:06<00:02, 87.41it/s]
 68%|██████▊   | 533/782 [00:06<00:02, 87.73it/s]
 69%|██████▉   | 542/782 [00:06<00:02, 87.90it/s]
 70%|███████   | 551/782 [00:06<00:02, 88.29it/s]
 72%|███████▏  | 560/782 [00:06<00:02, 88.28it/s]
 73%|███████▎  | 569/782 [00:06<00:02, 88.06it/s]
 74%|███████▍  | 578/782 [00:06<00:02, 87.99it/s]
 75%|███████▌  | 587/782 [00:06<00:02, 88.26it/s]
 76%|███████▌  | 596/782 [00:06<00:02, 88.50it/s]
 77%|███████▋  | 605/782 [00:07<00:01, 88.81it/s]
 79%|███████▊  | 614/782 [00:07<00:01, 88.96it/s]
 80%|███████▉  | 623/782 [00:07<00:01, 89.05it/s]
 81%|████████  | 632/782 [00:07<00:01, 88.79it/s]
 82%|████████▏ | 641/782 [00:07<00:01, 88.74it/s]
 83%|████████▎ | 650/782 [00:07<00:01, 88.69it/s]
 84%|████████▍ | 659/782 [00:07<00:01, 89.00it/s]
 85%|████████▌ | 668/782 [00:07<00:01, 88.32it/s]
 87%|████████▋ | 677/782 [00:07<00:01, 88.05it/s]
 88%|████████▊ | 686/782 [00:07<00:01, 88.55it/s]
 89%|████████▉ | 695/782 [00:08<00:00, 88.72it/s]
 90%|█████████ | 704/782 [00:08<00:00, 88.52it/s]
 91%|█████████ | 713/782 [00:08<00:00, 88.61it/s]
 92%|█████████▏| 722/782 [00:08<00:00, 87.61it/s]
 93%|█████████▎| 731/782 [00:08<00:00, 87.57it/s]
 95%|█████████▍| 740/782 [00:08<00:00, 87.81it/s]
 96%|█████████▌| 749/782 [00:08<00:00, 88.21it/s]
 97%|█████████▋| 758/782 [00:08<00:00, 87.86it/s]
 98%|█████████▊| 767/782 [00:08<00:00, 88.41it/s]
 99%|█████████▉| 776/782 [00:08<00:00, 87.86it/s]
100%|██████████| 782/782 [00:09<00:00, 85.76it/s]
Model instantiation succeeded.
The training environment is set up successfully, using the following device: cuda.
Simulated training data created successfully.
Training step executed successfully.
  Train Loss: 1.9976, Test Loss: 1.9930
  Train Acc: 0.2500, Test Acc: 0.2578
  LR: 0.000001, Grad Norm: 0.2580, Throughput: 2174.7 samples/s
accuracy_to_time_metric 0.6863049229668011
  - Saved stats (fallback) to: /a/mm/ab/gpt/brute/ga/meta_evolution/stats_cifar10/img-classification_cifar-10_acc_GenFractalNet-e3baad239172d68b29f518f158f55ad5/1.json
  - Model persisted to ga_fractal_arch_cifar10/ (stats verified: 1 JSON file(s))

  ========================================
  >>> FITNESS SCORE: 25.78%  (source: hyperparameters.accuracy, checksum: e3baad239172d68b29f518f158f55ad5)
  ========================================

  [Archive] Cell (4, 64) updated with fitness: 25.7800
  Evaluating Individual 2/20 ---- Generation: 1/5
  - Evaluating unique arch (checksum: 750d854b...)
Evaluating /a/mm/out_nneval_tmp_pid_300/nn/tmp/GenFractalNet-750d854bc3c74c06dcdcd3d0e6a81699-1be81f2093eefa8f1bdba63a46c5b3c3.py...
epoch 1

  0%|          | 0/782 [00:00<?, ?it/s]
  0%|          | 3/782 [00:00<00:27, 28.69it/s]
  2%|▏         | 18/782 [00:00<00:07, 98.27it/s]
  4%|▍         | 33/782 [00:00<00:06, 121.49it/s]
  6%|▌         | 48/782 [00:00<00:05, 130.93it/s]
  8%|▊         | 62/782 [00:00<00:05, 130.65it/s]
 10%|▉         | 76/782 [00:00<00:05, 132.48it/s]
 12%|█▏        | 91/782 [00:00<00:05, 134.68it/s]
 14%|█▎        | 107/782 [00:00<00:04, 140.04it/s]
 16%|█▌        | 122/782 [00:00<00:04, 141.90it/s]
 18%|█▊        | 137/782 [00:01<00:04, 143.17it/s]
 19%|█▉        | 152/782 [00:01<00:04, 143.83it/s]
 21%|██▏       | 167/782 [00:01<00:04, 143.94it/s]
 23%|██▎       | 182/782 [00:01<00:04, 143.63it/s]
 25%|██▌       | 197/782 [00:01<00:04, 143.23it/s]
 27%|██▋       | 212/782 [00:01<00:04, 142.38it/s]
 29%|██▉       | 227/782 [00:01<00:03, 141.88it/s]
 31%|███       | 242/782 [00:01<00:03, 141.45it/s]
 33%|███▎      | 257/782 [00:01<00:03, 142.84it/s]
 35%|███▍      | 272/782 [00:01<00:03, 143.72it/s]
 37%|███▋      | 287/782 [00:02<00:03, 144.16it/s]
 39%|███▊      | 302/782 [00:02<00:03, 144.67it/s]
 41%|████      | 317/782 [00:02<00:03, 145.15it/s]
 42%|████▏     | 332/782 [00:02<00:03, 145.47it/s]
 44%|████▍     | 347/782 [00:02<00:02, 145.43it/s]
 46%|████▋     | 362/782 [00:02<00:02, 145.52it/s]
 48%|████▊     | 377/782 [00:02<00:02, 144.23it/s]
 50%|█████     | 392/782 [00:02<00:02, 143.21it/s]
 52%|█████▏    | 407/782 [00:02<00:02, 144.11it/s]
 54%|█████▍    | 422/782 [00:03<00:02, 144.71it/s]
 56%|█████▌    | 437/782 [00:03<00:02, 145.04it/s]
 58%|█████▊    | 452/782 [00:03<00:02, 145.38it/s]
 60%|█████▉    | 467/782 [00:03<00:02, 145.43it/s]
 62%|██████▏   | 482/782 [00:03<00:02, 145.55it/s]
 64%|██████▎   | 497/782 [00:03<00:01, 145.90it/s]
 65%|██████▌   | 512/782 [00:03<00:01, 145.18it/s]
 67%|██████▋   | 527/782 [00:03<00:01, 145.15it/s]
 69%|██████▉   | 542/782 [00:03<00:01, 144.45it/s]
 71%|███████   | 557/782 [00:03<00:01, 144.61it/s]
 73%|███████▎  | 572/782 [00:04<00:01, 144.68it/s]
 75%|███████▌  | 587/782 [00:04<00:01, 145.07it/s]
 77%|███████▋  | 602/782 [00:04<00:01, 144.35it/s]
 79%|███████▉  | 617/782 [00:04<00:01, 143.85it/s]
 81%|████████  | 632/782 [00:04<00:01, 144.55it/s]
 83%|████████▎ | 647/782 [00:04<00:00, 141.00it/s]
 85%|████████▍ | 662/782 [00:04<00:00, 141.65it/s]
 87%|████████▋ | 677/782 [00:04<00:00, 142.84it/s]
 88%|████████▊ | 692/782 [00:04<00:00, 142.47it/s]
 90%|█████████ | 707/782 [00:04<00:00, 143.92it/s]
 92%|█████████▏| 722/782 [00:05<00:00, 144.43it/s]
 94%|█████████▍| 737/782 [00:05<00:00, 144.59it/s]
 96%|█████████▌| 752/782 [00:05<00:00, 145.02it/s]
 98%|█████████▊| 767/782 [00:05<00:00, 145.09it/s]
100%|██████████| 782/782 [00:05<00:00, 132.57it/s]
100%|██████████| 782/782 [00:05<00:00, 140.07it/s]
Model instantiation succeeded.
The training environment is set up successfully, using the following device: cuda.
Simulated training data created successfully.
Training step executed successfully.
  Train Loss: 1.6001, Test Loss: 1.6098
  Train Acc: 0.4283, Test Acc: 0.4300
  LR: 0.000001, Grad Norm: 0.3079, Throughput: 2609.2 samples/s
accuracy_to_time_metric 1.7220193291243766
  - Saved stats (fallback) to: /a/mm/ab/gpt/brute/ga/meta_evolution/stats_cifar10/img-classification_cifar-10_acc_GenFractalNet-750d854bc3c74c06dcdcd3d0e6a81699/1.json
  - Model persisted to ga_fractal_arch_cifar10/ (stats verified: 1 JSON file(s))

  ========================================
  >>> FITNESS SCORE: 43.00%  (source: hyperparameters.accuracy, checksum: 750d854bc3c74c06dcdcd3d0e6a81699)
  ========================================

  [Archive] Cell (3, 16) updated with fitness: 43.0000
  Evaluating Individual 3/20 ---- Generation: 1/5
  - Evaluating unique arch (checksum: cd6e00bf...)
Evaluating /a/mm/out_nneval_tmp_pid_300/nn/tmp/GenFractalNet-cd6e00bf5a258da24c88269361c8c22f-60b65414869cae12bead986bc8c4838c.py...
epoch 1

  0%|          | 0/782 [00:00<?, ?it/s]
  1%|          | 4/782 [00:00<00:19, 39.74it/s]
  2%|▏         | 19/782 [00:00<00:07, 102.98it/s]
  4%|▍         | 34/782 [00:00<00:06, 121.66it/s]
  6%|▋         | 49/782 [00:00<00:05, 131.04it/s]
  8%|▊         | 64/782 [00:00<00:05, 134.77it/s]
 10%|█         | 79/782 [00:00<00:05, 138.34it/s]
 12%|█▏        | 94/782 [00:00<00:04, 140.37it/s]
 14%|█▍        | 109/782 [00:00<00:04, 141.93it/s]
 16%|█▌        | 124/782 [00:00<00:04, 143.10it/s]
 18%|█▊        | 139/782 [00:01<00:04, 144.03it/s]
 20%|█▉        | 154/782 [00:01<00:04, 143.82it/s]
 22%|██▏       | 169/782 [00:01<00:04, 144.56it/s]
 24%|██▎       | 184/782 [00:01<00:04, 145.10it/s]
 25%|██▌       | 199/782 [00:01<00:04, 144.21it/s]
 27%|██▋       | 214/782 [00:01<00:03, 143.87it/s]
 29%|██▉       | 229/782 [00:01<00:03, 144.12it/s]
 31%|███       | 244/782 [00:01<00:03, 143.66it/s]
 33%|███▎      | 259/782 [00:01<00:03, 143.09it/s]
 35%|███▌      | 274/782 [00:01<00:03, 142.88it/s]
 37%|███▋      | 289/782 [00:02<00:03, 140.69it/s]
 39%|███▉      | 304/782 [00:02<00:03, 141.90it/s]
 41%|████      | 319/782 [00:02<00:03, 142.77it/s]
 43%|████▎     | 334/782 [00:02<00:03, 143.09it/s]
 45%|████▍     | 349/782 [00:02<00:03, 143.11it/s]
 47%|████▋     | 364/782 [00:02<00:02, 143.16it/s]
 48%|████▊     | 379/782 [00:02<00:02, 143.74it/s]
 50%|█████     | 394/782 [00:02<00:02, 143.74it/s]
 52%|█████▏    | 409/782 [00:02<00:02, 143.07it/s]
 54%|█████▍    | 424/782 [00:03<00:02, 141.59it/s]
 56%|█████▌    | 439/782 [00:03<00:02, 140.40it/s]
 58%|█████▊    | 454/782 [00:03<00:02, 140.11it/s]
 60%|█████▉    | 469/782 [00:03<00:02, 140.26it/s]
 62%|██████▏   | 484/782 [00:03<00:02, 140.57it/s]
 64%|██████▍   | 499/782 [00:03<00:02, 134.23it/s]
 66%|██████▌   | 513/782 [00:03<00:02, 134.16it/s]
 67%|██████▋   | 527/782 [00:03<00:01, 132.87it/s]
 69%|██████▉   | 541/782 [00:03<00:01, 132.43it/s]
 71%|███████   | 556/782 [00:04<00:01, 135.07it/s]
 73%|███████▎  | 571/782 [00:04<00:01, 137.50it/s]
 75%|███████▍  | 586/782 [00:04<00:01, 138.79it/s]
 77%|███████▋  | 601/782 [00:04<00:01, 139.99it/s]
 79%|███████▉  | 616/782 [00:04<00:01, 140.34it/s]
 81%|████████  | 631/782 [00:04<00:01, 141.01it/s]
 83%|████████▎ | 646/782 [00:04<00:00, 140.23it/s]
 85%|████████▍ | 661/782 [00:04<00:00, 140.85it/s]
 86%|████████▋ | 676/782 [00:04<00:00, 142.23it/s]
 88%|████████▊ | 691/782 [00:04<00:00, 139.93it/s]
 90%|█████████ | 706/782 [00:05<00:00, 141.29it/s]
 92%|█████████▏| 721/782 [00:05<00:00, 141.88it/s]
 94%|█████████▍| 736/782 [00:05<00:00, 142.34it/s]
 96%|█████████▌| 751/782 [00:05<00:00, 143.08it/s]
 98%|█████████▊| 766/782 [00:05<00:00, 143.51it/s]
100%|█████████▉| 781/782 [00:05<00:00, 142.82it/s]
100%|██████████| 782/782 [00:05<00:00, 138.59it/s]
Model instantiation succeeded.
The training environment is set up successfully, using the following device: cuda.
Simulated training data created successfully.
Training step executed successfully.
  Train Loss: 2.2934, Test Loss: 2.2933
  Train Acc: 0.1488, Test Acc: 0.1481
  LR: 0.000000, Grad Norm: 1.4068, Throughput: 2613.9 samples/s
accuracy_to_time_metric 0.2514521124114812
  - Saved stats (fallback) to: /a/mm/ab/gpt/brute/ga/meta_evolution/stats_cifar10/img-classification_cifar-10_acc_GenFractalNet-cd6e00bf5a258da24c88269361c8c22f/1.json
  - Model persisted to ga_fractal_arch_cifar10/ (stats verified: 1 JSON file(s))

  ========================================
  >>> FITNESS SCORE: 14.81%  (source: hyperparameters.accuracy, checksum: cd6e00bf5a258da24c88269361c8c22f)
  ========================================

  [Archive] Cell (2, 32) updated with fitness: 14.8100
  Evaluating Individual 4/20 ---- Generation: 1/5
  - Evaluating unique arch (checksum: f0111fb8...)
Evaluating /a/mm/out_nneval_tmp_pid_300/nn/tmp/GenFractalNet-f0111fb83592f00be484e94009c8c5ab-74bbadf33d88519ae979aaca62e6c412.py...
epoch 1

  0%|          | 0/782 [00:00<?, ?it/s]
  1%|          | 6/782 [00:00<00:13, 57.34it/s]
  3%|▎         | 21/782 [00:00<00:07, 108.64it/s]
  5%|▍         | 36/782 [00:00<00:06, 123.43it/s]
  7%|▋         | 51/782 [00:00<00:05, 131.51it/s]
  8%|▊         | 66/782 [00:00<00:05, 136.22it/s]
 10%|█         | 81/782 [00:00<00:05, 139.04it/s]
 12%|█▏        | 96/782 [00:00<00:04, 141.08it/s]
 14%|█▍        | 111/782 [00:00<00:04, 142.31it/s]
 16%|█▌        | 126/782 [00:00<00:04, 142.99it/s]
 18%|█▊        | 141/782 [00:01<00:04, 143.90it/s]
 20%|█▉        | 156/782 [00:01<00:04, 144.38it/s]
 22%|██▏       | 171/782 [00:01<00:04, 144.68it/s]
 24%|██▍       | 186/782 [00:01<00:04, 144.24it/s]
 26%|██▌       | 201/782 [00:01<00:04, 144.47it/s]
 28%|██▊       | 216/782 [00:01<00:03, 144.42it/s]
 30%|██▉       | 231/782 [00:01<00:03, 144.66it/s]
 31%|███▏      | 246/782 [00:01<00:03, 144.53it/s]
 33%|███▎      | 261/782 [00:01<00:03, 144.70it/s]
 35%|███▌      | 276/782 [00:01<00:03, 144.50it/s]
 37%|███▋      | 291/782 [00:02<00:03, 144.57it/s]
 39%|███▉      | 306/782 [00:02<00:03, 144.66it/s]
 41%|████      | 321/782 [00:02<00:03, 144.48it/s]
 43%|████▎     | 336/782 [00:02<00:03, 143.73it/s]
 45%|████▍     | 351/782 [00:02<00:02, 143.81it/s]
 47%|████▋     | 366/782 [00:02<00:02, 144.03it/s]
 49%|████▊     | 381/782 [00:02<00:02, 143.99it/s]
 51%|█████     | 396/782 [00:02<00:02, 144.09it/s]
 53%|█████▎    | 411/782 [00:02<00:02, 142.72it/s]
 54%|█████▍    | 426/782 [00:03<00:02, 143.07it/s]
 56%|█████▋    | 441/782 [00:03<00:02, 143.00it/s]
 58%|█████▊    | 456/782 [00:03<00:02, 142.92it/s]
 60%|██████    | 471/782 [00:03<00:02, 142.99it/s]
 62%|██████▏   | 486/782 [00:03<00:02, 143.14it/s]
 64%|██████▍   | 501/782 [00:03<00:01, 143.32it/s]
 66%|██████▌   | 516/782 [00:03<00:01, 142.80it/s]
 68%|██████▊   | 531/782 [00:03<00:01, 143.31it/s]
 70%|██████▉   | 546/782 [00:03<00:01, 143.49it/s]
 72%|███████▏  | 561/782 [00:03<00:01, 143.42it/s]
 74%|███████▎  | 576/782 [00:04<00:01, 143.10it/s]
 76%|███████▌  | 591/782 [00:04<00:01, 143.26it/s]
 77%|███████▋  | 606/782 [00:04<00:01, 143.49it/s]
 79%|███████▉  | 621/782 [00:04<00:01, 138.27it/s]
 81%|████████  | 635/782 [00:04<00:01, 137.88it/s]
 83%|████████▎ | 650/782 [00:04<00:00, 139.98it/s]
 85%|████████▌ | 665/782 [00:04<00:00, 141.15it/s]
 87%|████████▋ | 680/782 [00:04<00:00, 141.99it/s]
 89%|████████▉ | 695/782 [00:04<00:00, 142.74it/s]
 91%|█████████ | 710/782 [00:05<00:00, 143.18it/s]
 93%|█████████▎| 725/782 [00:05<00:00, 143.71it/s]
 95%|█████████▍| 740/782 [00:05<00:00, 143.91it/s]
 97%|█████████▋| 755/782 [00:05<00:00, 144.10it/s]
 98%|█████████▊| 770/782 [00:05<00:00, 144.44it/s]
100%|██████████| 782/782 [00:05<00:00, 140.46it/s]
Traceback (most recent call last):
  File "/a/mm/ab/gpt/brute/ga/meta_evolution/run_fractal_evolution.py", line 253, in fitness_function
    result = evaluator.evaluate(filepath)
             ^^^^^^^^^^^^^^^^^^^^^^^^^^^^
  File "/a/mm/ab/gpt/util/Eval.py", line 107, in evaluate
    return api.check_nn(
           ^^^^^^^^^^^^^
  File "/a/mm/ab/nn/api.py", line 105, in check_nn
    return Train.train_new(nn_code, task, dataset, metric, prm, save_to_db=save_to_db, prefix=prefix, save_path=save_path, export_onnx=export_onnx,
           ^^^^^^^^^^^^^^^^^^^^^^^^^^^^^^^^^^^^^^^^^^^^^^^^^^^^^^^^^^^^^^^^^^^^^^^^^^^^^^^^^^^^^^^^^^^^^^^^^^^^^^^^^^^^^^^^^^^^^^^^^^^^^^^^^^^^^^^^
  File "/a/mm/ab/nn/util/Train.py", line 553, in train_new
    accuracy, accuracy_to_time, duration = trainer.train_n_eval(epoch, epoch_limit_minutes, False, export_onnx, train_set, save_path=save_path)
                                           ^^^^^^^^^^^^^^^^^^^^^^^^^^^^^^^^^^^^^^^^^^^^^^^^^^^^^^^^^^^^^^^^^^^^^^^^^^^^^^^^^^^^^^^^^^^^^^^^^^^^
  File "/a/mm/ab/nn/util/Train.py", line 367, in train_n_eval
    raise AccuracyException(accuracy, duration,
ab.nn.util.Exception.AccuracyException: (0.1, 18870629127, "Accuracy is too low: 0.1. The minimum accepted accuracy for the 'cifar-10' dataset is 0.1.")
Model instantiation succeeded.
The training environment is set up successfully, using the following device: cuda.
Simulated training data created successfully.
Training step executed successfully.
  Train Loss: 2.3046, Test Loss: 2.3045
  Train Acc: 0.1000, Test Acc: 0.1000
  LR: 0.000001, Grad Norm: 0.0962, Throughput: 2649.7 samples/s
accuracy_to_time_metric 0.0
Error during training: (0.1, 18870629127, "Accuracy is too low: 0.1. The minimum accepted accuracy for the 'cifar-10' dataset is 0.1.")
Eval Fail: (0.1, 18870629127, "Accuracy is too low: 0.1. The minimum accepted accuracy for the 'cifar-10' dataset is 0.1.")
  - Cleaned up temp file: /a/mm/ab/gpt/brute/ga/meta_evolution/ga_fractal_arch_cifar10/_tmp_GenFractalNet-f0111fb83592f00be484e94009c8c5ab.py
  [Archive] Cell (3, 32) updated with fitness: 0.0000
  Evaluating Individual 5/20 ---- Generation: 1/5
  - Evaluating unique arch (checksum: 18d6b680...)
Evaluating /a/mm/out_nneval_tmp_pid_300/nn/tmp/GenFractalNet-18d6b680b503698ef4beac51935a8a08-d8ebc0c630934d9e4a0ff27a445009b0.py...
epoch 1

  0%|          | 0/782 [00:00<?, ?it/s]
  1%|          | 8/782 [00:00<00:10, 75.31it/s]
  3%|▎         | 23/782 [00:00<00:06, 115.51it/s]
  5%|▍         | 37/782 [00:00<00:05, 125.26it/s]
  6%|▋         | 50/782 [00:00<00:05, 126.36it/s]
  8%|▊         | 63/782 [00:00<00:05, 126.76it/s]
 10%|▉         | 76/782 [00:00<00:05, 123.67it/s]
 11%|█▏        | 89/782 [00:00<00:05, 123.03it/s]
 13%|█▎        | 102/782 [00:00<00:05, 120.99it/s]
 15%|█▍        | 116/782 [00:00<00:05, 124.59it/s]
 17%|█▋        | 131/782 [00:01<00:04, 130.40it/s]
 19%|█▊        | 146/782 [00:01<00:04, 134.91it/s]
 21%|██        | 161/782 [00:01<00:04, 136.27it/s]
 22%|██▏       | 175/782 [00:01<00:04, 135.63it/s]
 24%|██▍       | 189/782 [00:01<00:04, 134.89it/s]
 26%|██▌       | 203/782 [00:01<00:04, 135.54it/s]
 28%|██▊       | 217/782 [00:01<00:04, 135.74it/s]
 30%|██▉       | 231/782 [00:01<00:04, 136.22it/s]
 31%|███▏      | 245/782 [00:01<00:03, 136.69it/s]
 33%|███▎      | 260/782 [00:01<00:03, 137.99it/s]
 35%|███▌      | 275/782 [00:02<00:03, 139.34it/s]
 37%|███▋      | 290/782 [00:02<00:03, 140.24it/s]
 39%|███▉      | 305/782 [00:02<00:03, 140.80it/s]
 41%|████      | 320/782 [00:02<00:03, 141.26it/s]
 43%|████▎     | 335/782 [00:02<00:03, 141.84it/s]
 45%|████▍     | 350/782 [00:02<00:03, 142.41it/s]
 47%|████▋     | 365/782 [00:02<00:02, 142.16it/s]
 49%|████▊     | 380/782 [00:02<00:02, 141.71it/s]
 51%|█████     | 395/782 [00:02<00:02, 142.58it/s]
 52%|█████▏    | 410/782 [00:03<00:02, 142.67it/s]
 54%|█████▍    | 425/782 [00:03<00:02, 143.09it/s]
 56%|█████▋    | 440/782 [00:03<00:02, 142.42it/s]
 58%|█████▊    | 455/782 [00:03<00:02, 141.42it/s]
 60%|██████    | 470/782 [00:03<00:02, 141.88it/s]
 62%|██████▏   | 485/782 [00:03<00:02, 141.43it/s]
 64%|██████▍   | 500/782 [00:03<00:01, 142.18it/s]
 66%|██████▌   | 515/782 [00:03<00:01, 142.77it/s]
 68%|██████▊   | 530/782 [00:03<00:01, 143.26it/s]
 70%|██████▉   | 545/782 [00:03<00:01, 143.00it/s]
 72%|███████▏  | 560/782 [00:04<00:01, 143.67it/s]
 74%|███████▎  | 575/782 [00:04<00:01, 144.01it/s]
 75%|███████▌  | 590/782 [00:04<00:01, 143.14it/s]
 77%|███████▋  | 605/782 [00:04<00:01, 142.37it/s]
 79%|███████▉  | 620/782 [00:04<00:01, 140.95it/s]
 81%|████████  | 635/782 [00:04<00:01, 139.51it/s]
 83%|████████▎ | 649/782 [00:04<00:00, 138.98it/s]
 85%|████████▍ | 664/782 [00:04<00:00, 139.93it/s]
 87%|████████▋ | 679/782 [00:04<00:00, 140.99it/s]
 89%|████████▊ | 694/782 [00:05<00:00, 141.30it/s]
 91%|█████████ | 709/782 [00:05<00:00, 138.15it/s]
 92%|█████████▏| 723/782 [00:05<00:00, 137.84it/s]
 94%|█████████▍| 737/782 [00:05<00:00, 138.03it/s]
 96%|█████████▌| 752/782 [00:05<00:00, 139.47it/s]
 98%|█████████▊| 766/782 [00:05<00:00, 139.06it/s]
100%|█████████▉| 780/782 [00:05<00:00, 135.53it/s]
100%|██████████| 782/782 [00:05<00:00, 136.38it/s]
Model instantiation succeeded.
The training environment is set up successfully, using the following device: cuda.
Simulated training data created successfully.
Training step executed successfully.
  Train Loss: 1.2447, Test Loss: 1.2515
  Train Acc: 0.5713, Test Acc: 0.5676
  LR: 0.000001, Grad Norm: 1.7612, Throughput: 2591.7 samples/s
accuracy_to_time_metric 2.423718709752453
  - Saved stats (fallback) to: /a/mm/ab/gpt/brute/ga/meta_evolution/stats_cifar10/img-classification_cifar-10_acc_GenFractalNet-18d6b680b503698ef4beac51935a8a08/1.json
  - Model persisted to ga_fractal_arch_cifar10/ (stats verified: 1 JSON file(s))

  ========================================
  >>> FITNESS SCORE: 56.76%  (source: hyperparameters.accuracy, checksum: 18d6b680b503698ef4beac51935a8a08)
  ========================================

  [Archive] Cell (2, 64) updated with fitness: 56.7600
  Evaluating Individual 6/20 ---- Generation: 1/5
  - Evaluating unique arch (checksum: 0cc40556...)
Evaluating /a/mm/out_nneval_tmp_pid_300/nn/tmp/GenFractalNet-0cc405568c85d0bfeca3e079e504d50e-48b108603f827cade9b880bd37f148c5.py...
epoch 1

  0%|          | 0/782 [00:00<?, ?it/s]
  0%|          | 1/782 [00:00<01:18,  9.93it/s]
  1%|          | 4/782 [00:00<00:42, 18.10it/s]
  1%|          | 7/782 [00:00<00:37, 20.47it/s]
  1%|▏         | 10/782 [00:00<00:36, 21.02it/s]
  2%|▏         | 13/782 [00:00<00:35, 21.45it/s]
  2%|▏         | 16/782 [00:00<00:34, 22.12it/s]
  2%|▏         | 19/782 [00:00<00:33, 23.09it/s]
  3%|▎         | 22/782 [00:01<00:33, 22.98it/s]
  3%|▎         | 25/782 [00:01<00:32, 23.54it/s]
  4%|▎         | 28/782 [00:01<00:32, 23.46it/s]
  4%|▍         | 31/782 [00:01<00:32, 23.01it/s]
  4%|▍         | 34/782 [00:01<00:33, 22.37it/s]
  5%|▍         | 37/782 [00:01<00:33, 22.19it/s]
  5%|▌         | 40/782 [00:01<00:32, 22.66it/s]
  5%|▌         | 43/782 [00:01<00:32, 22.55it/s]
  6%|▌         | 46/782 [00:02<00:32, 22.43it/s]
  6%|▋         | 49/782 [00:02<00:32, 22.52it/s]
  7%|▋         | 52/782 [00:02<00:32, 22.60it/s]
  7%|▋         | 55/782 [00:02<00:32, 22.44it/s]
  7%|▋         | 58/782 [00:02<00:31, 22.93it/s]
  8%|▊         | 61/782 [00:02<00:32, 22.51it/s]
  8%|▊         | 64/782 [00:02<00:31, 22.69it/s]
  9%|▊         | 67/782 [00:02<00:30, 23.09it/s]
  9%|▉         | 70/782 [00:03<00:30, 23.20it/s]
  9%|▉         | 73/782 [00:03<00:31, 22.62it/s]
 10%|▉         | 76/782 [00:03<00:31, 22.66it/s]
 10%|█         | 79/782 [00:03<00:30, 23.08it/s]
 10%|█         | 82/782 [00:03<00:30, 23.31it/s]
 11%|█         | 85/782 [00:03<00:30, 22.89it/s]
 11%|█▏        | 88/782 [00:03<00:30, 22.70it/s]
 12%|█▏        | 91/782 [00:04<00:30, 22.61it/s]
 12%|█▏        | 94/782 [00:04<00:29, 23.12it/s]
 12%|█▏        | 97/782 [00:04<00:29, 23.03it/s]
 13%|█▎        | 100/782 [00:04<00:30, 22.37it/s]
 13%|█▎        | 103/782 [00:04<00:29, 22.95it/s]
 14%|█▎        | 106/782 [00:04<00:30, 22.45it/s]
 14%|█▍        | 109/782 [00:04<00:29, 22.80it/s]
 14%|█▍        | 112/782 [00:04<00:28, 23.19it/s]
 15%|█▍        | 115/782 [00:05<00:28, 23.39it/s]
 15%|█▌        | 118/782 [00:05<00:27, 23.83it/s]
 15%|█▌        | 121/782 [00:05<00:28, 23.16it/s]
 16%|█▌        | 124/782 [00:05<00:28, 23.49it/s]
 16%|█▌        | 127/782 [00:05<00:27, 23.91it/s]
 17%|█▋        | 130/782 [00:05<00:27, 23.34it/s]
 17%|█▋        | 133/782 [00:05<00:26, 24.52it/s]
 17%|█▋        | 136/782 [00:05<00:26, 24.43it/s]
 18%|█▊        | 139/782 [00:06<00:26, 23.84it/s]
 18%|█▊        | 142/782 [00:06<00:27, 23.18it/s]
 19%|█▊        | 145/782 [00:06<00:27, 23.30it/s]
 19%|█▉        | 148/782 [00:06<00:27, 23.28it/s]
 19%|█▉        | 151/782 [00:06<00:26, 23.51it/s]
 20%|█▉        | 154/782 [00:06<00:26, 23.78it/s]
 20%|██        | 157/782 [00:06<00:25, 24.94it/s]
 20%|██        | 160/782 [00:06<00:25, 24.53it/s]
 21%|██        | 163/782 [00:07<00:26, 23.48it/s]
 21%|██        | 166/782 [00:07<00:25, 24.11it/s]
 22%|██▏       | 169/782 [00:07<00:25, 23.91it/s]
 22%|██▏       | 172/782 [00:07<00:25, 23.84it/s]
 22%|██▏       | 175/782 [00:07<00:26, 23.30it/s]
 23%|██▎       | 178/782 [00:07<00:26, 22.96it/s]
 23%|██▎       | 181/782 [00:07<00:25, 23.23it/s]
 24%|██▎       | 184/782 [00:08<00:25, 23.27it/s]
 24%|██▍       | 187/782 [00:08<00:25, 23.01it/s]
 24%|██▍       | 190/782 [00:08<00:25, 23.46it/s]
 25%|██▍       | 193/782 [00:08<00:25, 23.44it/s]
 25%|██▌       | 196/782 [00:08<00:25, 23.05it/s]
 25%|██▌       | 199/782 [00:08<00:25, 22.64it/s]
 26%|██▌       | 202/782 [00:08<00:24, 23.26it/s]
 26%|██▌       | 205/782 [00:08<00:25, 22.85it/s]
 27%|██▋       | 208/782 [00:09<00:25, 22.16it/s]
 27%|██▋       | 211/782 [00:09<00:25, 22.33it/s]
 27%|██▋       | 214/782 [00:09<00:25, 22.43it/s]
 28%|██▊       | 217/782 [00:09<00:25, 22.41it/s]
 28%|██▊       | 220/782 [00:09<00:24, 22.81it/s]
 29%|██▊       | 223/782 [00:09<00:24, 22.65it/s]
 29%|██▉       | 226/782 [00:09<00:24, 22.68it/s]
 29%|██▉       | 229/782 [00:09<00:24, 23.04it/s]
 30%|██▉       | 232/782 [00:10<00:23, 23.05it/s]
 30%|███       | 235/782 [00:10<00:22, 24.28it/s]
 30%|███       | 238/782 [00:10<00:22, 23.88it/s]
 31%|███       | 241/782 [00:10<00:22, 23.89it/s]
 31%|███       | 244/782 [00:10<00:23, 23.26it/s]
 32%|███▏      | 247/782 [00:10<00:22, 23.69it/s]
 32%|███▏      | 250/782 [00:10<00:21, 24.39it/s]
 32%|███▏      | 253/782 [00:10<00:22, 23.14it/s]
 33%|███▎      | 256/782 [00:11<00:22, 22.93it/s]
 33%|███▎      | 259/782 [00:11<00:22, 22.87it/s]
 34%|███▎      | 262/782 [00:11<00:22, 22.86it/s]
 34%|███▍      | 265/782 [00:11<00:23, 22.05it/s]
 34%|███▍      | 268/782 [00:11<00:22, 22.80it/s]
 35%|███▍      | 271/782 [00:11<00:21, 23.38it/s]
 35%|███▌      | 274/782 [00:11<00:22, 23.09it/s]
 35%|███▌      | 277/782 [00:12<00:20, 24.28it/s]
 36%|███▌      | 280/782 [00:12<00:21, 23.60it/s]
 36%|███▌      | 283/782 [00:12<00:21, 23.45it/s]
 37%|███▋      | 286/782 [00:12<00:21, 23.15it/s]
 37%|███▋      | 289/782 [00:12<00:21, 23.12it/s]
 37%|███▋      | 292/782 [00:12<00:20, 23.53it/s]
 38%|███▊      | 295/782 [00:12<00:21, 23.11it/s]
 38%|███▊      | 298/782 [00:12<00:20, 23.49it/s]
 38%|███▊      | 301/782 [00:13<00:20, 23.35it/s]
 39%|███▉      | 304/782 [00:13<00:20, 22.92it/s]
 39%|███▉      | 307/782 [00:13<00:21, 22.43it/s]
 40%|███▉      | 310/782 [00:13<00:20, 22.62it/s]
 40%|████      | 313/782 [00:13<00:21, 22.12it/s]
 40%|████      | 316/782 [00:13<00:21, 21.94it/s]
 41%|████      | 319/782 [00:13<00:20, 22.46it/s]
 41%|████      | 322/782 [00:14<00:20, 22.63it/s]
 42%|████▏     | 325/782 [00:14<00:19, 22.90it/s]
 42%|████▏     | 328/782 [00:14<00:20, 22.61it/s]
 42%|████▏     | 331/782 [00:14<00:20, 22.10it/s]
 43%|████▎     | 334/782 [00:14<00:19, 22.93it/s]
 43%|████▎     | 337/782 [00:14<00:19, 22.78it/s]
 43%|████▎     | 340/782 [00:14<00:19, 22.36it/s]
 44%|████▍     | 343/782 [00:14<00:19, 22.15it/s]
 44%|████▍     | 346/782 [00:15<00:19, 22.03it/s]
 45%|████▍     | 349/782 [00:15<00:19, 22.32it/s]
 45%|████▌     | 352/782 [00:15<00:19, 22.06it/s]
 45%|████▌     | 355/782 [00:15<00:19, 21.99it/s]
 46%|████▌     | 358/782 [00:15<00:19, 21.92it/s]
 46%|████▌     | 361/782 [00:15<00:18, 22.33it/s]
 47%|████▋     | 364/782 [00:15<00:18, 22.42it/s]
 47%|████▋     | 367/782 [00:16<00:18, 22.44it/s]
 47%|████▋     | 370/782 [00:16<00:17, 23.44it/s]
 48%|████▊     | 373/782 [00:16<00:17, 23.10it/s]
 48%|████▊     | 376/782 [00:16<00:17, 22.66it/s]
 48%|████▊     | 379/782 [00:16<00:18, 22.33it/s]
 49%|████▉     | 382/782 [00:16<00:17, 22.38it/s]
 49%|████▉     | 385/782 [00:16<00:17, 22.30it/s]
 50%|████▉     | 388/782 [00:16<00:17, 22.08it/s]
 50%|█████     | 391/782 [00:17<00:17, 22.15it/s]
 50%|█████     | 394/782 [00:17<00:17, 22.02it/s]
 51%|█████     | 397/782 [00:17<00:17, 22.09it/s]
 51%|█████     | 400/782 [00:17<00:16, 22.64it/s]
 52%|█████▏    | 403/782 [00:17<00:16, 22.68it/s]
 52%|█████▏    | 406/782 [00:17<00:16, 22.93it/s]
 52%|█████▏    | 409/782 [00:17<00:16, 22.99it/s]
 53%|█████▎    | 412/782 [00:18<00:16, 22.92it/s]
 53%|█████▎    | 415/782 [00:18<00:15, 22.98it/s]
 53%|█████▎    | 418/782 [00:18<00:15, 22.89it/s]
 54%|█████▍    | 421/782 [00:18<00:16, 22.28it/s]
 54%|█████▍    | 424/782 [00:18<00:16, 22.22it/s]
 55%|█████▍    | 427/782 [00:18<00:15, 22.86it/s]
 55%|█████▍    | 430/782 [00:18<00:14, 23.65it/s]
 55%|█████▌    | 433/782 [00:18<00:14, 23.46it/s]
 56%|█████▌    | 436/782 [00:19<00:15, 23.00it/s]
 56%|█████▌    | 439/782 [00:19<00:15, 22.48it/s]
 57%|█████▋    | 442/782 [00:19<00:15, 22.39it/s]
 57%|█████▋    | 445/782 [00:19<00:14, 23.24it/s]
 57%|█████▋    | 448/782 [00:19<00:14, 22.74it/s]
 58%|█████▊    | 451/782 [00:19<00:14, 22.54it/s]
 58%|█████▊    | 454/782 [00:19<00:14, 22.73it/s]
 58%|█████▊    | 457/782 [00:19<00:13, 23.40it/s]
 59%|█████▉    | 460/782 [00:20<00:13, 23.79it/s]
 59%|█████▉    | 463/782 [00:20<00:13, 23.05it/s]
 60%|█████▉    | 466/782 [00:20<00:13, 22.99it/s]
 60%|█████▉    | 469/782 [00:20<00:13, 23.52it/s]
 60%|██████    | 472/782 [00:20<00:13, 23.59it/s]
 61%|██████    | 475/782 [00:20<00:12, 23.71it/s]
 61%|██████    | 478/782 [00:20<00:13, 23.25it/s]
 62%|██████▏   | 481/782 [00:21<00:13, 22.40it/s]
 62%|██████▏   | 484/782 [00:21<00:13, 21.88it/s]
 62%|██████▏   | 487/782 [00:21<00:13, 21.62it/s]
 63%|██████▎   | 490/782 [00:21<00:13, 21.93it/s]
 63%|██████▎   | 493/782 [00:21<00:13, 21.97it/s]
 63%|██████▎   | 496/782 [00:21<00:12, 22.76it/s]
 64%|██████▍   | 499/782 [00:21<00:12, 22.54it/s]
 64%|██████▍   | 502/782 [00:21<00:12, 22.52it/s]
 65%|██████▍   | 505/782 [00:22<00:12, 22.56it/s]
 65%|██████▍   | 508/782 [00:22<00:12, 22.43it/s]
 65%|██████▌   | 511/782 [00:22<00:12, 21.93it/s]
 66%|██████▌   | 514/782 [00:22<00:12, 21.80it/s]
 66%|██████▌   | 517/782 [00:22<00:11, 22.57it/s]
 66%|██████▋   | 520/782 [00:22<00:11, 22.55it/s]
 67%|██████▋   | 523/782 [00:22<00:11, 22.79it/s]
 67%|██████▋   | 526/782 [00:23<00:11, 22.72it/s]
 68%|██████▊   | 529/782 [00:23<00:11, 22.74it/s]
 68%|██████▊   | 532/782 [00:23<00:11, 22.49it/s]
 68%|██████▊   | 535/782 [00:23<00:10, 22.79it/s]
 69%|██████▉   | 538/782 [00:23<00:10, 22.58it/s]
 69%|██████▉   | 541/782 [00:23<00:10, 22.58it/s]
 70%|██████▉   | 544/782 [00:23<00:10, 22.24it/s]
 70%|██████▉   | 547/782 [00:23<00:10, 21.77it/s]
 70%|███████   | 550/782 [00:24<00:10, 21.68it/s]
 71%|███████   | 553/782 [00:24<00:10, 21.48it/s]
 71%|███████   | 556/782 [00:24<00:10, 21.37it/s]
 71%|███████▏  | 559/782 [00:24<00:10, 21.64it/s]
 72%|███████▏  | 562/782 [00:24<00:10, 21.67it/s]
 72%|███████▏  | 565/782 [00:24<00:09, 22.22it/s]
 73%|███████▎  | 568/782 [00:24<00:09, 23.36it/s]
 73%|███████▎  | 571/782 [00:25<00:08, 24.01it/s]
 73%|███████▎  | 574/782 [00:25<00:08, 23.54it/s]
 74%|███████▍  | 577/782 [00:25<00:08, 23.22it/s]
 74%|███████▍  | 580/782 [00:25<00:08, 23.36it/s]
 75%|███████▍  | 583/782 [00:25<00:08, 23.07it/s]
 75%|███████▍  | 586/782 [00:25<00:08, 23.18it/s]
 75%|███████▌  | 589/782 [00:25<00:08, 22.56it/s]
 76%|███████▌  | 592/782 [00:25<00:08, 22.33it/s]
 76%|███████▌  | 595/782 [00:26<00:08, 22.83it/s]
 76%|███████▋  | 598/782 [00:26<00:07, 23.03it/s]
 77%|███████▋  | 601/782 [00:26<00:08, 22.53it/s]
 77%|███████▋  | 604/782 [00:26<00:07, 22.93it/s]
 78%|███████▊  | 607/782 [00:26<00:07, 22.12it/s]
 78%|███████▊  | 610/782 [00:26<00:07, 21.97it/s]
 78%|███████▊  | 613/782 [00:26<00:07, 22.33it/s]
 79%|███████▉  | 616/782 [00:27<00:07, 22.98it/s]
 79%|███████▉  | 619/782 [00:27<00:07, 22.47it/s]
 80%|███████▉  | 622/782 [00:27<00:07, 22.51it/s]
 80%|███████▉  | 625/782 [00:27<00:07, 22.26it/s]
 80%|████████  | 628/782 [00:27<00:06, 22.11it/s]
 81%|████████  | 631/782 [00:27<00:06, 22.37it/s]
 81%|████████  | 634/782 [00:27<00:06, 22.38it/s]
 81%|████████▏ | 637/782 [00:27<00:06, 22.66it/s]
 82%|████████▏ | 640/782 [00:28<00:06, 22.40it/s]
 82%|████████▏ | 643/782 [00:28<00:06, 22.62it/s]
 83%|████████▎ | 646/782 [00:28<00:05, 23.03it/s]
 83%|████████▎ | 649/782 [00:28<00:05, 22.62it/s]
 83%|████████▎ | 652/782 [00:28<00:05, 22.73it/s]
 84%|████████▍ | 655/782 [00:28<00:05, 22.78it/s]
 84%|████████▍ | 658/782 [00:28<00:05, 22.98it/s]
 85%|████████▍ | 661/782 [00:29<00:05, 23.13it/s]
 85%|████████▍ | 664/782 [00:29<00:05, 23.30it/s]
 85%|████████▌ | 667/782 [00:29<00:04, 23.10it/s]
 86%|████████▌ | 670/782 [00:29<00:04, 23.22it/s]
 86%|████████▌ | 673/782 [00:29<00:04, 23.07it/s]
 86%|████████▋ | 676/782 [00:29<00:04, 22.77it/s]
 87%|████████▋ | 679/782 [00:29<00:04, 22.40it/s]
 87%|████████▋ | 682/782 [00:29<00:04, 22.00it/s]
 88%|████████▊ | 685/782 [00:30<00:04, 22.48it/s]
 88%|████████▊ | 688/782 [00:30<00:04, 22.01it/s]
 88%|████████▊ | 691/782 [00:30<00:04, 22.16it/s]
 89%|████████▊ | 694/782 [00:30<00:03, 22.50it/s]
 89%|████████▉ | 697/782 [00:30<00:03, 22.10it/s]
 90%|████████▉ | 700/782 [00:30<00:03, 22.11it/s]
 90%|████████▉ | 703/782 [00:30<00:03, 22.19it/s]
 90%|█████████ | 706/782 [00:31<00:03, 22.99it/s]
 91%|█████████ | 709/782 [00:31<00:03, 23.04it/s]
 91%|█████████ | 712/782 [00:31<00:03, 22.59it/s]
 91%|█████████▏| 715/782 [00:31<00:02, 22.41it/s]
 92%|█████████▏| 718/782 [00:31<00:02, 22.62it/s]
 92%|█████████▏| 721/782 [00:31<00:02, 23.12it/s]
 93%|█████████▎| 724/782 [00:31<00:02, 23.52it/s]
 93%|█████████▎| 727/782 [00:31<00:02, 23.26it/s]
 93%|█████████▎| 730/782 [00:32<00:02, 22.99it/s]
 94%|█████████▎| 733/782 [00:32<00:02, 23.88it/s]
 94%|█████████▍| 736/782 [00:32<00:01, 24.15it/s]
 95%|█████████▍| 739/782 [00:32<00:01, 24.26it/s]
 95%|█████████▍| 742/782 [00:32<00:01, 24.05it/s]
 95%|█████████▌| 745/782 [00:32<00:01, 24.59it/s]
 96%|█████████▌| 748/782 [00:32<00:01, 24.58it/s]
 96%|█████████▌| 751/782 [00:32<00:01, 23.59it/s]
 96%|█████████▋| 754/782 [00:33<00:01, 23.30it/s]
 97%|█████████▋| 757/782 [00:33<00:01, 23.05it/s]
 97%|█████████▋| 760/782 [00:33<00:00, 22.64it/s]
 98%|█████████▊| 763/782 [00:33<00:00, 22.86it/s]
 98%|█████████▊| 766/782 [00:33<00:00, 22.24it/s]
 98%|█████████▊| 769/782 [00:33<00:00, 22.41it/s]
 99%|█████████▊| 772/782 [00:33<00:00, 21.75it/s]
 99%|█████████▉| 775/782 [00:34<00:00, 21.63it/s]
 99%|█████████▉| 778/782 [00:34<00:00, 21.58it/s]
100%|█████████▉| 781/782 [00:34<00:00, 22.13it/s]
100%|██████████| 782/782 [00:34<00:00, 22.76it/s]
Model instantiation succeeded.
The training environment is set up successfully, using the following device: cuda.
Simulated training data created successfully.
Training step executed successfully.
  Train Loss: 2.2997, Test Loss: 2.2948
  Train Acc: 0.1265, Test Acc: 0.1298
  LR: 0.000000, Grad Norm: 0.3808, Throughput: 844.9 samples/s
accuracy_to_time_metric 0.05035375925932251
  - Saved stats (fallback) to: /a/mm/ab/gpt/brute/ga/meta_evolution/stats_cifar10/img-classification_cifar-10_acc_GenFractalNet-0cc405568c85d0bfeca3e079e504d50e/1.json
  - Model persisted to ga_fractal_arch_cifar10/ (stats verified: 1 JSON file(s))

  ========================================
  >>> FITNESS SCORE: 12.98%  (source: hyperparameters.accuracy, checksum: 0cc405568c85d0bfeca3e079e504d50e)
  ========================================

  Evaluating Individual 7/20 ---- Generation: 1/5
  - Evaluating unique arch (checksum: 1cf00c88...)
Evaluating /a/mm/out_nneval_tmp_pid_300/nn/tmp/GenFractalNet-1cf00c88b0ad900e42dd94d6c85c8863-ca8092433a31e507dff619901be8950d.py...
epoch 1

  0%|          | 0/782 [00:00<?, ?it/s]
  0%|          | 3/782 [00:00<00:26, 28.97it/s]
  1%|▏         | 11/782 [00:00<00:13, 57.02it/s]
  2%|▏         | 19/782 [00:00<00:11, 65.20it/s]
  3%|▎         | 27/782 [00:00<00:11, 67.83it/s]
  4%|▍         | 35/782 [00:00<00:10, 69.33it/s]
  5%|▌         | 43/782 [00:00<00:10, 70.93it/s]
  7%|▋         | 51/782 [00:00<00:10, 72.62it/s]
  8%|▊         | 59/782 [00:00<00:09, 74.11it/s]
  9%|▊         | 67/782 [00:00<00:09, 74.88it/s]
 10%|▉         | 75/782 [00:01<00:09, 74.58it/s]
 11%|█         | 83/782 [00:01<00:09, 73.10it/s]
 12%|█▏        | 91/782 [00:01<00:09, 74.33it/s]
 13%|█▎        | 99/782 [00:01<00:09, 74.53it/s]
 14%|█▎        | 107/782 [00:01<00:08, 75.23it/s]
 15%|█▍        | 115/782 [00:01<00:08, 74.61it/s]
 16%|█▌        | 123/782 [00:01<00:08, 73.24it/s]
 17%|█▋        | 131/782 [00:01<00:08, 72.87it/s]
 18%|█▊        | 139/782 [00:01<00:08, 73.03it/s]
 19%|█▉        | 147/782 [00:02<00:08, 74.28it/s]
 20%|█▉        | 155/782 [00:02<00:08, 74.92it/s]
 21%|██        | 163/782 [00:02<00:08, 75.24it/s]
 22%|██▏       | 171/782 [00:02<00:08, 75.07it/s]
 23%|██▎       | 179/782 [00:02<00:07, 75.71it/s]
 24%|██▍       | 187/782 [00:02<00:07, 76.66it/s]
 25%|██▍       | 195/782 [00:02<00:07, 76.76it/s]
 26%|██▌       | 203/782 [00:02<00:07, 76.46it/s]
 27%|██▋       | 211/782 [00:02<00:07, 75.77it/s]
 28%|██▊       | 219/782 [00:02<00:07, 76.14it/s]
 29%|██▉       | 227/782 [00:03<00:07, 76.56it/s]
 30%|███       | 235/782 [00:03<00:07, 75.61it/s]
 31%|███       | 243/782 [00:03<00:07, 76.48it/s]
 32%|███▏      | 251/782 [00:03<00:07, 75.68it/s]
 33%|███▎      | 259/782 [00:03<00:06, 76.36it/s]
 34%|███▍      | 267/782 [00:03<00:06, 76.48it/s]
 35%|███▌      | 275/782 [00:03<00:06, 77.09it/s]
 36%|███▌      | 283/782 [00:03<00:06, 76.42it/s]
 37%|███▋      | 291/782 [00:03<00:06, 76.70it/s]
 38%|███▊      | 299/782 [00:04<00:06, 76.89it/s]
 39%|███▉      | 307/782 [00:04<00:06, 76.93it/s]
 40%|████      | 315/782 [00:04<00:06, 77.20it/s]
 41%|████▏     | 323/782 [00:04<00:05, 76.58it/s]
 42%|████▏     | 331/782 [00:04<00:05, 76.86it/s]
 43%|████▎     | 339/782 [00:04<00:05, 77.71it/s]
 44%|████▍     | 347/782 [00:04<00:05, 77.91it/s]
 45%|████▌     | 355/782 [00:04<00:05, 77.02it/s]
 46%|████▋     | 363/782 [00:04<00:05, 76.71it/s]
 47%|████▋     | 371/782 [00:04<00:05, 76.31it/s]
 48%|████▊     | 379/782 [00:05<00:05, 75.67it/s]
 49%|████▉     | 387/782 [00:05<00:05, 75.75it/s]
 51%|█████     | 395/782 [00:05<00:05, 76.11it/s]
 52%|█████▏    | 403/782 [00:05<00:05, 75.45it/s]
 53%|█████▎    | 411/782 [00:05<00:04, 75.51it/s]
 54%|█████▎    | 419/782 [00:05<00:04, 75.14it/s]
 55%|█████▍    | 427/782 [00:05<00:04, 74.70it/s]
 56%|█████▌    | 435/782 [00:05<00:04, 74.72it/s]
 57%|█████▋    | 443/782 [00:05<00:04, 74.96it/s]
 58%|█████▊    | 451/782 [00:06<00:04, 75.31it/s]
 59%|█████▊    | 459/782 [00:06<00:04, 75.00it/s]
 60%|█████▉    | 467/782 [00:06<00:04, 74.79it/s]
 61%|██████    | 475/782 [00:06<00:04, 74.94it/s]
 62%|██████▏   | 483/782 [00:06<00:03, 75.22it/s]
 63%|██████▎   | 491/782 [00:06<00:03, 75.73it/s]
 64%|██████▍   | 499/782 [00:06<00:03, 75.54it/s]
 65%|██████▍   | 507/782 [00:06<00:03, 75.31it/s]
 66%|██████▌   | 515/782 [00:06<00:03, 75.59it/s]
 67%|██████▋   | 523/782 [00:06<00:03, 76.28it/s]
 68%|██████▊   | 531/782 [00:07<00:03, 75.68it/s]
 69%|██████▉   | 539/782 [00:07<00:03, 75.26it/s]
 70%|██████▉   | 547/782 [00:07<00:03, 75.83it/s]
 71%|███████   | 555/782 [00:07<00:02, 76.04it/s]
 72%|███████▏  | 563/782 [00:07<00:02, 76.92it/s]
 73%|███████▎  | 571/782 [00:07<00:02, 76.09it/s]
 74%|███████▍  | 579/782 [00:07<00:02, 75.98it/s]
 75%|███████▌  | 587/782 [00:07<00:02, 76.35it/s]
 76%|███████▌  | 595/782 [00:07<00:02, 76.41it/s]
 77%|███████▋  | 603/782 [00:08<00:02, 76.52it/s]
 78%|███████▊  | 611/782 [00:08<00:02, 76.42it/s]
 79%|███████▉  | 619/782 [00:08<00:02, 76.26it/s]
 80%|████████  | 627/782 [00:08<00:02, 76.09it/s]
 81%|████████  | 635/782 [00:08<00:01, 75.85it/s]
 82%|████████▏ | 643/782 [00:08<00:01, 76.32it/s]
 83%|████████▎ | 651/782 [00:08<00:01, 76.12it/s]
 84%|████████▍ | 659/782 [00:08<00:01, 76.34it/s]
 85%|████████▌ | 667/782 [00:08<00:01, 76.58it/s]
 86%|████████▋ | 675/782 [00:08<00:01, 76.94it/s]
 87%|████████▋ | 683/782 [00:09<00:01, 76.50it/s]
 88%|████████▊ | 691/782 [00:09<00:01, 77.00it/s]
 89%|████████▉ | 699/782 [00:09<00:01, 76.01it/s]
 90%|█████████ | 707/782 [00:09<00:00, 76.49it/s]
 91%|█████████▏| 715/782 [00:09<00:00, 76.31it/s]
 92%|█████████▏| 723/782 [00:09<00:00, 74.70it/s]
 93%|█████████▎| 731/782 [00:09<00:00, 75.09it/s]
 95%|█████████▍| 739/782 [00:09<00:00, 75.37it/s]
 96%|█████████▌| 747/782 [00:09<00:00, 76.01it/s]
 97%|█████████▋| 755/782 [00:10<00:00, 76.17it/s]
 98%|█████████▊| 763/782 [00:10<00:00, 76.53it/s]
 99%|█████████▊| 771/782 [00:10<00:00, 76.65it/s]
100%|█████████▉| 779/782 [00:10<00:00, 76.29it/s]
100%|██████████| 782/782 [00:10<00:00, 74.95it/s]
Model instantiation succeeded.
The training environment is set up successfully, using the following device: cuda.
Simulated training data created successfully.
Training step executed successfully.
  Train Loss: 2.2068, Test Loss: 2.2070
  Train Acc: 0.1841, Test Acc: 0.1854
  LR: 0.000000, Grad Norm: 0.3678, Throughput: 2089.5 samples/s
accuracy_to_time_metric 0.3568721836354274
  - Saved stats (fallback) to: /a/mm/ab/gpt/brute/ga/meta_evolution/stats_cifar10/img-classification_cifar-10_acc_GenFractalNet-1cf00c88b0ad900e42dd94d6c85c8863/1.json
  - Model persisted to ga_fractal_arch_cifar10/ (stats verified: 1 JSON file(s))

  ========================================
  >>> FITNESS SCORE: 18.54%  (source: hyperparameters.accuracy, checksum: 1cf00c88b0ad900e42dd94d6c85c8863)
  ========================================

  [Archive] Cell (4, 32) updated with fitness: 18.5400
  Evaluating Individual 8/20 ---- Generation: 1/5
  - Evaluating unique arch (checksum: 03533464...)
Evaluating /a/mm/out_nneval_tmp_pid_300/nn/tmp/GenFractalNet-0353346471a124c90b88748a723c7ebc-99737f2a4c3759209848102f509a4c91.py...
epoch 1

  0%|          | 0/782 [00:00<?, ?it/s]
  0%|          | 1/782 [00:00<01:22,  9.44it/s]
  1%|          | 7/782 [00:00<00:22, 34.73it/s]
  2%|▏         | 13/782 [00:00<00:17, 42.80it/s]
  2%|▏         | 19/782 [00:00<00:16, 46.73it/s]
  3%|▎         | 25/782 [00:00<00:15, 48.52it/s]
  4%|▍         | 31/782 [00:00<00:15, 50.06it/s]
  5%|▍         | 37/782 [00:00<00:14, 51.38it/s]
  5%|▌         | 43/782 [00:00<00:14, 51.67it/s]
  6%|▋         | 49/782 [00:01<00:14, 52.14it/s]
  7%|▋         | 55/782 [00:01<00:13, 52.46it/s]
  8%|▊         | 61/782 [00:01<00:13, 52.71it/s]
  9%|▊         | 67/782 [00:01<00:14, 50.70it/s]
  9%|▉         | 73/782 [00:01<00:13, 50.94it/s]
 10%|█         | 79/782 [00:01<00:13, 51.09it/s]
 11%|█         | 85/782 [00:01<00:13, 51.49it/s]
 12%|█▏        | 91/782 [00:01<00:13, 52.03it/s]
 12%|█▏        | 97/782 [00:01<00:13, 52.27it/s]
 13%|█▎        | 103/782 [00:02<00:12, 53.03it/s]
 14%|█▍        | 109/782 [00:02<00:12, 52.58it/s]
 15%|█▍        | 115/782 [00:02<00:12, 51.59it/s]
 15%|█▌        | 121/782 [00:02<00:12, 51.23it/s]
 16%|█▌        | 127/782 [00:02<00:12, 50.91it/s]
 17%|█▋        | 133/782 [00:02<00:12, 51.07it/s]
 18%|█▊        | 139/782 [00:02<00:12, 51.19it/s]
 19%|█▊        | 145/782 [00:02<00:13, 48.86it/s]
 19%|█▉        | 150/782 [00:03<00:13, 47.36it/s]
 20%|█▉        | 155/782 [00:03<00:13, 47.21it/s]
 21%|██        | 161/782 [00:03<00:12, 49.02it/s]
 21%|██▏       | 167/782 [00:03<00:12, 50.02it/s]
 22%|██▏       | 173/782 [00:03<00:11, 50.78it/s]
 23%|██▎       | 179/782 [00:03<00:11, 50.98it/s]
 24%|██▎       | 185/782 [00:03<00:11, 51.21it/s]
 24%|██▍       | 191/782 [00:03<00:11, 51.63it/s]
 25%|██▌       | 197/782 [00:03<00:11, 51.47it/s]
 26%|██▌       | 203/782 [00:04<00:11, 51.88it/s]
 27%|██▋       | 209/782 [00:04<00:11, 51.75it/s]
 27%|██▋       | 215/782 [00:04<00:10, 52.11it/s]
 28%|██▊       | 221/782 [00:04<00:10, 52.37it/s]
 29%|██▉       | 227/782 [00:04<00:10, 52.64it/s]
 30%|██▉       | 233/782 [00:04<00:10, 52.68it/s]
 31%|███       | 239/782 [00:04<00:10, 52.37it/s]
 31%|███▏      | 245/782 [00:04<00:10, 52.02it/s]
 32%|███▏      | 251/782 [00:04<00:10, 52.30it/s]
 33%|███▎      | 257/782 [00:05<00:10, 52.28it/s]
 34%|███▎      | 263/782 [00:05<00:09, 52.48it/s]
 34%|███▍      | 269/782 [00:05<00:09, 52.56it/s]
 35%|███▌      | 275/782 [00:05<00:09, 53.10it/s]
 36%|███▌      | 281/782 [00:05<00:09, 52.52it/s]
 37%|███▋      | 287/782 [00:05<00:09, 52.71it/s]
 37%|███▋      | 293/782 [00:05<00:09, 52.47it/s]
 38%|███▊      | 299/782 [00:05<00:09, 52.54it/s]
 39%|███▉      | 305/782 [00:05<00:09, 52.28it/s]
 40%|███▉      | 311/782 [00:06<00:09, 51.92it/s]
 41%|████      | 317/782 [00:06<00:08, 52.02it/s]
 41%|████▏     | 323/782 [00:06<00:08, 51.49it/s]
 42%|████▏     | 329/782 [00:06<00:08, 52.07it/s]
 43%|████▎     | 335/782 [00:06<00:08, 52.24it/s]
 44%|████▎     | 341/782 [00:06<00:08, 52.27it/s]
 44%|████▍     | 347/782 [00:06<00:08, 52.10it/s]
 45%|████▌     | 353/782 [00:06<00:08, 52.81it/s]
 46%|████▌     | 359/782 [00:07<00:08, 51.96it/s]
 47%|████▋     | 365/782 [00:07<00:07, 52.35it/s]
 47%|████▋     | 371/782 [00:07<00:07, 52.74it/s]
 48%|████▊     | 377/782 [00:07<00:07, 53.03it/s]
 49%|████▉     | 383/782 [00:07<00:07, 52.35it/s]
 50%|████▉     | 389/782 [00:07<00:07, 52.55it/s]
 51%|█████     | 395/782 [00:07<00:07, 52.65it/s]
 51%|█████▏    | 401/782 [00:07<00:07, 52.72it/s]
 52%|█████▏    | 407/782 [00:07<00:07, 52.23it/s]
 53%|█████▎    | 413/782 [00:08<00:07, 51.95it/s]
 54%|█████▎    | 419/782 [00:08<00:06, 52.43it/s]
 54%|█████▍    | 425/782 [00:08<00:06, 52.88it/s]
 55%|█████▌    | 431/782 [00:08<00:06, 52.71it/s]
 56%|█████▌    | 437/782 [00:08<00:06, 53.20it/s]
 57%|█████▋    | 443/782 [00:08<00:06, 53.22it/s]
 57%|█████▋    | 449/782 [00:08<00:06, 53.35it/s]
 58%|█████▊    | 455/782 [00:08<00:06, 52.91it/s]
 59%|█████▉    | 461/782 [00:08<00:06, 52.61it/s]
 60%|█████▉    | 467/782 [00:09<00:05, 52.64it/s]
 60%|██████    | 473/782 [00:09<00:05, 52.65it/s]
 61%|██████▏   | 479/782 [00:09<00:05, 52.77it/s]
 62%|██████▏   | 485/782 [00:09<00:05, 52.95it/s]
 63%|██████▎   | 491/782 [00:09<00:05, 53.20it/s]
 64%|██████▎   | 497/782 [00:09<00:05, 53.39it/s]
 64%|██████▍   | 503/782 [00:09<00:05, 52.73it/s]
 65%|██████▌   | 509/782 [00:09<00:05, 52.89it/s]
 66%|██████▌   | 515/782 [00:09<00:05, 52.26it/s]
 67%|██████▋   | 521/782 [00:10<00:04, 52.29it/s]
 67%|██████▋   | 527/782 [00:10<00:04, 52.29it/s]
 68%|██████▊   | 533/782 [00:10<00:04, 52.53it/s]
 69%|██████▉   | 539/782 [00:10<00:04, 52.66it/s]
 70%|██████▉   | 545/782 [00:10<00:04, 52.81it/s]
 70%|███████   | 551/782 [00:10<00:04, 52.90it/s]
 71%|███████   | 557/782 [00:10<00:04, 52.74it/s]
 72%|███████▏  | 563/782 [00:10<00:04, 52.52it/s]
 73%|███████▎  | 569/782 [00:11<00:04, 52.29it/s]
 74%|███████▎  | 575/782 [00:11<00:03, 52.19it/s]
 74%|███████▍  | 581/782 [00:11<00:03, 52.15it/s]
 75%|███████▌  | 587/782 [00:11<00:03, 52.74it/s]
 76%|███████▌  | 593/782 [00:11<00:03, 52.54it/s]
 77%|███████▋  | 599/782 [00:11<00:03, 52.50it/s]
 77%|███████▋  | 605/782 [00:11<00:03, 53.15it/s]
 78%|███████▊  | 611/782 [00:11<00:03, 53.04it/s]
 79%|███████▉  | 617/782 [00:11<00:03, 52.46it/s]
 80%|███████▉  | 623/782 [00:12<00:03, 52.13it/s]
 80%|████████  | 629/782 [00:12<00:02, 52.01it/s]
 81%|████████  | 635/782 [00:12<00:02, 52.10it/s]
 82%|████████▏ | 641/782 [00:12<00:02, 51.98it/s]
 83%|████████▎ | 647/782 [00:12<00:02, 51.53it/s]
 84%|████████▎ | 653/782 [00:12<00:02, 51.95it/s]
 84%|████████▍ | 659/782 [00:12<00:02, 52.61it/s]
 85%|████████▌ | 665/782 [00:12<00:02, 52.50it/s]
 86%|████████▌ | 671/782 [00:12<00:02, 52.56it/s]
 87%|████████▋ | 677/782 [00:13<00:01, 53.29it/s]
 87%|████████▋ | 683/782 [00:13<00:01, 53.29it/s]
 88%|████████▊ | 689/782 [00:13<00:01, 54.39it/s]
 89%|████████▉ | 695/782 [00:13<00:01, 54.54it/s]
 90%|████████▉ | 701/782 [00:13<00:01, 54.21it/s]
 90%|█████████ | 707/782 [00:13<00:01, 53.56it/s]
 91%|█████████ | 713/782 [00:13<00:01, 53.08it/s]
 92%|█████████▏| 719/782 [00:13<00:01, 53.08it/s]
 93%|█████████▎| 725/782 [00:13<00:01, 52.62it/s]
 93%|█████████▎| 731/782 [00:14<00:00, 52.44it/s]
 94%|█████████▍| 737/782 [00:14<00:00, 52.70it/s]
 95%|█████████▌| 743/782 [00:14<00:00, 53.15it/s]
 96%|█████████▌| 749/782 [00:14<00:00, 53.53it/s]
 97%|█████████▋| 755/782 [00:14<00:00, 53.31it/s]
 97%|█████████▋| 761/782 [00:14<00:00, 53.59it/s]
 98%|█████████▊| 767/782 [00:14<00:00, 53.94it/s]
 99%|█████████▉| 773/782 [00:14<00:00, 53.25it/s]
100%|█████████▉| 779/782 [00:14<00:00, 52.76it/s]
100%|██████████| 782/782 [00:15<00:00, 51.86it/s]
Model instantiation succeeded.
The training environment is set up successfully, using the following device: cuda.
Simulated training data created successfully.
Training step executed successfully.
  Train Loss: 2.0947, Test Loss: 2.0915
  Train Acc: 0.1696, Test Acc: 0.1734
  LR: 0.000001, Grad Norm: 1.1276, Throughput: 1718.6 samples/s
accuracy_to_time_metric 0.2522849655037599
  - Saved stats (fallback) to: /a/mm/ab/gpt/brute/ga/meta_evolution/stats_cifar10/img-classification_cifar-10_acc_GenFractalNet-0353346471a124c90b88748a723c7ebc/1.json
  - Model persisted to ga_fractal_arch_cifar10/ (stats verified: 1 JSON file(s))

  ========================================
  >>> FITNESS SCORE: 17.34%  (source: hyperparameters.accuracy, checksum: 0353346471a124c90b88748a723c7ebc)
  ========================================

  Evaluating Individual 9/20 ---- Generation: 1/5
  - Evaluating unique arch (checksum: 61e0d217...)
Evaluating /a/mm/out_nneval_tmp_pid_300/nn/tmp/GenFractalNet-61e0d217a822eb7d8ec835b2d94acb22-0f1b03ee59106ba5b55f3dafe0b9948b.py...
epoch 1

  0%|          | 0/782 [00:00<?, ?it/s]
  0%|          | 2/782 [00:00<00:41, 18.70it/s]
  1%|          | 7/782 [00:00<00:22, 35.06it/s]
  2%|▏         | 12/782 [00:00<00:19, 39.54it/s]
  2%|▏         | 17/782 [00:00<00:18, 42.16it/s]
  3%|▎         | 22/782 [00:00<00:17, 43.90it/s]
  3%|▎         | 27/782 [00:00<00:17, 43.47it/s]
  4%|▍         | 32/782 [00:00<00:16, 44.58it/s]
  5%|▍         | 37/782 [00:00<00:16, 45.75it/s]
  5%|▌         | 42/782 [00:00<00:16, 46.09it/s]
  6%|▌         | 47/782 [00:01<00:15, 46.36it/s]
  7%|▋         | 53/782 [00:01<00:15, 48.04it/s]
  7%|▋         | 58/782 [00:01<00:15, 47.74it/s]
  8%|▊         | 63/782 [00:01<00:15, 46.92it/s]
  9%|▊         | 68/782 [00:01<00:15, 46.01it/s]
  9%|▉         | 73/782 [00:01<00:15, 46.24it/s]
 10%|▉         | 78/782 [00:01<00:15, 46.02it/s]
 11%|█         | 83/782 [00:01<00:15, 45.68it/s]
 11%|█▏        | 88/782 [00:01<00:14, 46.39it/s]
 12%|█▏        | 93/782 [00:02<00:15, 45.89it/s]
 13%|█▎        | 98/782 [00:02<00:14, 46.47it/s]
 13%|█▎        | 103/782 [00:02<00:14, 46.30it/s]
 14%|█▍        | 108/782 [00:02<00:14, 46.21it/s]
 14%|█▍        | 113/782 [00:02<00:14, 46.17it/s]
 15%|█▌        | 119/782 [00:02<00:14, 47.04it/s]
 16%|█▌        | 124/782 [00:02<00:14, 46.17it/s]
 16%|█▋        | 129/782 [00:02<00:14, 45.20it/s]
 17%|█▋        | 134/782 [00:02<00:14, 45.86it/s]
 18%|█▊        | 139/782 [00:03<00:13, 46.05it/s]
 18%|█▊        | 144/782 [00:03<00:13, 46.67it/s]
 19%|█▉        | 149/782 [00:03<00:13, 45.88it/s]
 20%|█▉        | 154/782 [00:03<00:13, 45.77it/s]
 20%|██        | 159/782 [00:03<00:13, 46.22it/s]
 21%|██        | 164/782 [00:03<00:13, 45.68it/s]
 22%|██▏       | 169/782 [00:03<00:13, 46.33it/s]
 22%|██▏       | 175/782 [00:03<00:12, 47.09it/s]
 23%|██▎       | 180/782 [00:03<00:12, 46.45it/s]
 24%|██▎       | 185/782 [00:04<00:12, 46.45it/s]
 24%|██▍       | 190/782 [00:04<00:12, 46.21it/s]
 25%|██▍       | 195/782 [00:04<00:12, 46.02it/s]
 26%|██▌       | 200/782 [00:04<00:12, 45.20it/s]
 26%|██▌       | 205/782 [00:04<00:12, 44.85it/s]
 27%|██▋       | 210/782 [00:04<00:12, 45.65it/s]
 27%|██▋       | 215/782 [00:04<00:12, 45.50it/s]
 28%|██▊       | 220/782 [00:04<00:12, 45.71it/s]
 29%|██▉       | 225/782 [00:04<00:12, 46.23it/s]
 29%|██▉       | 230/782 [00:05<00:11, 46.34it/s]
 30%|███       | 235/782 [00:05<00:11, 46.56it/s]
 31%|███       | 240/782 [00:05<00:11, 46.22it/s]
 31%|███▏      | 245/782 [00:05<00:11, 46.48it/s]
 32%|███▏      | 250/782 [00:05<00:11, 46.20it/s]
 33%|███▎      | 255/782 [00:05<00:11, 45.97it/s]
 33%|███▎      | 260/782 [00:05<00:11, 45.21it/s]
 34%|███▍      | 265/782 [00:05<00:11, 45.28it/s]
 35%|███▍      | 270/782 [00:05<00:11, 45.14it/s]
 35%|███▌      | 275/782 [00:06<00:11, 46.05it/s]
 36%|███▌      | 280/782 [00:06<00:10, 46.09it/s]
 36%|███▋      | 285/782 [00:06<00:10, 46.56it/s]
 37%|███▋      | 290/782 [00:06<00:10, 47.00it/s]
 38%|███▊      | 296/782 [00:06<00:10, 48.06it/s]
 38%|███▊      | 301/782 [00:06<00:10, 47.47it/s]
 39%|███▉      | 306/782 [00:06<00:10, 46.72it/s]
 40%|███▉      | 311/782 [00:06<00:10, 46.54it/s]
 40%|████      | 316/782 [00:06<00:09, 46.65it/s]
 41%|████      | 321/782 [00:07<00:10, 45.28it/s]
 42%|████▏     | 326/782 [00:07<00:10, 45.32it/s]
 42%|████▏     | 331/782 [00:07<00:09, 45.75it/s]
 43%|████▎     | 336/782 [00:07<00:09, 46.33it/s]
 44%|████▎     | 342/782 [00:07<00:09, 47.31it/s]
 44%|████▍     | 347/782 [00:07<00:09, 47.55it/s]
 45%|████▌     | 352/782 [00:07<00:09, 47.27it/s]
 46%|████▌     | 357/782 [00:07<00:09, 46.99it/s]
 46%|████▋     | 362/782 [00:07<00:09, 46.66it/s]
 47%|████▋     | 367/782 [00:07<00:08, 47.26it/s]
 48%|████▊     | 372/782 [00:08<00:08, 47.23it/s]
 48%|████▊     | 377/782 [00:08<00:08, 45.75it/s]
 49%|████▉     | 382/782 [00:08<00:08, 46.61it/s]
 49%|████▉     | 387/782 [00:08<00:08, 46.38it/s]
 50%|█████     | 392/782 [00:08<00:08, 46.55it/s]
 51%|█████     | 397/782 [00:08<00:08, 46.78it/s]
 51%|█████▏    | 402/782 [00:08<00:08, 45.64it/s]
 52%|█████▏    | 407/782 [00:08<00:08, 46.66it/s]
 53%|█████▎    | 412/782 [00:08<00:08, 45.35it/s]
 53%|█████▎    | 417/782 [00:09<00:08, 45.56it/s]
 54%|█████▍    | 422/782 [00:09<00:08, 44.74it/s]
 55%|█████▍    | 427/782 [00:09<00:07, 45.39it/s]
 55%|█████▌    | 432/782 [00:09<00:07, 44.72it/s]
 56%|█████▌    | 438/782 [00:09<00:07, 46.56it/s]
 57%|█████▋    | 443/782 [00:09<00:07, 46.79it/s]
 57%|█████▋    | 448/782 [00:09<00:07, 47.06it/s]
 58%|█████▊    | 453/782 [00:09<00:07, 46.02it/s]
 59%|█████▊    | 458/782 [00:09<00:06, 46.73it/s]
 59%|█████▉    | 463/782 [00:10<00:06, 46.88it/s]
 60%|█████▉    | 468/782 [00:10<00:06, 46.45it/s]
 60%|██████    | 473/782 [00:10<00:06, 46.32it/s]
 61%|██████    | 478/782 [00:10<00:06, 45.65it/s]
 62%|██████▏   | 483/782 [00:10<00:06, 45.36it/s]
 62%|██████▏   | 488/782 [00:10<00:06, 46.13it/s]
 63%|██████▎   | 493/782 [00:10<00:06, 45.77it/s]
 64%|██████▎   | 498/782 [00:10<00:06, 46.20it/s]
 64%|██████▍   | 503/782 [00:10<00:06, 45.91it/s]
 65%|██████▍   | 508/782 [00:11<00:05, 46.60it/s]
 66%|██████▌   | 513/782 [00:11<00:05, 46.65it/s]
 66%|██████▌   | 518/782 [00:11<00:05, 46.46it/s]
 67%|██████▋   | 523/782 [00:11<00:05, 46.73it/s]
 68%|██████▊   | 528/782 [00:11<00:05, 46.10it/s]
 68%|██████▊   | 533/782 [00:11<00:05, 46.62it/s]
 69%|██████▉   | 538/782 [00:11<00:05, 45.61it/s]
 69%|██████▉   | 543/782 [00:11<00:05, 46.31it/s]
 70%|███████   | 548/782 [00:11<00:05, 46.49it/s]
 71%|███████   | 553/782 [00:12<00:04, 46.82it/s]
 71%|███████▏  | 558/782 [00:12<00:04, 47.56it/s]
 72%|███████▏  | 563/782 [00:12<00:04, 47.50it/s]
 73%|███████▎  | 568/782 [00:12<00:04, 46.66it/s]
 73%|███████▎  | 573/782 [00:12<00:04, 47.24it/s]
 74%|███████▍  | 578/782 [00:12<00:04, 47.61it/s]
 75%|███████▍  | 583/782 [00:12<00:04, 47.11it/s]
 75%|███████▌  | 588/782 [00:12<00:04, 45.55it/s]
 76%|███████▌  | 594/782 [00:12<00:04, 46.99it/s]
 77%|███████▋  | 599/782 [00:12<00:03, 47.47it/s]
 77%|███████▋  | 604/782 [00:13<00:03, 47.32it/s]
 78%|███████▊  | 609/782 [00:13<00:03, 47.10it/s]
 79%|███████▊  | 614/782 [00:13<00:03, 46.55it/s]
 79%|███████▉  | 619/782 [00:13<00:03, 46.18it/s]
 80%|███████▉  | 624/782 [00:13<00:03, 46.54it/s]
 81%|████████  | 630/782 [00:13<00:03, 48.37it/s]
 81%|████████  | 635/782 [00:13<00:03, 47.75it/s]
 82%|████████▏ | 640/782 [00:13<00:03, 47.20it/s]
 82%|████████▏ | 645/782 [00:13<00:02, 47.38it/s]
 83%|████████▎ | 650/782 [00:14<00:02, 47.56it/s]
 84%|████████▍ | 655/782 [00:14<00:02, 46.26it/s]
 84%|████████▍ | 660/782 [00:14<00:02, 45.28it/s]
 85%|████████▌ | 665/782 [00:14<00:02, 44.93it/s]
 86%|████████▌ | 670/782 [00:14<00:02, 45.15it/s]
 86%|████████▋ | 675/782 [00:14<00:02, 44.88it/s]
 87%|████████▋ | 680/782 [00:14<00:02, 44.58it/s]
 88%|████████▊ | 685/782 [00:14<00:02, 44.76it/s]
 88%|████████▊ | 690/782 [00:14<00:02, 45.14it/s]
 89%|████████▉ | 695/782 [00:15<00:01, 44.92it/s]
 90%|████████▉ | 701/782 [00:15<00:01, 46.57it/s]
 90%|█████████ | 706/782 [00:15<00:01, 47.01it/s]
 91%|█████████ | 711/782 [00:15<00:01, 46.75it/s]
 92%|█████████▏| 716/782 [00:15<00:01, 46.61it/s]
 92%|█████████▏| 721/782 [00:15<00:01, 46.47it/s]
 93%|█████████▎| 726/782 [00:15<00:01, 45.47it/s]
 93%|█████████▎| 731/782 [00:15<00:01, 46.30it/s]
 94%|█████████▍| 736/782 [00:15<00:01, 45.43it/s]
 95%|█████████▍| 741/782 [00:16<00:00, 44.92it/s]
 95%|█████████▌| 746/782 [00:16<00:00, 44.98it/s]
 96%|█████████▌| 751/782 [00:16<00:00, 45.05it/s]
 97%|█████████▋| 756/782 [00:16<00:00, 44.85it/s]
 97%|█████████▋| 761/782 [00:16<00:00, 44.90it/s]
 98%|█████████▊| 766/782 [00:16<00:00, 45.20it/s]
 99%|█████████▊| 771/782 [00:16<00:00, 45.53it/s]
 99%|█████████▉| 776/782 [00:16<00:00, 45.74it/s]
100%|█████████▉| 781/782 [00:16<00:00, 44.61it/s]
100%|██████████| 782/782 [00:17<00:00, 45.92it/s]
Model instantiation succeeded.
The training environment is set up successfully, using the following device: cuda.
Simulated training data created successfully.
Training step executed successfully.
  Train Loss: 2.0548, Test Loss: 2.0507
  Train Acc: 0.2089, Test Acc: 0.2079
  LR: 0.000000, Grad Norm: 0.2788, Throughput: 1557.3 samples/s
accuracy_to_time_metric 0.33605384441988473
  - Saved stats (fallback) to: /a/mm/ab/gpt/brute/ga/meta_evolution/stats_cifar10/img-classification_cifar-10_acc_GenFractalNet-61e0d217a822eb7d8ec835b2d94acb22/1.json
  - Model persisted to ga_fractal_arch_cifar10/ (stats verified: 1 JSON file(s))

  ========================================
  >>> FITNESS SCORE: 20.79%  (source: hyperparameters.accuracy, checksum: 61e0d217a822eb7d8ec835b2d94acb22)
  ========================================

  Evaluating Individual 10/20 ---- Generation: 1/5
  - Evaluating unique arch (checksum: 51d83765...)
Evaluating /a/mm/out_nneval_tmp_pid_300/nn/tmp/GenFractalNet-51d8376534a7853dd122dba84d683aaf-00204fa2723ccec570222929fe40bd15.py...
epoch 1

  0%|          | 0/782 [00:00<?, ?it/s]
  1%|          | 8/782 [00:00<00:10, 74.81it/s]
  3%|▎         | 23/782 [00:00<00:06, 114.08it/s]
  5%|▍         | 38/782 [00:00<00:05, 126.72it/s]
  7%|▋         | 53/782 [00:00<00:05, 132.85it/s]
  9%|▊         | 68/782 [00:00<00:05, 136.44it/s]
 10%|█         | 82/782 [00:00<00:05, 137.17it/s]
 12%|█▏        | 97/782 [00:00<00:04, 138.84it/s]
 14%|█▍        | 112/782 [00:00<00:04, 140.25it/s]
 16%|█▌        | 127/782 [00:00<00:04, 141.02it/s]
 18%|█▊        | 142/782 [00:01<00:04, 141.38it/s]
 20%|██        | 157/782 [00:01<00:04, 142.03it/s]
 22%|██▏       | 172/782 [00:01<00:04, 142.46it/s]
 24%|██▍       | 187/782 [00:01<00:04, 142.04it/s]
 26%|██▌       | 202/782 [00:01<00:04, 142.25it/s]
 28%|██▊       | 217/782 [00:01<00:03, 142.45it/s]
 30%|██▉       | 232/782 [00:01<00:03, 142.68it/s]
 32%|███▏      | 247/782 [00:01<00:03, 142.52it/s]
 34%|███▎      | 262/782 [00:01<00:03, 142.70it/s]
 35%|███▌      | 277/782 [00:01<00:03, 143.13it/s]
 37%|███▋      | 292/782 [00:02<00:03, 143.21it/s]
 39%|███▉      | 307/782 [00:02<00:03, 143.31it/s]
 41%|████      | 322/782 [00:02<00:03, 143.33it/s]
 43%|████▎     | 337/782 [00:02<00:03, 141.72it/s]
 45%|████▌     | 352/782 [00:02<00:03, 141.29it/s]
 47%|████▋     | 367/782 [00:02<00:02, 141.70it/s]
 49%|████▉     | 382/782 [00:02<00:02, 141.89it/s]
 51%|█████     | 397/782 [00:02<00:02, 142.48it/s]
 53%|█████▎    | 412/782 [00:02<00:02, 142.95it/s]
 55%|█████▍    | 427/782 [00:03<00:02, 141.73it/s]
 57%|█████▋    | 442/782 [00:03<00:02, 140.96it/s]
 58%|█████▊    | 457/782 [00:03<00:02, 141.92it/s]
 60%|██████    | 472/782 [00:03<00:02, 142.31it/s]
 62%|██████▏   | 487/782 [00:03<00:02, 142.74it/s]
 64%|██████▍   | 502/782 [00:03<00:01, 142.88it/s]
 66%|██████▌   | 517/782 [00:03<00:01, 143.03it/s]
 68%|██████▊   | 532/782 [00:03<00:01, 142.56it/s]
 70%|██████▉   | 547/782 [00:03<00:01, 142.42it/s]
 72%|███████▏  | 562/782 [00:03<00:01, 142.69it/s]
 74%|███████▍  | 577/782 [00:04<00:01, 142.94it/s]
 76%|███████▌  | 592/782 [00:04<00:01, 142.98it/s]
 78%|███████▊  | 607/782 [00:04<00:01, 143.28it/s]
 80%|███████▉  | 622/782 [00:04<00:01, 142.88it/s]
 81%|████████▏ | 637/782 [00:04<00:01, 143.06it/s]
 83%|████████▎ | 652/782 [00:04<00:00, 142.34it/s]
 85%|████████▌ | 667/782 [00:04<00:00, 142.44it/s]
 87%|████████▋ | 682/782 [00:04<00:00, 141.87it/s]
 89%|████████▉ | 697/782 [00:04<00:00, 142.11it/s]
 91%|█████████ | 712/782 [00:05<00:00, 142.54it/s]
 93%|█████████▎| 727/782 [00:05<00:00, 142.80it/s]
 95%|█████████▍| 742/782 [00:05<00:00, 142.89it/s]
 97%|█████████▋| 757/782 [00:05<00:00, 143.23it/s]
 99%|█████████▊| 772/782 [00:05<00:00, 143.12it/s]
100%|██████████| 782/782 [00:05<00:00, 140.32it/s]
Model instantiation succeeded.
The training environment is set up successfully, using the following device: cuda.
Simulated training data created successfully.
Training step executed successfully.
  Train Loss: 1.2907, Test Loss: 1.2924
  Train Acc: 0.5628, Test Acc: 0.5567
  LR: 0.000001, Grad Norm: 1.8418, Throughput: 2607.7 samples/s
accuracy_to_time_metric 2.3818584559823033
  - Saved stats (fallback) to: /a/mm/ab/gpt/brute/ga/meta_evolution/stats_cifar10/img-classification_cifar-10_acc_GenFractalNet-51d8376534a7853dd122dba84d683aaf/1.json
  - Model persisted to ga_fractal_arch_cifar10/ (stats verified: 1 JSON file(s))

  ========================================
  >>> FITNESS SCORE: 55.67%  (source: hyperparameters.accuracy, checksum: 51d8376534a7853dd122dba84d683aaf)
  ========================================

  Evaluating Individual 11/20 ---- Generation: 1/5
  - Evaluating unique arch (checksum: 03f6cbc5...)
Evaluating /a/mm/out_nneval_tmp_pid_300/nn/tmp/GenFractalNet-03f6cbc5b506461b88c4d3f71bb5a798-a5f3c0a072f0da8cb208475aa0965760.py...
epoch 1

  0%|          | 0/782 [00:00<?, ?it/s]
  1%|          | 6/782 [00:00<00:12, 59.85it/s]
  3%|▎         | 21/782 [00:00<00:06, 110.79it/s]
  5%|▍         | 36/782 [00:00<00:05, 126.00it/s]
  7%|▋         | 51/782 [00:00<00:05, 132.38it/s]
  8%|▊         | 66/782 [00:00<00:05, 136.07it/s]
 10%|█         | 81/782 [00:00<00:05, 138.20it/s]
 12%|█▏        | 96/782 [00:00<00:04, 139.76it/s]
 14%|█▍        | 111/782 [00:00<00:04, 140.60it/s]
 16%|█▌        | 126/782 [00:00<00:04, 141.25it/s]
 18%|█▊        | 141/782 [00:01<00:04, 138.13it/s]
 20%|█▉        | 155/782 [00:01<00:04, 135.99it/s]
 22%|██▏       | 169/782 [00:01<00:04, 136.54it/s]
 23%|██▎       | 183/782 [00:01<00:04, 128.97it/s]
 25%|██▌       | 196/782 [00:01<00:04, 128.97it/s]
 27%|██▋       | 211/782 [00:01<00:04, 134.57it/s]
 29%|██▉       | 226/782 [00:01<00:04, 137.32it/s]
 31%|███       | 241/782 [00:01<00:03, 139.07it/s]
 33%|███▎      | 256/782 [00:01<00:03, 139.82it/s]
 35%|███▍      | 271/782 [00:02<00:03, 140.41it/s]
 37%|███▋      | 286/782 [00:02<00:03, 136.52it/s]
 38%|███▊      | 300/782 [00:02<00:03, 134.23it/s]
 40%|████      | 314/782 [00:02<00:03, 133.45it/s]
 42%|████▏     | 328/782 [00:02<00:03, 134.33it/s]
 44%|████▎     | 342/782 [00:02<00:03, 131.23it/s]
 46%|████▌     | 356/782 [00:02<00:03, 132.63it/s]
 47%|████▋     | 370/782 [00:02<00:03, 133.30it/s]
 49%|████▉     | 384/782 [00:02<00:02, 134.84it/s]
 51%|█████     | 399/782 [00:02<00:02, 136.88it/s]
 53%|█████▎    | 414/782 [00:03<00:02, 137.96it/s]
 55%|█████▍    | 429/782 [00:03<00:02, 139.26it/s]
 57%|█████▋    | 444/782 [00:03<00:02, 140.30it/s]
 59%|█████▊    | 459/782 [00:03<00:02, 141.38it/s]
 61%|██████    | 474/782 [00:03<00:02, 142.11it/s]
 63%|██████▎   | 489/782 [00:03<00:02, 142.59it/s]
 64%|██████▍   | 504/782 [00:03<00:01, 142.85it/s]
 66%|██████▋   | 519/782 [00:03<00:01, 142.60it/s]
 68%|██████▊   | 534/782 [00:03<00:01, 142.83it/s]
 70%|███████   | 549/782 [00:04<00:01, 142.74it/s]
 72%|███████▏  | 564/782 [00:04<00:01, 142.49it/s]
 74%|███████▍  | 579/782 [00:04<00:01, 142.36it/s]
 76%|███████▌  | 594/782 [00:04<00:01, 142.46it/s]
 78%|███████▊  | 609/782 [00:04<00:01, 142.35it/s]
 80%|███████▉  | 624/782 [00:04<00:01, 142.46it/s]
 82%|████████▏ | 639/782 [00:04<00:00, 143.52it/s]
 84%|████████▎ | 654/782 [00:04<00:00, 143.89it/s]
 86%|████████▌ | 669/782 [00:04<00:00, 143.87it/s]
 87%|████████▋ | 684/782 [00:04<00:00, 144.27it/s]
 89%|████████▉ | 699/782 [00:05<00:00, 143.22it/s]
 91%|█████████▏| 714/782 [00:05<00:00, 143.32it/s]
 93%|█████████▎| 729/782 [00:05<00:00, 143.19it/s]
 95%|█████████▌| 744/782 [00:05<00:00, 143.48it/s]
 97%|█████████▋| 759/782 [00:05<00:00, 143.70it/s]
 99%|█████████▉| 774/782 [00:05<00:00, 144.21it/s]
100%|██████████| 782/782 [00:05<00:00, 137.69it/s]
Model instantiation succeeded.
The training environment is set up successfully, using the following device: cuda.
Simulated training data created successfully.
Training step executed successfully.
  Train Loss: 1.9665, Test Loss: 1.9575
  Train Acc: 0.2871, Test Acc: 0.2929
  LR: 0.000001, Grad Norm: 1.2399, Throughput: 2612.4 samples/s
accuracy_to_time_metric 1.0078618745157264
  - Saved stats (fallback) to: /a/mm/ab/gpt/brute/ga/meta_evolution/stats_cifar10/img-classification_cifar-10_acc_GenFractalNet-03f6cbc5b506461b88c4d3f71bb5a798/1.json
  - Model persisted to ga_fractal_arch_cifar10/ (stats verified: 1 JSON file(s))

  ========================================
  >>> FITNESS SCORE: 29.29%  (source: hyperparameters.accuracy, checksum: 03f6cbc5b506461b88c4d3f71bb5a798)
  ========================================

  [Archive] Cell (4, 32) updated with fitness: 29.2900
  Evaluating Individual 12/20 ---- Generation: 1/5
  - Evaluating unique arch (checksum: 3d317a03...)
Evaluating /a/mm/out_nneval_tmp_pid_300/nn/tmp/GenFractalNet-3d317a038c8d3c9256cd056927ed4d32-0593223cae3308868303cab1958fb998.py...
epoch 1

  0%|          | 0/782 [00:00<?, ?it/s]
  1%|          | 7/782 [00:00<00:11, 67.65it/s]
  3%|▎         | 22/782 [00:00<00:06, 112.64it/s]
  5%|▍         | 37/782 [00:00<00:05, 127.35it/s]
  7%|▋         | 52/782 [00:00<00:05, 134.04it/s]
  9%|▊         | 67/782 [00:00<00:05, 137.91it/s]
 10%|█         | 82/782 [00:00<00:05, 139.22it/s]
 12%|█▏        | 96/782 [00:00<00:04, 137.73it/s]
 14%|█▍        | 111/782 [00:00<00:04, 139.44it/s]
 16%|█▌        | 126/782 [00:00<00:04, 141.06it/s]
 18%|█▊        | 141/782 [00:01<00:04, 138.12it/s]
 20%|█▉        | 155/782 [00:01<00:04, 136.07it/s]
 22%|██▏       | 169/782 [00:01<00:04, 136.58it/s]
 23%|██▎       | 183/782 [00:01<00:04, 137.37it/s]
 25%|██▌       | 197/782 [00:01<00:04, 137.53it/s]
 27%|██▋       | 211/782 [00:01<00:04, 138.20it/s]
 29%|██▉       | 225/782 [00:01<00:04, 136.67it/s]
 31%|███       | 240/782 [00:01<00:03, 138.26it/s]
 32%|███▏      | 254/782 [00:01<00:03, 138.46it/s]
 34%|███▍      | 268/782 [00:01<00:03, 134.79it/s]
 36%|███▌      | 282/782 [00:02<00:03, 131.53it/s]
 38%|███▊      | 296/782 [00:02<00:03, 127.38it/s]
 40%|███▉      | 309/782 [00:02<00:03, 124.25it/s]
 41%|████      | 322/782 [00:02<00:03, 122.69it/s]
 43%|████▎     | 336/782 [00:02<00:03, 126.19it/s]
 45%|████▍     | 350/782 [00:02<00:03, 130.03it/s]
 47%|████▋     | 365/782 [00:02<00:03, 133.85it/s]
 49%|████▊     | 380/782 [00:02<00:02, 136.16it/s]
 51%|█████     | 395/782 [00:02<00:02, 138.05it/s]
 52%|█████▏    | 410/782 [00:03<00:02, 138.56it/s]
 54%|█████▍    | 424/782 [00:03<00:02, 137.24it/s]
 56%|█████▌    | 439/782 [00:03<00:02, 138.93it/s]
 58%|█████▊    | 454/782 [00:03<00:02, 139.98it/s]
 60%|█████▉    | 469/782 [00:03<00:02, 140.83it/s]
 62%|██████▏   | 484/782 [00:03<00:02, 141.11it/s]
 64%|██████▍   | 499/782 [00:03<00:02, 138.88it/s]
 66%|██████▌   | 513/782 [00:03<00:02, 132.08it/s]
 67%|██████▋   | 527/782 [00:03<00:01, 132.72it/s]
 69%|██████▉   | 542/782 [00:04<00:01, 135.30it/s]
 71%|███████   | 557/782 [00:04<00:01, 137.39it/s]
 73%|███████▎  | 572/782 [00:04<00:01, 138.87it/s]
 75%|███████▌  | 587/782 [00:04<00:01, 140.44it/s]
 77%|███████▋  | 602/782 [00:04<00:01, 141.14it/s]
 79%|███████▉  | 617/782 [00:04<00:01, 141.09it/s]
 81%|████████  | 632/782 [00:04<00:01, 141.52it/s]
 83%|████████▎ | 647/782 [00:04<00:00, 142.26it/s]
 85%|████████▍ | 662/782 [00:04<00:00, 142.45it/s]
 87%|████████▋ | 677/782 [00:04<00:00, 142.17it/s]
 88%|████████▊ | 692/782 [00:05<00:00, 142.55it/s]
 90%|█████████ | 707/782 [00:05<00:00, 143.04it/s]
 92%|█████████▏| 722/782 [00:05<00:00, 143.27it/s]
 94%|█████████▍| 737/782 [00:05<00:00, 143.49it/s]
 96%|█████████▌| 752/782 [00:05<00:00, 143.71it/s]
 98%|█████████▊| 767/782 [00:05<00:00, 143.71it/s]
100%|██████████| 782/782 [00:05<00:00, 138.34it/s]
100%|██████████| 782/782 [00:05<00:00, 135.91it/s]
Model instantiation succeeded.
The training environment is set up successfully, using the following device: cuda.
Simulated training data created successfully.
Training step executed successfully.
  Train Loss: 2.0140, Test Loss: 2.0114
  Train Acc: 0.2272, Test Acc: 0.2329
  LR: 0.000001, Grad Norm: 0.3717, Throughput: 2601.7 samples/s
accuracy_to_time_metric 0.6915201105197535
  - Saved stats (fallback) to: /a/mm/ab/gpt/brute/ga/meta_evolution/stats_cifar10/img-classification_cifar-10_acc_GenFractalNet-3d317a038c8d3c9256cd056927ed4d32/1.json
  - Model persisted to ga_fractal_arch_cifar10/ (stats verified: 1 JSON file(s))

  ========================================
  >>> FITNESS SCORE: 23.29%  (source: hyperparameters.accuracy, checksum: 3d317a038c8d3c9256cd056927ed4d32)
  ========================================

  [Archive] Cell (2, 16) updated with fitness: 23.2900
  Evaluating Individual 13/20 ---- Generation: 1/5
  - Evaluating unique arch (checksum: 73468152...)
Evaluating /a/mm/out_nneval_tmp_pid_300/nn/tmp/GenFractalNet-73468152fc0f33713e953a984f7a4390-d252bcd607434a2900d6932877d5be88.py...
epoch 1

  0%|          | 0/782 [00:00<?, ?it/s]
  1%|          | 7/782 [00:00<00:11, 69.46it/s]
  3%|▎         | 22/782 [00:00<00:06, 114.45it/s]
  5%|▍         | 36/782 [00:00<00:05, 125.90it/s]
  7%|▋         | 51/782 [00:00<00:05, 132.48it/s]
  8%|▊         | 65/782 [00:00<00:05, 133.09it/s]
 10%|█         | 79/782 [00:00<00:05, 134.54it/s]
 12%|█▏        | 94/782 [00:00<00:05, 137.36it/s]
 14%|█▍        | 109/782 [00:00<00:04, 138.65it/s]
 16%|█▌        | 124/782 [00:00<00:04, 139.70it/s]
 18%|█▊        | 138/782 [00:01<00:04, 138.54it/s]
 20%|█▉        | 153/782 [00:01<00:04, 139.48it/s]
 21%|██▏       | 168/782 [00:01<00:04, 140.60it/s]
 23%|██▎       | 183/782 [00:01<00:04, 137.52it/s]
 25%|██▌       | 198/782 [00:01<00:04, 139.04it/s]
 27%|██▋       | 212/782 [00:01<00:04, 137.90it/s]
 29%|██▉       | 226/782 [00:01<00:04, 135.50it/s]
 31%|███       | 240/782 [00:01<00:03, 135.75it/s]
 32%|███▏      | 254/782 [00:01<00:03, 135.40it/s]
 34%|███▍      | 268/782 [00:01<00:03, 131.35it/s]
 36%|███▌      | 282/782 [00:02<00:03, 127.86it/s]
 38%|███▊      | 297/782 [00:02<00:03, 132.36it/s]
 40%|███▉      | 312/782 [00:02<00:03, 135.29it/s]
 42%|████▏     | 327/782 [00:02<00:03, 136.93it/s]
 44%|████▎     | 342/782 [00:02<00:03, 138.98it/s]
 46%|████▌     | 357/782 [00:02<00:03, 139.97it/s]
 48%|████▊     | 372/782 [00:02<00:02, 140.11it/s]
 49%|████▉     | 387/782 [00:02<00:02, 140.19it/s]
 51%|█████▏    | 402/782 [00:02<00:02, 141.17it/s]
 53%|█████▎    | 417/782 [00:03<00:02, 142.23it/s]
 55%|█████▌    | 432/782 [00:03<00:02, 142.37it/s]
 57%|█████▋    | 447/782 [00:03<00:02, 143.07it/s]
 59%|█████▉    | 462/782 [00:03<00:02, 142.65it/s]
 61%|██████    | 477/782 [00:03<00:02, 142.83it/s]
 63%|██████▎   | 492/782 [00:03<00:02, 142.40it/s]
 65%|██████▍   | 507/782 [00:03<00:01, 142.31it/s]
 67%|██████▋   | 522/782 [00:03<00:01, 142.66it/s]
 69%|██████▊   | 537/782 [00:03<00:01, 142.33it/s]
 71%|███████   | 552/782 [00:04<00:01, 142.28it/s]
 73%|███████▎  | 567/782 [00:04<00:01, 142.20it/s]
 74%|███████▍  | 582/782 [00:04<00:01, 142.70it/s]
 76%|███████▋  | 597/782 [00:04<00:01, 142.84it/s]
 78%|███████▊  | 612/782 [00:04<00:01, 142.99it/s]
 80%|████████  | 627/782 [00:04<00:01, 142.63it/s]
 82%|████████▏ | 642/782 [00:04<00:00, 142.97it/s]
 84%|████████▍ | 657/782 [00:04<00:00, 143.32it/s]
 86%|████████▌ | 672/782 [00:04<00:00, 142.10it/s]
 88%|████████▊ | 687/782 [00:04<00:00, 142.66it/s]
 90%|████████▉ | 702/782 [00:05<00:00, 142.75it/s]
 92%|█████████▏| 717/782 [00:05<00:00, 143.17it/s]
 94%|█████████▎| 732/782 [00:05<00:00, 143.36it/s]
 96%|█████████▌| 747/782 [00:05<00:00, 142.60it/s]
 97%|█████████▋| 762/782 [00:05<00:00, 137.63it/s]
 99%|█████████▉| 776/782 [00:05<00:00, 135.93it/s]
100%|██████████| 782/782 [00:05<00:00, 137.61it/s]
Model instantiation succeeded.
The training environment is set up successfully, using the following device: cuda.
Simulated training data created successfully.
Training step executed successfully.
  Train Loss: 1.5943, Test Loss: 1.5899
  Train Acc: 0.4128, Test Acc: 0.4143
  LR: 0.000001, Grad Norm: 1.7941, Throughput: 2598.9 samples/s
accuracy_to_time_metric 1.6336408740382997
  - Saved stats (fallback) to: /a/mm/ab/gpt/brute/ga/meta_evolution/stats_cifar10/img-classification_cifar-10_acc_GenFractalNet-73468152fc0f33713e953a984f7a4390/1.json
  - Model persisted to ga_fractal_arch_cifar10/ (stats verified: 1 JSON file(s))

  ========================================
  >>> FITNESS SCORE: 41.43%  (source: hyperparameters.accuracy, checksum: 73468152fc0f33713e953a984f7a4390)
  ========================================

  Evaluating Individual 14/20 ---- Generation: 1/5
  - Evaluating unique arch (checksum: 58ffeeae...)
Evaluating /a/mm/out_nneval_tmp_pid_300/nn/tmp/GenFractalNet-58ffeeaec44cc1aa2ff5c0dbc06c3c5b-d101c1cddbad1f708b51dc946f7a6803.py...
epoch 1

  0%|          | 0/782 [00:00<?, ?it/s]
  0%|          | 2/782 [00:00<00:41, 18.83it/s]
  1%|          | 8/782 [00:00<00:19, 39.39it/s]
  2%|▏         | 14/782 [00:00<00:16, 46.59it/s]
  3%|▎         | 20/782 [00:00<00:15, 50.15it/s]
  3%|▎         | 26/782 [00:00<00:14, 50.89it/s]
  4%|▍         | 32/782 [00:00<00:14, 52.39it/s]
  5%|▍         | 38/782 [00:00<00:13, 53.68it/s]
  6%|▌         | 44/782 [00:00<00:13, 54.81it/s]
  6%|▋         | 50/782 [00:00<00:13, 54.70it/s]
  7%|▋         | 56/782 [00:01<00:13, 54.76it/s]
  8%|▊         | 62/782 [00:01<00:13, 54.75it/s]
  9%|▊         | 68/782 [00:01<00:13, 54.84it/s]
  9%|▉         | 74/782 [00:01<00:12, 55.04it/s]
 10%|█         | 80/782 [00:01<00:12, 55.17it/s]
 11%|█         | 86/782 [00:01<00:12, 55.73it/s]
 12%|█▏        | 92/782 [00:01<00:12, 55.97it/s]
 13%|█▎        | 98/782 [00:01<00:12, 54.76it/s]
 13%|█▎        | 104/782 [00:01<00:12, 54.46it/s]
 14%|█▍        | 110/782 [00:02<00:12, 54.93it/s]
 15%|█▍        | 116/782 [00:02<00:12, 55.19it/s]
 16%|█▌        | 122/782 [00:02<00:11, 55.21it/s]
 16%|█▋        | 128/782 [00:02<00:11, 56.18it/s]
 17%|█▋        | 134/782 [00:02<00:11, 55.99it/s]
 18%|█▊        | 140/782 [00:02<00:11, 56.53it/s]
 19%|█▊        | 146/782 [00:02<00:11, 57.04it/s]
 19%|█▉        | 152/782 [00:02<00:11, 56.49it/s]
 20%|██        | 158/782 [00:02<00:11, 56.42it/s]
 21%|██        | 164/782 [00:03<00:10, 56.74it/s]
 22%|██▏       | 170/782 [00:03<00:10, 56.61it/s]
 23%|██▎       | 176/782 [00:03<00:10, 55.50it/s]
 23%|██▎       | 182/782 [00:03<00:10, 55.09it/s]
 24%|██▍       | 188/782 [00:03<00:10, 55.59it/s]
 25%|██▍       | 194/782 [00:03<00:10, 55.70it/s]
 26%|██▌       | 200/782 [00:03<00:10, 56.05it/s]
 26%|██▋       | 206/782 [00:03<00:10, 55.78it/s]
 27%|██▋       | 212/782 [00:03<00:10, 55.67it/s]
 28%|██▊       | 218/782 [00:03<00:10, 55.28it/s]
 29%|██▊       | 224/782 [00:04<00:09, 55.91it/s]
 29%|██▉       | 230/782 [00:04<00:09, 55.41it/s]
 30%|███       | 236/782 [00:04<00:09, 56.12it/s]
 31%|███       | 242/782 [00:04<00:09, 56.22it/s]
 32%|███▏      | 248/782 [00:04<00:09, 56.58it/s]
 32%|███▏      | 254/782 [00:04<00:09, 56.17it/s]
 33%|███▎      | 260/782 [00:04<00:09, 55.84it/s]
 34%|███▍      | 266/782 [00:04<00:09, 56.10it/s]
 35%|███▍      | 272/782 [00:04<00:09, 55.40it/s]
 36%|███▌      | 278/782 [00:05<00:08, 56.36it/s]
 36%|███▋      | 284/782 [00:05<00:08, 55.93it/s]
 37%|███▋      | 290/782 [00:05<00:08, 56.61it/s]
 38%|███▊      | 296/782 [00:05<00:08, 56.05it/s]
 39%|███▊      | 302/782 [00:05<00:08, 55.25it/s]
 39%|███▉      | 308/782 [00:05<00:08, 54.34it/s]
 40%|████      | 314/782 [00:05<00:08, 54.78it/s]
 41%|████      | 320/782 [00:05<00:08, 55.49it/s]
 42%|████▏     | 326/782 [00:05<00:08, 55.48it/s]
 42%|████▏     | 332/782 [00:06<00:08, 55.85it/s]
 43%|████▎     | 338/782 [00:06<00:07, 55.77it/s]
 44%|████▍     | 344/782 [00:06<00:07, 56.04it/s]
 45%|████▍     | 350/782 [00:06<00:07, 56.04it/s]
 46%|████▌     | 356/782 [00:06<00:07, 56.13it/s]
 46%|████▋     | 362/782 [00:06<00:07, 56.26it/s]
 47%|████▋     | 368/782 [00:06<00:07, 55.71it/s]
 48%|████▊     | 374/782 [00:06<00:07, 56.64it/s]
 49%|████▊     | 380/782 [00:06<00:07, 55.11it/s]
 49%|████▉     | 386/782 [00:07<00:07, 55.32it/s]
 50%|█████     | 392/782 [00:07<00:07, 53.80it/s]
 51%|█████     | 398/782 [00:07<00:07, 53.94it/s]
 52%|█████▏    | 404/782 [00:07<00:07, 53.41it/s]
 52%|█████▏    | 410/782 [00:07<00:06, 54.28it/s]
 53%|█████▎    | 416/782 [00:07<00:06, 54.59it/s]
 54%|█████▍    | 422/782 [00:07<00:06, 54.84it/s]
 55%|█████▍    | 428/782 [00:07<00:06, 55.01it/s]
 55%|█████▌    | 434/782 [00:07<00:06, 54.55it/s]
 56%|█████▋    | 440/782 [00:08<00:06, 55.39it/s]
 57%|█████▋    | 446/782 [00:08<00:06, 54.48it/s]
 58%|█████▊    | 452/782 [00:08<00:06, 54.62it/s]
 59%|█████▊    | 458/782 [00:08<00:05, 55.52it/s]
 59%|█████▉    | 464/782 [00:08<00:05, 56.10it/s]
 60%|██████    | 470/782 [00:08<00:05, 55.11it/s]
 61%|██████    | 476/782 [00:08<00:05, 55.54it/s]
 62%|██████▏   | 482/782 [00:08<00:05, 54.91it/s]
 62%|██████▏   | 488/782 [00:08<00:05, 55.29it/s]
 63%|██████▎   | 494/782 [00:08<00:05, 55.17it/s]
 64%|██████▍   | 500/782 [00:09<00:05, 55.10it/s]
 65%|██████▍   | 506/782 [00:09<00:04, 55.74it/s]
 65%|██████▌   | 512/782 [00:09<00:04, 55.77it/s]
 66%|██████▌   | 518/782 [00:09<00:04, 56.03it/s]
 67%|██████▋   | 524/782 [00:09<00:04, 56.34it/s]
 68%|██████▊   | 530/782 [00:09<00:04, 55.25it/s]
 69%|██████▊   | 536/782 [00:09<00:04, 54.70it/s]
 69%|██████▉   | 542/782 [00:09<00:04, 55.34it/s]
 70%|███████   | 548/782 [00:09<00:04, 55.81it/s]
 71%|███████   | 554/782 [00:10<00:04, 55.81it/s]
 72%|███████▏  | 560/782 [00:10<00:03, 55.95it/s]
 72%|███████▏  | 566/782 [00:10<00:03, 55.95it/s]
 73%|███████▎  | 572/782 [00:10<00:03, 56.06it/s]
 74%|███████▍  | 578/782 [00:10<00:03, 55.59it/s]
 75%|███████▍  | 584/782 [00:10<00:03, 55.98it/s]
 75%|███████▌  | 590/782 [00:10<00:03, 55.64it/s]
 76%|███████▋  | 597/782 [00:10<00:03, 57.02it/s]
 77%|███████▋  | 603/782 [00:10<00:03, 56.82it/s]
 78%|███████▊  | 609/782 [00:11<00:03, 56.57it/s]
 79%|███████▊  | 615/782 [00:11<00:03, 55.38it/s]
 79%|███████▉  | 621/782 [00:11<00:02, 54.91it/s]
 80%|████████  | 627/782 [00:11<00:02, 54.53it/s]
 81%|████████  | 633/782 [00:11<00:02, 54.23it/s]
 82%|████████▏ | 639/782 [00:11<00:02, 53.97it/s]
 82%|████████▏ | 645/782 [00:11<00:02, 53.93it/s]
 83%|████████▎ | 651/782 [00:11<00:02, 54.28it/s]
 84%|████████▍ | 657/782 [00:11<00:02, 55.13it/s]
 85%|████████▍ | 663/782 [00:12<00:02, 55.39it/s]
 86%|████████▌ | 669/782 [00:12<00:02, 55.24it/s]
 86%|████████▋ | 675/782 [00:12<00:01, 55.35it/s]
 87%|████████▋ | 681/782 [00:12<00:01, 55.39it/s]
 88%|████████▊ | 687/782 [00:12<00:01, 55.97it/s]
 89%|████████▊ | 693/782 [00:12<00:01, 56.56it/s]
 89%|████████▉ | 699/782 [00:12<00:01, 56.28it/s]
 90%|█████████ | 705/782 [00:12<00:01, 56.31it/s]
 91%|█████████ | 711/782 [00:12<00:01, 55.55it/s]
 92%|█████████▏| 717/782 [00:12<00:01, 55.50it/s]
 92%|█████████▏| 723/782 [00:13<00:01, 56.10it/s]
 93%|█████████▎| 729/782 [00:13<00:00, 55.36it/s]
 94%|█████████▍| 735/782 [00:13<00:00, 55.73it/s]
 95%|█████████▍| 741/782 [00:13<00:00, 55.61it/s]
 96%|█████████▌| 747/782 [00:13<00:00, 55.79it/s]
 96%|█████████▋| 753/782 [00:13<00:00, 55.48it/s]
 97%|█████████▋| 759/782 [00:13<00:00, 55.08it/s]
 98%|█████████▊| 765/782 [00:13<00:00, 55.52it/s]
 99%|█████████▊| 771/782 [00:13<00:00, 54.72it/s]
 99%|█████████▉| 777/782 [00:14<00:00, 53.79it/s]
100%|██████████| 782/782 [00:14<00:00, 54.99it/s]
Model instantiation succeeded.
The training environment is set up successfully, using the following device: cuda.
Simulated training data created successfully.
Training step executed successfully.
  Train Loss: 1.8259, Test Loss: 1.8221
  Train Acc: 0.2925, Test Acc: 0.2971
  LR: 0.000001, Grad Norm: 2.0601, Throughput: 1795.5 samples/s
accuracy_to_time_metric 0.7077598940283196
  - Saved stats (fallback) to: /a/mm/ab/gpt/brute/ga/meta_evolution/stats_cifar10/img-classification_cifar-10_acc_GenFractalNet-58ffeeaec44cc1aa2ff5c0dbc06c3c5b/1.json
  - Model persisted to ga_fractal_arch_cifar10/ (stats verified: 1 JSON file(s))

  ========================================
  >>> FITNESS SCORE: 29.71%  (source: hyperparameters.accuracy, checksum: 58ffeeaec44cc1aa2ff5c0dbc06c3c5b)
  ========================================

  [Archive] Cell (3, 32) updated with fitness: 29.7100
  Evaluating Individual 15/20 ---- Generation: 1/5
  - Evaluating unique arch (checksum: 6d2be147...)
Evaluating /a/mm/out_nneval_tmp_pid_300/nn/tmp/GenFractalNet-6d2be147eb1dd388bf926aa7176a7456-50b9818c4594172208f715678e87e09c.py...
epoch 1

  0%|          | 0/782 [00:00<?, ?it/s]
  0%|          | 3/782 [00:00<00:27, 28.28it/s]
  2%|▏         | 13/782 [00:00<00:11, 68.60it/s]
  3%|▎         | 24/782 [00:00<00:08, 84.31it/s]
  4%|▍         | 34/782 [00:00<00:08, 90.17it/s]
  6%|▌         | 44/782 [00:00<00:07, 92.98it/s]
  7%|▋         | 55/782 [00:00<00:07, 95.64it/s]
  8%|▊         | 66/782 [00:00<00:07, 98.26it/s]
 10%|▉         | 77/782 [00:00<00:07, 99.28it/s]
 11%|█         | 87/782 [00:00<00:06, 99.30it/s]
 13%|█▎        | 98/782 [00:01<00:06, 100.79it/s]
 14%|█▍        | 109/782 [00:01<00:06, 101.70it/s]
 15%|█▌        | 120/782 [00:01<00:06, 101.31it/s]
 17%|█▋        | 131/782 [00:01<00:06, 101.16it/s]
 18%|█▊        | 142/782 [00:01<00:06, 99.93it/s] 
 20%|█▉        | 153/782 [00:01<00:06, 101.27it/s]
 21%|██        | 164/782 [00:01<00:06, 101.96it/s]
 22%|██▏       | 175/782 [00:01<00:05, 102.55it/s]
 24%|██▍       | 186/782 [00:01<00:05, 103.35it/s]
 25%|██▌       | 197/782 [00:02<00:05, 102.45it/s]
 27%|██▋       | 208/782 [00:02<00:05, 102.55it/s]
 28%|██▊       | 219/782 [00:02<00:05, 101.59it/s]
 29%|██▉       | 230/782 [00:02<00:05, 100.48it/s]
 31%|███       | 241/782 [00:02<00:05, 101.05it/s]
 32%|███▏      | 252/782 [00:02<00:05, 101.17it/s]
 34%|███▎      | 263/782 [00:02<00:05, 101.44it/s]
 35%|███▌      | 274/782 [00:02<00:05, 101.17it/s]
 36%|███▋      | 285/782 [00:02<00:04, 101.32it/s]
 38%|███▊      | 296/782 [00:03<00:05, 96.90it/s] 
 39%|███▉      | 306/782 [00:03<00:04, 97.60it/s]
 41%|████      | 317/782 [00:03<00:04, 98.51it/s]
 42%|████▏     | 328/782 [00:03<00:04, 99.49it/s]
 43%|████▎     | 339/782 [00:03<00:04, 99.64it/s]
 45%|████▍     | 349/782 [00:03<00:04, 99.70it/s]
 46%|████▌     | 360/782 [00:03<00:04, 100.42it/s]
 47%|████▋     | 371/782 [00:03<00:04, 100.35it/s]
 49%|████▉     | 382/782 [00:03<00:03, 100.50it/s]
 50%|█████     | 393/782 [00:03<00:03, 100.25it/s]
 52%|█████▏    | 404/782 [00:04<00:03, 100.84it/s]
 53%|█████▎    | 415/782 [00:04<00:03, 100.59it/s]
 54%|█████▍    | 426/782 [00:04<00:03, 100.25it/s]
 56%|█████▌    | 437/782 [00:04<00:03, 99.93it/s] 
 57%|█████▋    | 447/782 [00:04<00:03, 99.87it/s]
 59%|█████▊    | 458/782 [00:04<00:03, 100.02it/s]
 60%|█████▉    | 469/782 [00:04<00:03, 101.21it/s]
 61%|██████▏   | 480/782 [00:04<00:02, 101.94it/s]
 63%|██████▎   | 491/782 [00:04<00:02, 100.84it/s]
 64%|██████▍   | 502/782 [00:05<00:02, 100.97it/s]
 66%|██████▌   | 513/782 [00:05<00:02, 101.29it/s]
 67%|██████▋   | 524/782 [00:05<00:02, 100.36it/s]
 68%|██████▊   | 535/782 [00:05<00:02, 99.97it/s] 
 70%|██████▉   | 546/782 [00:05<00:02, 100.21it/s]
 71%|███████   | 557/782 [00:05<00:02, 100.04it/s]
 73%|███████▎  | 568/782 [00:05<00:02, 98.95it/s] 
 74%|███████▍  | 579/782 [00:05<00:02, 99.31it/s]
 75%|███████▌  | 589/782 [00:05<00:01, 99.32it/s]
 77%|███████▋  | 600/782 [00:06<00:01, 99.56it/s]
 78%|███████▊  | 610/782 [00:06<00:01, 98.84it/s]
 79%|███████▉  | 620/782 [00:06<00:01, 98.88it/s]
 81%|████████  | 630/782 [00:06<00:01, 98.75it/s]
 82%|████████▏ | 640/782 [00:06<00:01, 98.95it/s]
 83%|████████▎ | 650/782 [00:06<00:01, 98.30it/s]
 84%|████████▍ | 660/782 [00:06<00:01, 97.26it/s]
 86%|████████▌ | 670/782 [00:06<00:01, 97.37it/s]
 87%|████████▋ | 680/782 [00:06<00:01, 98.00it/s]
 88%|████████▊ | 691/782 [00:06<00:00, 99.18it/s]
 90%|████████▉ | 702/782 [00:07<00:00, 99.50it/s]
 91%|█████████ | 712/782 [00:07<00:00, 99.60it/s]
 92%|█████████▏| 722/782 [00:07<00:00, 99.17it/s]
 94%|█████████▎| 732/782 [00:07<00:00, 99.22it/s]
 95%|█████████▍| 742/782 [00:07<00:00, 96.77it/s]
 96%|█████████▌| 752/782 [00:07<00:00, 95.10it/s]
 97%|█████████▋| 762/782 [00:07<00:00, 92.05it/s]
 99%|█████████▊| 772/782 [00:07<00:00, 91.46it/s]
100%|██████████| 782/782 [00:07<00:00, 86.76it/s]
100%|██████████| 782/782 [00:07<00:00, 97.79it/s]
Model instantiation succeeded.
The training environment is set up successfully, using the following device: cuda.
Simulated training data created successfully.
Training step executed successfully.
  Train Loss: 1.5272, Test Loss: 1.5244
  Train Acc: 0.4340, Test Acc: 0.4317
  LR: 0.000001, Grad Norm: 3.5726, Throughput: 2336.5 samples/s
accuracy_to_time_metric 1.549988105941738
  - Saved stats (fallback) to: /a/mm/ab/gpt/brute/ga/meta_evolution/stats_cifar10/img-classification_cifar-10_acc_GenFractalNet-6d2be147eb1dd388bf926aa7176a7456/1.json
  - Model persisted to ga_fractal_arch_cifar10/ (stats verified: 1 JSON file(s))

  ========================================
  >>> FITNESS SCORE: 43.17%  (source: hyperparameters.accuracy, checksum: 6d2be147eb1dd388bf926aa7176a7456)
  ========================================

  [Archive] Cell (4, 32) updated with fitness: 43.1700
  Evaluating Individual 16/20 ---- Generation: 1/5
  - Evaluating unique arch (checksum: 89447be4...)
Evaluating /a/mm/out_nneval_tmp_pid_300/nn/tmp/GenFractalNet-89447be46e25c03ddcef88929dc76dfb-7c8c860e5dd0259e7468e2b1d2d16de4.py...
epoch 1

  0%|          | 0/782 [00:00<?, ?it/s]
  1%|          | 8/782 [00:00<00:09, 77.93it/s]
  3%|▎         | 22/782 [00:00<00:06, 113.85it/s]
  5%|▍         | 36/782 [00:00<00:05, 124.78it/s]
  6%|▋         | 50/782 [00:00<00:05, 129.89it/s]
  8%|▊         | 64/782 [00:00<00:05, 132.71it/s]
 10%|▉         | 78/782 [00:00<00:05, 134.38it/s]
 12%|█▏        | 92/782 [00:00<00:05, 135.15it/s]
 14%|█▎        | 106/782 [00:00<00:05, 133.85it/s]
 15%|█▌        | 120/782 [00:00<00:04, 132.68it/s]
 17%|█▋        | 134/782 [00:01<00:04, 134.19it/s]
 19%|█▉        | 148/782 [00:01<00:04, 134.03it/s]
 21%|██        | 162/782 [00:01<00:04, 134.40it/s]
 23%|██▎       | 176/782 [00:01<00:04, 135.44it/s]
 24%|██▍       | 190/782 [00:01<00:04, 136.05it/s]
 26%|██▌       | 204/782 [00:01<00:04, 135.89it/s]
 28%|██▊       | 218/782 [00:01<00:04, 136.49it/s]
 30%|██▉       | 232/782 [00:01<00:04, 136.50it/s]
 31%|███▏      | 246/782 [00:01<00:03, 136.81it/s]
 33%|███▎      | 260/782 [00:01<00:03, 136.12it/s]
 35%|███▌      | 274/782 [00:02<00:03, 136.70it/s]
 37%|███▋      | 288/782 [00:02<00:03, 136.72it/s]
 39%|███▊      | 302/782 [00:02<00:03, 137.01it/s]
 40%|████      | 316/782 [00:02<00:03, 137.15it/s]
 42%|████▏     | 330/782 [00:02<00:03, 137.76it/s]
 44%|████▍     | 344/782 [00:02<00:03, 137.68it/s]
 46%|████▌     | 358/782 [00:02<00:03, 137.21it/s]
 48%|████▊     | 372/782 [00:02<00:02, 137.38it/s]
 49%|████▉     | 386/782 [00:02<00:02, 137.30it/s]
 51%|█████     | 400/782 [00:02<00:02, 136.99it/s]
 53%|█████▎    | 414/782 [00:03<00:02, 136.89it/s]
 55%|█████▍    | 428/782 [00:03<00:02, 136.76it/s]
 57%|█████▋    | 442/782 [00:03<00:02, 137.34it/s]
 58%|█████▊    | 456/782 [00:03<00:02, 137.28it/s]
 60%|██████    | 470/782 [00:03<00:02, 137.37it/s]
 62%|██████▏   | 484/782 [00:03<00:02, 136.60it/s]
 64%|██████▎   | 498/782 [00:03<00:02, 136.95it/s]
 65%|██████▌   | 512/782 [00:03<00:01, 137.25it/s]
 67%|██████▋   | 526/782 [00:03<00:01, 136.76it/s]
 69%|██████▉   | 540/782 [00:03<00:01, 136.73it/s]
 71%|███████   | 554/782 [00:04<00:01, 136.92it/s]
 73%|███████▎  | 568/782 [00:04<00:01, 136.87it/s]
 74%|███████▍  | 582/782 [00:04<00:01, 137.27it/s]
 76%|███████▌  | 596/782 [00:04<00:01, 136.62it/s]
 78%|███████▊  | 610/782 [00:04<00:01, 137.09it/s]
 80%|███████▉  | 624/782 [00:04<00:01, 136.91it/s]
 82%|████████▏ | 638/782 [00:04<00:01, 136.34it/s]
 83%|████████▎ | 652/782 [00:04<00:00, 136.66it/s]
 85%|████████▌ | 666/782 [00:04<00:00, 137.04it/s]
 87%|████████▋ | 680/782 [00:05<00:00, 136.48it/s]
 89%|████████▊ | 694/782 [00:05<00:00, 136.27it/s]
 91%|█████████ | 708/782 [00:05<00:00, 136.60it/s]
 92%|█████████▏| 722/782 [00:05<00:00, 136.09it/s]
 94%|█████████▍| 736/782 [00:05<00:00, 132.52it/s]
 96%|█████████▌| 750/782 [00:05<00:00, 132.61it/s]
 98%|█████████▊| 764/782 [00:05<00:00, 134.21it/s]
 99%|█████████▉| 778/782 [00:05<00:00, 135.02it/s]
100%|██████████| 782/782 [00:05<00:00, 134.46it/s]
Model instantiation succeeded.
The training environment is set up successfully, using the following device: cuda.
Simulated training data created successfully.
Training step executed successfully.
  Train Loss: 1.4467, Test Loss: 1.4424
  Train Acc: 0.4812, Test Acc: 0.4811
  LR: 0.000001, Grad Norm: 1.5278, Throughput: 2574.7 samples/s
accuracy_to_time_metric 1.9624325027893266
  - Saved stats (fallback) to: /a/mm/ab/gpt/brute/ga/meta_evolution/stats_cifar10/img-classification_cifar-10_acc_GenFractalNet-89447be46e25c03ddcef88929dc76dfb/1.json
  - Model persisted to ga_fractal_arch_cifar10/ (stats verified: 1 JSON file(s))

  ========================================
  >>> FITNESS SCORE: 48.11%  (source: hyperparameters.accuracy, checksum: 89447be46e25c03ddcef88929dc76dfb)
  ========================================

  [Archive] Cell (2, 16) updated with fitness: 48.1100
  Evaluating Individual 17/20 ---- Generation: 1/5
  - Evaluating unique arch (checksum: fa9324ca...)
Evaluating /a/mm/out_nneval_tmp_pid_300/nn/tmp/GenFractalNet-fa9324ca8f95d502f9f2f3d8ac46dbdb-0e86ecda870c010961849d8b4b407172.py...
epoch 1

  0%|          | 0/782 [00:00<?, ?it/s]
  0%|          | 2/782 [00:00<00:45, 17.15it/s]
  1%|          | 6/782 [00:00<00:27, 28.22it/s]
  1%|▏         | 10/782 [00:00<00:23, 33.12it/s]
  2%|▏         | 14/782 [00:00<00:21, 35.30it/s]
  2%|▏         | 18/782 [00:00<00:21, 35.95it/s]
  3%|▎         | 22/782 [00:00<00:20, 36.71it/s]
  3%|▎         | 26/782 [00:00<00:20, 36.36it/s]
  4%|▍         | 30/782 [00:00<00:20, 36.96it/s]
  4%|▍         | 34/782 [00:00<00:19, 37.43it/s]
  5%|▍         | 38/782 [00:01<00:19, 37.41it/s]
  5%|▌         | 42/782 [00:01<00:19, 37.50it/s]
  6%|▌         | 46/782 [00:01<00:19, 37.61it/s]
  6%|▋         | 50/782 [00:01<00:19, 37.63it/s]
  7%|▋         | 54/782 [00:01<00:19, 36.86it/s]
  7%|▋         | 58/782 [00:01<00:19, 36.92it/s]
  8%|▊         | 62/782 [00:01<00:19, 36.84it/s]
  8%|▊         | 66/782 [00:01<00:19, 37.14it/s]
  9%|▉         | 70/782 [00:01<00:19, 36.97it/s]
 10%|▉         | 75/782 [00:02<00:18, 38.34it/s]
 10%|█         | 79/782 [00:02<00:18, 38.19it/s]
 11%|█         | 83/782 [00:02<00:18, 37.64it/s]
 11%|█         | 87/782 [00:02<00:18, 37.19it/s]
 12%|█▏        | 91/782 [00:02<00:18, 36.79it/s]
 12%|█▏        | 95/782 [00:02<00:18, 36.41it/s]
 13%|█▎        | 99/782 [00:02<00:18, 36.06it/s]
 13%|█▎        | 103/782 [00:02<00:18, 37.05it/s]
 14%|█▎        | 107/782 [00:02<00:17, 37.67it/s]
 14%|█▍        | 111/782 [00:03<00:18, 37.24it/s]
 15%|█▍        | 115/782 [00:03<00:17, 37.48it/s]
 15%|█▌        | 119/782 [00:03<00:17, 36.94it/s]
 16%|█▌        | 123/782 [00:03<00:17, 36.87it/s]
 16%|█▌        | 127/782 [00:03<00:17, 36.68it/s]
 17%|█▋        | 131/782 [00:03<00:17, 37.04it/s]
 17%|█▋        | 135/782 [00:03<00:17, 37.14it/s]
 18%|█▊        | 139/782 [00:03<00:17, 37.45it/s]
 18%|█▊        | 143/782 [00:03<00:16, 37.70it/s]
 19%|█▉        | 147/782 [00:03<00:16, 37.56it/s]
 19%|█▉        | 151/782 [00:04<00:16, 37.94it/s]
 20%|█▉        | 155/782 [00:04<00:16, 37.88it/s]
 20%|██        | 159/782 [00:04<00:16, 37.66it/s]
 21%|██        | 163/782 [00:04<00:16, 36.95it/s]
 21%|██▏       | 167/782 [00:04<00:16, 37.59it/s]
 22%|██▏       | 171/782 [00:04<00:16, 37.46it/s]
 23%|██▎       | 176/782 [00:04<00:15, 38.15it/s]
 23%|██▎       | 180/782 [00:04<00:15, 38.40it/s]
 24%|██▎       | 184/782 [00:04<00:15, 38.13it/s]
 24%|██▍       | 188/782 [00:05<00:15, 37.77it/s]
 25%|██▍       | 192/782 [00:05<00:15, 37.25it/s]
 25%|██▌       | 196/782 [00:05<00:15, 37.30it/s]
 26%|██▌       | 200/782 [00:05<00:15, 37.59it/s]
 26%|██▌       | 204/782 [00:05<00:15, 38.21it/s]
 27%|██▋       | 208/782 [00:05<00:15, 37.48it/s]
 27%|██▋       | 212/782 [00:05<00:14, 38.03it/s]
 28%|██▊       | 216/782 [00:05<00:14, 38.05it/s]
 28%|██▊       | 220/782 [00:05<00:14, 37.69it/s]
 29%|██▊       | 224/782 [00:06<00:14, 37.64it/s]
 29%|██▉       | 228/782 [00:06<00:14, 37.27it/s]
 30%|██▉       | 232/782 [00:06<00:14, 37.06it/s]
 30%|███       | 236/782 [00:06<00:14, 37.34it/s]
 31%|███       | 240/782 [00:06<00:14, 37.49it/s]
 31%|███       | 244/782 [00:06<00:14, 37.91it/s]
 32%|███▏      | 248/782 [00:06<00:14, 37.69it/s]
 32%|███▏      | 253/782 [00:06<00:13, 38.28it/s]
 33%|███▎      | 257/782 [00:06<00:13, 37.85it/s]
 33%|███▎      | 261/782 [00:07<00:13, 37.66it/s]
 34%|███▍      | 265/782 [00:07<00:13, 37.62it/s]
 34%|███▍      | 269/782 [00:07<00:13, 37.40it/s]
 35%|███▍      | 273/782 [00:07<00:13, 37.55it/s]
 36%|███▌      | 278/782 [00:07<00:13, 38.53it/s]
 36%|███▌      | 282/782 [00:07<00:13, 38.29it/s]
 37%|███▋      | 286/782 [00:07<00:12, 38.71it/s]
 37%|███▋      | 290/782 [00:07<00:12, 38.36it/s]
 38%|███▊      | 294/782 [00:07<00:12, 38.14it/s]
 38%|███▊      | 298/782 [00:07<00:12, 38.31it/s]
 39%|███▊      | 302/782 [00:08<00:12, 38.29it/s]
 39%|███▉      | 306/782 [00:08<00:12, 37.81it/s]
 40%|███▉      | 310/782 [00:08<00:12, 37.72it/s]
 40%|████      | 314/782 [00:08<00:12, 37.21it/s]
 41%|████      | 318/782 [00:08<00:12, 37.22it/s]
 41%|████      | 322/782 [00:08<00:12, 37.18it/s]
 42%|████▏     | 326/782 [00:08<00:12, 37.11it/s]
 42%|████▏     | 330/782 [00:08<00:12, 37.24it/s]
 43%|████▎     | 334/782 [00:08<00:12, 37.13it/s]
 43%|████▎     | 338/782 [00:09<00:11, 37.06it/s]
 44%|████▎     | 342/782 [00:09<00:11, 37.65it/s]
 44%|████▍     | 346/782 [00:09<00:11, 37.56it/s]
 45%|████▍     | 350/782 [00:09<00:11, 36.83it/s]
 45%|████▌     | 354/782 [00:09<00:11, 36.60it/s]
 46%|████▌     | 359/782 [00:09<00:11, 38.32it/s]
 46%|████▋     | 363/782 [00:09<00:11, 37.91it/s]
 47%|████▋     | 367/782 [00:09<00:11, 37.30it/s]
 47%|████▋     | 371/782 [00:09<00:11, 37.05it/s]
 48%|████▊     | 375/782 [00:10<00:11, 36.15it/s]
 48%|████▊     | 379/782 [00:10<00:11, 36.01it/s]
 49%|████▉     | 383/782 [00:10<00:10, 36.60it/s]
 49%|████▉     | 387/782 [00:10<00:10, 36.78it/s]
 50%|█████     | 391/782 [00:10<00:10, 37.50it/s]
 51%|█████     | 395/782 [00:10<00:10, 37.96it/s]
 51%|█████     | 399/782 [00:10<00:10, 37.39it/s]
 52%|█████▏    | 403/782 [00:10<00:10, 36.98it/s]
 52%|█████▏    | 407/782 [00:10<00:10, 36.42it/s]
 53%|█████▎    | 411/782 [00:11<00:10, 35.81it/s]
 53%|█████▎    | 415/782 [00:11<00:10, 36.13it/s]
 54%|█████▎    | 419/782 [00:11<00:10, 36.09it/s]
 54%|█████▍    | 423/782 [00:11<00:09, 36.43it/s]
 55%|█████▍    | 427/782 [00:11<00:09, 36.46it/s]
 55%|█████▌    | 431/782 [00:11<00:09, 36.40it/s]
 56%|█████▌    | 435/782 [00:11<00:09, 36.37it/s]
 56%|█████▌    | 439/782 [00:11<00:09, 36.08it/s]
 57%|█████▋    | 443/782 [00:11<00:09, 36.33it/s]
 57%|█████▋    | 447/782 [00:12<00:09, 36.53it/s]
 58%|█████▊    | 451/782 [00:12<00:08, 36.85it/s]
 58%|█████▊    | 455/782 [00:12<00:08, 36.45it/s]
 59%|█████▊    | 459/782 [00:12<00:08, 36.97it/s]
 59%|█████▉    | 463/782 [00:12<00:08, 37.00it/s]
 60%|█████▉    | 467/782 [00:12<00:08, 37.50it/s]
 60%|██████    | 471/782 [00:12<00:08, 37.73it/s]
 61%|██████    | 475/782 [00:12<00:08, 37.77it/s]
 61%|██████▏   | 479/782 [00:12<00:08, 37.56it/s]
 62%|██████▏   | 483/782 [00:12<00:08, 37.10it/s]
 62%|██████▏   | 487/782 [00:13<00:07, 37.18it/s]
 63%|██████▎   | 491/782 [00:13<00:07, 37.09it/s]
 63%|██████▎   | 495/782 [00:13<00:07, 37.05it/s]
 64%|██████▍   | 499/782 [00:13<00:07, 37.00it/s]
 64%|██████▍   | 503/782 [00:13<00:07, 37.17it/s]
 65%|██████▍   | 507/782 [00:13<00:07, 36.73it/s]
 65%|██████▌   | 511/782 [00:13<00:07, 36.66it/s]
 66%|██████▌   | 515/782 [00:13<00:07, 37.27it/s]
 66%|██████▋   | 520/782 [00:13<00:06, 38.44it/s]
 67%|██████▋   | 524/782 [00:14<00:06, 38.37it/s]
 68%|██████▊   | 528/782 [00:14<00:06, 38.63it/s]
 68%|██████▊   | 532/782 [00:14<00:06, 38.09it/s]
 69%|██████▊   | 536/782 [00:14<00:06, 37.57it/s]
 69%|██████▉   | 540/782 [00:14<00:06, 37.43it/s]
 70%|██████▉   | 544/782 [00:14<00:06, 37.28it/s]
 70%|███████   | 548/782 [00:14<00:06, 38.00it/s]
 71%|███████   | 552/782 [00:14<00:06, 37.43it/s]
 71%|███████   | 556/782 [00:14<00:06, 37.52it/s]
 72%|███████▏  | 560/782 [00:15<00:05, 37.49it/s]
 72%|███████▏  | 564/782 [00:15<00:05, 37.69it/s]
 73%|███████▎  | 568/782 [00:15<00:05, 37.70it/s]
 73%|███████▎  | 572/782 [00:15<00:05, 37.52it/s]
 74%|███████▎  | 576/782 [00:15<00:05, 37.81it/s]
 74%|███████▍  | 580/782 [00:15<00:05, 37.17it/s]
 75%|███████▍  | 584/782 [00:15<00:05, 36.93it/s]
 75%|███████▌  | 588/782 [00:15<00:05, 36.34it/s]
 76%|███████▌  | 592/782 [00:15<00:05, 36.56it/s]
 76%|███████▌  | 596/782 [00:16<00:05, 36.77it/s]
 77%|███████▋  | 600/782 [00:16<00:04, 36.74it/s]
 77%|███████▋  | 604/782 [00:16<00:04, 37.38it/s]
 78%|███████▊  | 608/782 [00:16<00:04, 37.33it/s]
 78%|███████▊  | 612/782 [00:16<00:04, 36.47it/s]
 79%|███████▉  | 616/782 [00:16<00:04, 35.82it/s]
 79%|███████▉  | 620/782 [00:16<00:04, 35.27it/s]
 80%|███████▉  | 624/782 [00:16<00:04, 35.12it/s]
 80%|████████  | 628/782 [00:16<00:04, 35.48it/s]
 81%|████████  | 632/782 [00:17<00:04, 36.00it/s]
 81%|████████▏ | 636/782 [00:17<00:04, 36.11it/s]
 82%|████████▏ | 640/782 [00:17<00:03, 36.49it/s]
 82%|████████▏ | 644/782 [00:17<00:03, 36.37it/s]
 83%|████████▎ | 648/782 [00:17<00:03, 36.44it/s]
 83%|████████▎ | 652/782 [00:17<00:03, 36.70it/s]
 84%|████████▍ | 656/782 [00:17<00:03, 36.40it/s]
 84%|████████▍ | 660/782 [00:17<00:03, 36.40it/s]
 85%|████████▍ | 664/782 [00:17<00:03, 37.01it/s]
 85%|████████▌ | 668/782 [00:18<00:03, 36.87it/s]
 86%|████████▌ | 672/782 [00:18<00:02, 37.05it/s]
 86%|████████▋ | 676/782 [00:18<00:02, 37.26it/s]
 87%|████████▋ | 680/782 [00:18<00:02, 37.43it/s]
 87%|████████▋ | 684/782 [00:18<00:02, 37.28it/s]
 88%|████████▊ | 688/782 [00:18<00:02, 36.68it/s]
 88%|████████▊ | 692/782 [00:18<00:02, 36.87it/s]
 89%|████████▉ | 696/782 [00:18<00:02, 37.21it/s]
 90%|████████▉ | 700/782 [00:18<00:02, 36.90it/s]
 90%|█████████ | 704/782 [00:18<00:02, 36.60it/s]
 91%|█████████ | 708/782 [00:19<00:02, 36.45it/s]
 91%|█████████ | 712/782 [00:19<00:01, 36.01it/s]
 92%|█████████▏| 716/782 [00:19<00:01, 35.61it/s]
 92%|█████████▏| 720/782 [00:19<00:01, 35.16it/s]
 93%|█████████▎| 724/782 [00:19<00:01, 35.74it/s]
 93%|█████████▎| 728/782 [00:19<00:01, 35.92it/s]
 94%|█████████▎| 732/782 [00:19<00:01, 36.16it/s]
 94%|█████████▍| 736/782 [00:19<00:01, 36.09it/s]
 95%|█████████▍| 740/782 [00:19<00:01, 36.35it/s]
 95%|█████████▌| 744/782 [00:20<00:01, 35.88it/s]
 96%|█████████▌| 748/782 [00:20<00:00, 35.75it/s]
 96%|█████████▌| 752/782 [00:20<00:00, 36.79it/s]
 97%|█████████▋| 756/782 [00:20<00:00, 36.11it/s]
 97%|█████████▋| 760/782 [00:20<00:00, 36.26it/s]
 98%|█████████▊| 764/782 [00:20<00:00, 35.75it/s]
 98%|█████████▊| 768/782 [00:20<00:00, 35.56it/s]
 99%|█████████▊| 772/782 [00:20<00:00, 35.85it/s]
 99%|█████████▉| 776/782 [00:20<00:00, 35.81it/s]
100%|█████████▉| 780/782 [00:21<00:00, 35.75it/s]
100%|██████████| 782/782 [00:21<00:00, 36.91it/s]
Traceback (most recent call last):
  File "/a/mm/ab/gpt/brute/ga/meta_evolution/run_fractal_evolution.py", line 253, in fitness_function
    result = evaluator.evaluate(filepath)
             ^^^^^^^^^^^^^^^^^^^^^^^^^^^^
  File "/a/mm/ab/gpt/util/Eval.py", line 107, in evaluate
    return api.check_nn(
           ^^^^^^^^^^^^^
  File "/a/mm/ab/nn/api.py", line 105, in check_nn
    return Train.train_new(nn_code, task, dataset, metric, prm, save_to_db=save_to_db, prefix=prefix, save_path=save_path, export_onnx=export_onnx,
           ^^^^^^^^^^^^^^^^^^^^^^^^^^^^^^^^^^^^^^^^^^^^^^^^^^^^^^^^^^^^^^^^^^^^^^^^^^^^^^^^^^^^^^^^^^^^^^^^^^^^^^^^^^^^^^^^^^^^^^^^^^^^^^^^^^^^^^^^
  File "/a/mm/ab/nn/util/Train.py", line 553, in train_new
    accuracy, accuracy_to_time, duration = trainer.train_n_eval(epoch, epoch_limit_minutes, False, export_onnx, train_set, save_path=save_path)
                                           ^^^^^^^^^^^^^^^^^^^^^^^^^^^^^^^^^^^^^^^^^^^^^^^^^^^^^^^^^^^^^^^^^^^^^^^^^^^^^^^^^^^^^^^^^^^^^^^^^^^^
  File "/a/mm/ab/nn/util/Train.py", line 367, in train_n_eval
    raise AccuracyException(accuracy, duration,
ab.nn.util.Exception.AccuracyException: (0.1, 35172880602, "Accuracy is too low: 0.1. The minimum accepted accuracy for the 'cifar-10' dataset is 0.1.")
Model instantiation succeeded.
The training environment is set up successfully, using the following device: cuda.
Simulated training data created successfully.
Training step executed successfully.
  Train Loss: 2.3028, Test Loss: 2.3028
  Train Acc: 0.1000, Test Acc: 0.1000
  LR: 0.000000, Grad Norm: 2.7976, Throughput: 1421.6 samples/s
accuracy_to_time_metric 0.0
Error during training: (0.1, 35172880602, "Accuracy is too low: 0.1. The minimum accepted accuracy for the 'cifar-10' dataset is 0.1.")
Eval Fail: (0.1, 35172880602, "Accuracy is too low: 0.1. The minimum accepted accuracy for the 'cifar-10' dataset is 0.1.")
  - Cleaned up temp file: /a/mm/ab/gpt/brute/ga/meta_evolution/ga_fractal_arch_cifar10/_tmp_GenFractalNet-fa9324ca8f95d502f9f2f3d8ac46dbdb.py
  Evaluating Individual 18/20 ---- Generation: 1/5
  - Evaluating unique arch (checksum: 5b84eeb2...)
Evaluating /a/mm/out_nneval_tmp_pid_300/nn/tmp/GenFractalNet-5b84eeb28380551d48fa0fd58ace4043-d182ca98ad5e277b78b8e4af622a3621.py...
epoch 1

  0%|          | 0/782 [00:00<?, ?it/s]
  0%|          | 3/782 [00:00<00:28, 26.96it/s]
  1%|▏         | 10/782 [00:00<00:15, 50.16it/s]
  2%|▏         | 17/782 [00:00<00:13, 58.62it/s]
  3%|▎         | 24/782 [00:00<00:12, 62.56it/s]
  4%|▍         | 31/782 [00:00<00:11, 64.06it/s]
  5%|▍         | 38/782 [00:00<00:11, 65.27it/s]
  6%|▌         | 45/782 [00:00<00:11, 66.24it/s]
  7%|▋         | 52/782 [00:00<00:10, 66.76it/s]
  8%|▊         | 59/782 [00:00<00:10, 67.14it/s]
  8%|▊         | 66/782 [00:01<00:10, 67.17it/s]
  9%|▉         | 73/782 [00:01<00:10, 67.09it/s]
 10%|█         | 81/782 [00:01<00:10, 67.92it/s]
 11%|█▏        | 88/782 [00:01<00:10, 68.14it/s]
 12%|█▏        | 96/782 [00:01<00:10, 68.60it/s]
 13%|█▎        | 103/782 [00:01<00:09, 68.52it/s]
 14%|█▍        | 110/782 [00:01<00:09, 67.76it/s]
 15%|█▌        | 118/782 [00:01<00:09, 68.68it/s]
 16%|█▌        | 125/782 [00:01<00:09, 68.76it/s]
 17%|█▋        | 132/782 [00:02<00:09, 68.42it/s]
 18%|█▊        | 139/782 [00:02<00:09, 68.66it/s]
 19%|█▊        | 146/782 [00:02<00:09, 68.43it/s]
 20%|█▉        | 153/782 [00:02<00:09, 67.50it/s]
 20%|██        | 160/782 [00:02<00:09, 67.99it/s]
 21%|██▏       | 167/782 [00:02<00:09, 67.73it/s]
 22%|██▏       | 174/782 [00:02<00:08, 68.08it/s]
 23%|██▎       | 182/782 [00:02<00:08, 68.83it/s]
 24%|██▍       | 189/782 [00:02<00:08, 68.75it/s]
 25%|██▌       | 196/782 [00:02<00:08, 68.91it/s]
 26%|██▌       | 203/782 [00:03<00:08, 68.59it/s]
 27%|██▋       | 210/782 [00:03<00:08, 67.54it/s]
 28%|██▊       | 217/782 [00:03<00:08, 67.97it/s]
 29%|██▊       | 224/782 [00:03<00:08, 67.75it/s]
 30%|██▉       | 232/782 [00:03<00:07, 69.21it/s]
 31%|███       | 239/782 [00:03<00:07, 68.21it/s]
 31%|███▏      | 246/782 [00:03<00:07, 68.19it/s]
 32%|███▏      | 253/782 [00:03<00:07, 67.56it/s]
 33%|███▎      | 260/782 [00:03<00:07, 68.21it/s]
 34%|███▍      | 267/782 [00:03<00:07, 67.86it/s]
 35%|███▌      | 274/782 [00:04<00:07, 67.50it/s]
 36%|███▌      | 281/782 [00:04<00:07, 67.60it/s]
 37%|███▋      | 288/782 [00:04<00:07, 68.02it/s]
 38%|███▊      | 295/782 [00:04<00:07, 68.28it/s]
 39%|███▊      | 302/782 [00:04<00:07, 68.35it/s]
 40%|███▉      | 310/782 [00:04<00:06, 69.02it/s]
 41%|████      | 317/782 [00:04<00:06, 67.11it/s]
 41%|████▏     | 324/782 [00:04<00:06, 66.72it/s]
 42%|████▏     | 331/782 [00:04<00:06, 66.84it/s]
 43%|████▎     | 338/782 [00:05<00:06, 67.45it/s]
 44%|████▍     | 346/782 [00:05<00:06, 68.98it/s]
 45%|████▌     | 353/782 [00:05<00:06, 68.01it/s]
 46%|████▌     | 360/782 [00:05<00:06, 66.90it/s]
 47%|████▋     | 367/782 [00:05<00:06, 66.84it/s]
 48%|████▊     | 374/782 [00:05<00:06, 66.49it/s]
 49%|████▊     | 381/782 [00:05<00:05, 67.27it/s]
 50%|████▉     | 389/782 [00:05<00:05, 68.32it/s]
 51%|█████     | 396/782 [00:05<00:05, 68.35it/s]
 52%|█████▏    | 403/782 [00:06<00:05, 66.39it/s]
 52%|█████▏    | 410/782 [00:06<00:05, 65.62it/s]
 53%|█████▎    | 417/782 [00:06<00:05, 64.99it/s]
 54%|█████▍    | 424/782 [00:06<00:05, 64.21it/s]
 55%|█████▌    | 431/782 [00:06<00:05, 65.13it/s]
 56%|█████▌    | 438/782 [00:06<00:05, 65.74it/s]
 57%|█████▋    | 445/782 [00:06<00:05, 66.09it/s]
 58%|█████▊    | 452/782 [00:06<00:04, 66.06it/s]
 59%|█████▊    | 459/782 [00:06<00:04, 66.20it/s]
 60%|█████▉    | 466/782 [00:06<00:04, 66.55it/s]
 60%|██████    | 473/782 [00:07<00:04, 66.24it/s]
 61%|██████▏   | 480/782 [00:07<00:04, 67.00it/s]
 62%|██████▏   | 487/782 [00:07<00:04, 67.57it/s]
 63%|██████▎   | 494/782 [00:07<00:04, 68.11it/s]
 64%|██████▍   | 501/782 [00:07<00:04, 67.73it/s]
 65%|██████▍   | 508/782 [00:07<00:04, 67.46it/s]
 66%|██████▌   | 515/782 [00:07<00:03, 68.14it/s]
 67%|██████▋   | 522/782 [00:07<00:03, 68.08it/s]
 68%|██████▊   | 530/782 [00:07<00:03, 69.23it/s]
 69%|██████▊   | 537/782 [00:07<00:03, 69.31it/s]
 70%|██████▉   | 545/782 [00:08<00:03, 69.27it/s]
 71%|███████   | 552/782 [00:08<00:03, 69.30it/s]
 71%|███████▏  | 559/782 [00:08<00:03, 68.94it/s]
 72%|███████▏  | 566/782 [00:08<00:03, 68.38it/s]
 73%|███████▎  | 573/782 [00:08<00:03, 68.75it/s]
 74%|███████▍  | 581/782 [00:08<00:02, 69.54it/s]
 75%|███████▌  | 588/782 [00:08<00:02, 68.93it/s]
 76%|███████▌  | 595/782 [00:08<00:02, 68.88it/s]
 77%|███████▋  | 602/782 [00:08<00:02, 67.62it/s]
 78%|███████▊  | 610/782 [00:09<00:02, 68.98it/s]
 79%|███████▉  | 618/782 [00:09<00:02, 69.50it/s]
 80%|███████▉  | 625/782 [00:09<00:02, 69.06it/s]
 81%|████████  | 633/782 [00:09<00:02, 69.84it/s]
 82%|████████▏ | 640/782 [00:09<00:02, 68.80it/s]
 83%|████████▎ | 647/782 [00:09<00:01, 68.06it/s]
 84%|████████▎ | 654/782 [00:09<00:01, 68.14it/s]
 85%|████████▍ | 661/782 [00:09<00:01, 68.27it/s]
 86%|████████▌ | 669/782 [00:09<00:01, 68.96it/s]
 86%|████████▋ | 676/782 [00:10<00:01, 68.45it/s]
 87%|████████▋ | 684/782 [00:10<00:01, 68.81it/s]
 88%|████████▊ | 691/782 [00:10<00:01, 67.89it/s]
 89%|████████▉ | 698/782 [00:10<00:01, 68.03it/s]
 90%|█████████ | 706/782 [00:10<00:01, 68.67it/s]
 91%|█████████ | 713/782 [00:10<00:01, 68.57it/s]
 92%|█████████▏| 720/782 [00:10<00:00, 68.54it/s]
 93%|█████████▎| 727/782 [00:10<00:00, 68.61it/s]
 94%|█████████▍| 735/782 [00:10<00:00, 69.40it/s]
 95%|█████████▍| 742/782 [00:10<00:00, 68.76it/s]
 96%|█████████▌| 749/782 [00:11<00:00, 68.49it/s]
 97%|█████████▋| 756/782 [00:11<00:00, 68.31it/s]
 98%|█████████▊| 763/782 [00:11<00:00, 67.40it/s]
 99%|█████████▊| 771/782 [00:11<00:00, 68.37it/s]
 99%|█████████▉| 778/782 [00:11<00:00, 68.65it/s]
100%|██████████| 782/782 [00:11<00:00, 67.38it/s]
Model instantiation succeeded.
The training environment is set up successfully, using the following device: cuda.
Simulated training data created successfully.
Training step executed successfully.
  Train Loss: 2.1307, Test Loss: 2.1304
  Train Acc: 0.1658, Test Acc: 0.1653
  LR: 0.000000, Grad Norm: 0.1222, Throughput: 1988.0 samples/s
accuracy_to_time_metric 0.2596252345307808
  - Saved stats (fallback) to: /a/mm/ab/gpt/brute/ga/meta_evolution/stats_cifar10/img-classification_cifar-10_acc_GenFractalNet-5b84eeb28380551d48fa0fd58ace4043/1.json
  - Model persisted to ga_fractal_arch_cifar10/ (stats verified: 1 JSON file(s))

  ========================================
  >>> FITNESS SCORE: 16.53%  (source: hyperparameters.accuracy, checksum: 5b84eeb28380551d48fa0fd58ace4043)
  ========================================

  Evaluating Individual 19/20 ---- Generation: 1/5
  - Evaluating unique arch (checksum: 605ca2a8...)
Evaluating /a/mm/out_nneval_tmp_pid_300/nn/tmp/GenFractalNet-605ca2a87882d165b6c1263e2e4eff12-e87d649d244bda6e0ee3c7a2ddaf4f58.py...
epoch 1

  0%|          | 0/782 [00:00<?, ?it/s]
  0%|          | 2/782 [00:00<00:41, 18.84it/s]
  1%|          | 8/782 [00:00<00:18, 40.92it/s]
  2%|▏         | 14/782 [00:00<00:15, 48.41it/s]
  3%|▎         | 20/782 [00:00<00:14, 51.58it/s]
  3%|▎         | 26/782 [00:00<00:14, 53.96it/s]
  4%|▍         | 32/782 [00:00<00:13, 55.28it/s]
  5%|▍         | 38/782 [00:00<00:13, 55.79it/s]
  6%|▌         | 44/782 [00:00<00:13, 56.51it/s]
  6%|▋         | 50/782 [00:00<00:12, 57.01it/s]
  7%|▋         | 56/782 [00:01<00:12, 57.13it/s]
  8%|▊         | 62/782 [00:01<00:12, 57.49it/s]
  9%|▊         | 68/782 [00:01<00:12, 57.35it/s]
  9%|▉         | 74/782 [00:01<00:12, 57.74it/s]
 10%|█         | 80/782 [00:01<00:12, 57.87it/s]
 11%|█         | 86/782 [00:01<00:12, 57.91it/s]
 12%|█▏        | 92/782 [00:01<00:12, 57.49it/s]
 13%|█▎        | 98/782 [00:01<00:11, 57.52it/s]
 13%|█▎        | 104/782 [00:01<00:11, 57.41it/s]
 14%|█▍        | 110/782 [00:01<00:11, 57.55it/s]
 15%|█▍        | 116/782 [00:02<00:11, 57.50it/s]
 16%|█▌        | 122/782 [00:02<00:11, 57.64it/s]
 16%|█▋        | 128/782 [00:02<00:11, 57.88it/s]
 17%|█▋        | 134/782 [00:02<00:11, 57.73it/s]
 18%|█▊        | 140/782 [00:02<00:11, 57.38it/s]
 19%|█▊        | 146/782 [00:02<00:11, 57.43it/s]
 19%|█▉        | 152/782 [00:02<00:10, 57.67it/s]
 20%|██        | 158/782 [00:02<00:10, 57.41it/s]
 21%|██        | 164/782 [00:02<00:10, 57.53it/s]
 22%|██▏       | 170/782 [00:03<00:10, 57.15it/s]
 23%|██▎       | 176/782 [00:03<00:10, 57.33it/s]
 23%|██▎       | 182/782 [00:03<00:10, 57.57it/s]
 24%|██▍       | 188/782 [00:03<00:10, 57.95it/s]
 25%|██▍       | 194/782 [00:03<00:10, 57.64it/s]
 26%|██▌       | 200/782 [00:03<00:10, 56.82it/s]
 26%|██▋       | 206/782 [00:03<00:10, 56.42it/s]
 27%|██▋       | 212/782 [00:03<00:10, 55.96it/s]
 28%|██▊       | 218/782 [00:03<00:10, 55.97it/s]
 29%|██▉       | 225/782 [00:03<00:09, 57.28it/s]
 30%|██▉       | 231/782 [00:04<00:09, 57.16it/s]
 30%|███       | 237/782 [00:04<00:09, 56.17it/s]
 31%|███       | 243/782 [00:04<00:09, 57.02it/s]
 32%|███▏      | 249/782 [00:04<00:09, 57.19it/s]
 33%|███▎      | 255/782 [00:04<00:09, 57.86it/s]
 33%|███▎      | 261/782 [00:04<00:08, 58.03it/s]
 34%|███▍      | 267/782 [00:04<00:08, 57.73it/s]
 35%|███▍      | 273/782 [00:04<00:08, 57.50it/s]
 36%|███▌      | 279/782 [00:04<00:08, 57.13it/s]
 36%|███▋      | 285/782 [00:05<00:08, 57.42it/s]
 37%|███▋      | 291/782 [00:05<00:08, 57.37it/s]
 38%|███▊      | 297/782 [00:05<00:08, 57.13it/s]
 39%|███▊      | 303/782 [00:05<00:08, 57.16it/s]
 40%|███▉      | 309/782 [00:05<00:08, 55.49it/s]
 40%|████      | 315/782 [00:05<00:08, 54.83it/s]
 41%|████      | 321/782 [00:05<00:08, 54.42it/s]
 42%|████▏     | 327/782 [00:05<00:08, 54.48it/s]
 43%|████▎     | 333/782 [00:05<00:08, 54.12it/s]
 43%|████▎     | 339/782 [00:06<00:08, 54.73it/s]
 44%|████▍     | 345/782 [00:06<00:07, 55.93it/s]
 45%|████▍     | 351/782 [00:06<00:07, 56.98it/s]
 46%|████▌     | 357/782 [00:06<00:07, 57.33it/s]
 46%|████▋     | 363/782 [00:06<00:07, 56.75it/s]
 47%|████▋     | 369/782 [00:06<00:07, 56.87it/s]
 48%|████▊     | 375/782 [00:06<00:07, 57.21it/s]
 49%|████▊     | 381/782 [00:06<00:07, 56.57it/s]
 49%|████▉     | 387/782 [00:06<00:06, 56.57it/s]
 50%|█████     | 393/782 [00:06<00:06, 57.54it/s]
 51%|█████     | 399/782 [00:07<00:06, 57.33it/s]
 52%|█████▏    | 405/782 [00:07<00:06, 57.43it/s]
 53%|█████▎    | 411/782 [00:07<00:06, 57.21it/s]
 53%|█████▎    | 417/782 [00:07<00:06, 57.22it/s]
 54%|█████▍    | 423/782 [00:07<00:06, 57.86it/s]
 55%|█████▍    | 429/782 [00:07<00:06, 57.86it/s]
 56%|█████▌    | 435/782 [00:07<00:05, 58.40it/s]
 56%|█████▋    | 441/782 [00:07<00:05, 58.59it/s]
 57%|█████▋    | 447/782 [00:07<00:05, 58.35it/s]
 58%|█████▊    | 453/782 [00:07<00:05, 57.45it/s]
 59%|█████▊    | 459/782 [00:08<00:05, 57.68it/s]
 59%|█████▉    | 465/782 [00:08<00:05, 57.80it/s]
 60%|██████    | 471/782 [00:08<00:05, 57.87it/s]
 61%|██████    | 477/782 [00:08<00:05, 58.00it/s]
 62%|██████▏   | 483/782 [00:08<00:05, 58.12it/s]
 63%|██████▎   | 489/782 [00:08<00:05, 57.90it/s]
 63%|██████▎   | 495/782 [00:08<00:04, 57.95it/s]
 64%|██████▍   | 501/782 [00:08<00:04, 57.71it/s]
 65%|██████▍   | 507/782 [00:08<00:04, 57.42it/s]
 66%|██████▌   | 513/782 [00:09<00:04, 57.26it/s]
 66%|██████▋   | 519/782 [00:09<00:04, 57.21it/s]
 67%|██████▋   | 525/782 [00:09<00:04, 57.05it/s]
 68%|██████▊   | 531/782 [00:09<00:04, 56.98it/s]
 69%|██████▊   | 537/782 [00:09<00:04, 57.56it/s]
 69%|██████▉   | 543/782 [00:09<00:04, 57.80it/s]
 70%|███████   | 549/782 [00:09<00:04, 57.29it/s]
 71%|███████   | 555/782 [00:09<00:03, 57.22it/s]
 72%|███████▏  | 561/782 [00:09<00:03, 56.76it/s]
 73%|███████▎  | 567/782 [00:09<00:03, 56.97it/s]
 73%|███████▎  | 573/782 [00:10<00:03, 56.65it/s]
 74%|███████▍  | 579/782 [00:10<00:03, 57.27it/s]
 75%|███████▍  | 585/782 [00:10<00:03, 56.48it/s]
 76%|███████▌  | 591/782 [00:10<00:03, 56.77it/s]
 76%|███████▋  | 597/782 [00:10<00:03, 56.98it/s]
 77%|███████▋  | 603/782 [00:10<00:03, 56.64it/s]
 78%|███████▊  | 609/782 [00:10<00:03, 56.92it/s]
 79%|███████▊  | 615/782 [00:10<00:02, 57.22it/s]
 79%|███████▉  | 621/782 [00:10<00:02, 56.87it/s]
 80%|████████  | 627/782 [00:11<00:02, 56.82it/s]
 81%|████████  | 633/782 [00:11<00:02, 57.12it/s]
 82%|████████▏ | 639/782 [00:11<00:02, 56.92it/s]
 82%|████████▏ | 645/782 [00:11<00:02, 57.13it/s]
 83%|████████▎ | 651/782 [00:11<00:02, 57.38it/s]
 84%|████████▍ | 657/782 [00:11<00:02, 57.49it/s]
 85%|████████▍ | 663/782 [00:11<00:02, 57.30it/s]
 86%|████████▌ | 669/782 [00:11<00:01, 56.96it/s]
 86%|████████▋ | 675/782 [00:11<00:01, 57.13it/s]
 87%|████████▋ | 681/782 [00:11<00:01, 57.38it/s]
 88%|████████▊ | 687/782 [00:12<00:01, 57.66it/s]
 89%|████████▊ | 693/782 [00:12<00:01, 57.85it/s]
 89%|████████▉ | 699/782 [00:12<00:01, 57.73it/s]
 90%|█████████ | 705/782 [00:12<00:01, 57.92it/s]
 91%|█████████ | 711/782 [00:12<00:01, 57.39it/s]
 92%|█████████▏| 717/782 [00:12<00:01, 57.12it/s]
 92%|█████████▏| 723/782 [00:12<00:01, 57.45it/s]
 93%|█████████▎| 729/782 [00:12<00:00, 57.62it/s]
 94%|█████████▍| 735/782 [00:12<00:00, 57.36it/s]
 95%|█████████▍| 741/782 [00:13<00:00, 56.89it/s]
 96%|█████████▌| 747/782 [00:13<00:00, 57.26it/s]
 96%|█████████▋| 753/782 [00:13<00:00, 56.76it/s]
 97%|█████████▋| 759/782 [00:13<00:00, 56.93it/s]
 98%|█████████▊| 765/782 [00:13<00:00, 56.93it/s]
 99%|█████████▊| 771/782 [00:13<00:00, 56.36it/s]
 99%|█████████▉| 777/782 [00:13<00:00, 57.07it/s]
100%|██████████| 782/782 [00:13<00:00, 56.70it/s]
Traceback (most recent call last):
  File "/a/mm/ab/gpt/brute/ga/meta_evolution/run_fractal_evolution.py", line 253, in fitness_function
    result = evaluator.evaluate(filepath)
             ^^^^^^^^^^^^^^^^^^^^^^^^^^^^
  File "/a/mm/ab/gpt/util/Eval.py", line 107, in evaluate
    return api.check_nn(
           ^^^^^^^^^^^^^
  File "/a/mm/ab/nn/api.py", line 105, in check_nn
    return Train.train_new(nn_code, task, dataset, metric, prm, save_to_db=save_to_db, prefix=prefix, save_path=save_path, export_onnx=export_onnx,
           ^^^^^^^^^^^^^^^^^^^^^^^^^^^^^^^^^^^^^^^^^^^^^^^^^^^^^^^^^^^^^^^^^^^^^^^^^^^^^^^^^^^^^^^^^^^^^^^^^^^^^^^^^^^^^^^^^^^^^^^^^^^^^^^^^^^^^^^^
  File "/a/mm/ab/nn/util/Train.py", line 553, in train_new
    accuracy, accuracy_to_time, duration = trainer.train_n_eval(epoch, epoch_limit_minutes, False, export_onnx, train_set, save_path=save_path)
                                           ^^^^^^^^^^^^^^^^^^^^^^^^^^^^^^^^^^^^^^^^^^^^^^^^^^^^^^^^^^^^^^^^^^^^^^^^^^^^^^^^^^^^^^^^^^^^^^^^^^^^
  File "/a/mm/ab/nn/util/Train.py", line 367, in train_n_eval
    raise AccuracyException(accuracy, duration,
ab.nn.util.Exception.AccuracyException: (0.1, 27481141225, "Accuracy is too low: 0.1. The minimum accepted accuracy for the 'cifar-10' dataset is 0.1.")
Model instantiation succeeded.
The training environment is set up successfully, using the following device: cuda.
Simulated training data created successfully.
Training step executed successfully.
  Train Loss: 2.3038, Test Loss: 2.3038
  Train Acc: 0.1000, Test Acc: 0.1000
  LR: 0.000001, Grad Norm: 0.1807, Throughput: 1819.5 samples/s
accuracy_to_time_metric 0.0
Error during training: (0.1, 27481141225, "Accuracy is too low: 0.1. The minimum accepted accuracy for the 'cifar-10' dataset is 0.1.")
Eval Fail: (0.1, 27481141225, "Accuracy is too low: 0.1. The minimum accepted accuracy for the 'cifar-10' dataset is 0.1.")
  - Cleaned up temp file: /a/mm/ab/gpt/brute/ga/meta_evolution/ga_fractal_arch_cifar10/_tmp_GenFractalNet-605ca2a87882d165b6c1263e2e4eff12.py
  Evaluating Individual 20/20 ---- Generation: 1/5
  - Evaluating unique arch (checksum: b0aef749...)
Evaluating /a/mm/out_nneval_tmp_pid_300/nn/tmp/GenFractalNet-b0aef74958fdf9de64909fa80c7fe72e-54f08baa0a6b8499151998c781482df6.py...
epoch 1

  0%|          | 0/782 [00:00<?, ?it/s]
  0%|          | 2/782 [00:00<00:45, 17.21it/s]
  1%|          | 7/782 [00:00<00:24, 31.56it/s]
  2%|▏         | 12/782 [00:00<00:20, 36.95it/s]
  2%|▏         | 17/782 [00:00<00:19, 39.86it/s]
  3%|▎         | 22/782 [00:00<00:18, 40.98it/s]
  3%|▎         | 27/782 [00:00<00:17, 41.97it/s]
  4%|▍         | 32/782 [00:00<00:17, 43.03it/s]
  5%|▍         | 37/782 [00:00<00:16, 44.01it/s]
  5%|▌         | 42/782 [00:01<00:17, 43.27it/s]
  6%|▌         | 47/782 [00:01<00:16, 43.68it/s]
  7%|▋         | 52/782 [00:01<00:16, 43.89it/s]
  7%|▋         | 57/782 [00:01<00:16, 44.38it/s]
  8%|▊         | 62/782 [00:01<00:16, 44.27it/s]
  9%|▊         | 67/782 [00:01<00:16, 44.21it/s]
  9%|▉         | 72/782 [00:01<00:16, 44.03it/s]
 10%|▉         | 77/782 [00:01<00:15, 44.17it/s]
 10%|█         | 82/782 [00:01<00:15, 44.47it/s]
 11%|█         | 87/782 [00:02<00:15, 45.09it/s]
 12%|█▏        | 92/782 [00:02<00:15, 44.53it/s]
 12%|█▏        | 97/782 [00:02<00:15, 44.00it/s]
 13%|█▎        | 102/782 [00:02<00:15, 43.48it/s]
 14%|█▎        | 107/782 [00:02<00:15, 43.19it/s]
 14%|█▍        | 112/782 [00:02<00:15, 42.59it/s]
 15%|█▍        | 117/782 [00:02<00:15, 41.88it/s]
 16%|█▌        | 122/782 [00:02<00:15, 42.18it/s]
 16%|█▌        | 127/782 [00:02<00:15, 42.34it/s]
 17%|█▋        | 132/782 [00:03<00:15, 42.69it/s]
 18%|█▊        | 137/782 [00:03<00:14, 43.06it/s]
 18%|█▊        | 142/782 [00:03<00:14, 42.93it/s]
 19%|█▉        | 147/782 [00:03<00:14, 43.68it/s]
 19%|█▉        | 152/782 [00:03<00:14, 43.46it/s]
 20%|██        | 157/782 [00:03<00:14, 42.59it/s]
 21%|██        | 162/782 [00:03<00:14, 42.98it/s]
 21%|██▏       | 167/782 [00:03<00:14, 42.89it/s]
 22%|██▏       | 172/782 [00:04<00:14, 43.24it/s]
 23%|██▎       | 177/782 [00:04<00:14, 42.86it/s]
 23%|██▎       | 182/782 [00:04<00:13, 43.28it/s]
 24%|██▍       | 187/782 [00:04<00:13, 44.16it/s]
 25%|██▍       | 192/782 [00:04<00:13, 44.05it/s]
 25%|██▌       | 197/782 [00:04<00:13, 43.42it/s]
 26%|██▌       | 202/782 [00:04<00:13, 43.45it/s]
 26%|██▋       | 207/782 [00:04<00:13, 43.29it/s]
 27%|██▋       | 212/782 [00:04<00:12, 43.91it/s]
 28%|██▊       | 217/782 [00:05<00:12, 43.61it/s]
 28%|██▊       | 222/782 [00:05<00:12, 43.19it/s]
 29%|██▉       | 227/782 [00:05<00:12, 43.47it/s]
 30%|██▉       | 232/782 [00:05<00:12, 43.79it/s]
 30%|███       | 237/782 [00:05<00:12, 43.19it/s]
 31%|███       | 242/782 [00:05<00:12, 43.44it/s]
 32%|███▏      | 247/782 [00:05<00:12, 43.34it/s]
 32%|███▏      | 252/782 [00:05<00:12, 43.33it/s]
 33%|███▎      | 257/782 [00:05<00:12, 43.04it/s]
 34%|███▎      | 262/782 [00:06<00:12, 42.60it/s]
 34%|███▍      | 267/782 [00:06<00:12, 42.79it/s]
 35%|███▍      | 272/782 [00:06<00:11, 43.54it/s]
 35%|███▌      | 277/782 [00:06<00:11, 43.57it/s]
 36%|███▌      | 282/782 [00:06<00:11, 43.80it/s]
 37%|███▋      | 287/782 [00:06<00:11, 43.90it/s]
 37%|███▋      | 292/782 [00:06<00:11, 43.69it/s]
 38%|███▊      | 297/782 [00:06<00:11, 43.43it/s]
 39%|███▊      | 302/782 [00:07<00:11, 43.63it/s]
 39%|███▉      | 307/782 [00:07<00:10, 43.42it/s]
 40%|███▉      | 312/782 [00:07<00:10, 43.64it/s]
 41%|████      | 317/782 [00:07<00:10, 43.60it/s]
 41%|████      | 322/782 [00:07<00:10, 43.15it/s]
 42%|████▏     | 327/782 [00:07<00:10, 43.16it/s]
 42%|████▏     | 332/782 [00:07<00:10, 43.74it/s]
 43%|████▎     | 337/782 [00:07<00:10, 43.92it/s]
 44%|████▎     | 342/782 [00:07<00:09, 44.47it/s]
 44%|████▍     | 347/782 [00:08<00:09, 44.89it/s]
 45%|████▌     | 352/782 [00:08<00:09, 44.94it/s]
 46%|████▌     | 357/782 [00:08<00:09, 45.03it/s]
 46%|████▋     | 362/782 [00:08<00:09, 45.13it/s]
 47%|████▋     | 367/782 [00:08<00:09, 45.15it/s]
 48%|████▊     | 372/782 [00:08<00:09, 44.22it/s]
 48%|████▊     | 377/782 [00:08<00:09, 44.20it/s]
 49%|████▉     | 382/782 [00:08<00:08, 44.60it/s]
 49%|████▉     | 387/782 [00:08<00:08, 44.26it/s]
 50%|█████     | 392/782 [00:09<00:08, 43.52it/s]
 51%|█████     | 397/782 [00:09<00:08, 43.48it/s]
 51%|█████▏    | 402/782 [00:09<00:08, 43.91it/s]
 52%|█████▏    | 407/782 [00:09<00:08, 44.04it/s]
 53%|█████▎    | 412/782 [00:09<00:08, 44.13it/s]
 53%|█████▎    | 417/782 [00:09<00:08, 43.66it/s]
 54%|█████▍    | 422/782 [00:09<00:08, 43.83it/s]
 55%|█████▍    | 427/782 [00:09<00:08, 43.03it/s]
 55%|█████▌    | 432/782 [00:09<00:08, 42.89it/s]
 56%|█████▌    | 437/782 [00:10<00:07, 43.27it/s]
 57%|█████▋    | 442/782 [00:10<00:07, 43.48it/s]
 57%|█████▋    | 447/782 [00:10<00:07, 43.01it/s]
 58%|█████▊    | 452/782 [00:10<00:07, 43.23it/s]
 58%|█████▊    | 457/782 [00:10<00:07, 43.80it/s]
 59%|█████▉    | 462/782 [00:10<00:07, 43.15it/s]
 60%|█████▉    | 467/782 [00:10<00:07, 42.99it/s]
 60%|██████    | 472/782 [00:10<00:07, 43.86it/s]
 61%|██████    | 477/782 [00:11<00:06, 44.34it/s]
 62%|██████▏   | 482/782 [00:11<00:06, 44.29it/s]
 62%|██████▏   | 487/782 [00:11<00:06, 44.18it/s]
 63%|██████▎   | 492/782 [00:11<00:06, 44.51it/s]
 64%|██████▎   | 497/782 [00:11<00:06, 44.69it/s]
 64%|██████▍   | 502/782 [00:11<00:06, 44.95it/s]
 65%|██████▍   | 507/782 [00:11<00:06, 44.59it/s]
 65%|██████▌   | 512/782 [00:11<00:06, 44.78it/s]
 66%|██████▌   | 517/782 [00:11<00:05, 44.85it/s]
 67%|██████▋   | 522/782 [00:12<00:05, 44.30it/s]
 67%|██████▋   | 527/782 [00:12<00:05, 44.05it/s]
 68%|██████▊   | 532/782 [00:12<00:05, 43.47it/s]
 69%|██████▊   | 537/782 [00:12<00:05, 43.59it/s]
 69%|██████▉   | 542/782 [00:12<00:05, 43.70it/s]
 70%|██████▉   | 547/782 [00:12<00:05, 43.46it/s]
 71%|███████   | 552/782 [00:12<00:05, 43.64it/s]
 71%|███████   | 557/782 [00:12<00:05, 43.34it/s]
 72%|███████▏  | 562/782 [00:12<00:05, 43.74it/s]
 73%|███████▎  | 567/782 [00:13<00:04, 43.98it/s]
 73%|███████▎  | 572/782 [00:13<00:04, 43.97it/s]
 74%|███████▍  | 577/782 [00:13<00:04, 44.46it/s]
 74%|███████▍  | 582/782 [00:13<00:04, 44.28it/s]
 75%|███████▌  | 587/782 [00:13<00:04, 44.58it/s]
 76%|███████▌  | 592/782 [00:13<00:04, 43.36it/s]
 76%|███████▋  | 597/782 [00:13<00:04, 43.12it/s]
 77%|███████▋  | 602/782 [00:13<00:04, 43.10it/s]
 78%|███████▊  | 607/782 [00:13<00:04, 43.24it/s]
 78%|███████▊  | 612/782 [00:14<00:03, 43.44it/s]
 79%|███████▉  | 617/782 [00:14<00:03, 43.60it/s]
 80%|███████▉  | 622/782 [00:14<00:03, 43.65it/s]
 80%|████████  | 627/782 [00:14<00:03, 43.73it/s]
 81%|████████  | 632/782 [00:14<00:03, 43.98it/s]
 81%|████████▏ | 637/782 [00:14<00:03, 44.19it/s]
 82%|████████▏ | 642/782 [00:14<00:03, 44.05it/s]
 83%|████████▎ | 647/782 [00:14<00:03, 44.40it/s]
 83%|████████▎ | 652/782 [00:14<00:02, 44.29it/s]
 84%|████████▍ | 657/782 [00:15<00:02, 44.42it/s]
 85%|████████▍ | 662/782 [00:15<00:02, 44.40it/s]
 85%|████████▌ | 667/782 [00:15<00:02, 44.73it/s]
 86%|████████▌ | 672/782 [00:15<00:02, 44.30it/s]
 87%|████████▋ | 677/782 [00:15<00:02, 43.95it/s]
 87%|████████▋ | 682/782 [00:15<00:02, 44.51it/s]
 88%|████████▊ | 687/782 [00:15<00:02, 44.66it/s]
 88%|████████▊ | 692/782 [00:15<00:01, 45.14it/s]
 89%|████████▉ | 697/782 [00:15<00:01, 44.83it/s]
 90%|████████▉ | 702/782 [00:16<00:01, 44.37it/s]
 90%|█████████ | 707/782 [00:16<00:01, 44.10it/s]
 91%|█████████ | 712/782 [00:16<00:01, 44.22it/s]
 92%|█████████▏| 717/782 [00:16<00:01, 44.30it/s]
 92%|█████████▏| 722/782 [00:16<00:01, 44.17it/s]
 93%|█████████▎| 727/782 [00:16<00:01, 44.03it/s]
 94%|█████████▎| 732/782 [00:16<00:01, 44.45it/s]
 94%|█████████▍| 737/782 [00:16<00:01, 44.65it/s]
 95%|█████████▍| 742/782 [00:17<00:00, 45.16it/s]
 96%|█████████▌| 747/782 [00:17<00:00, 44.81it/s]
 96%|█████████▌| 752/782 [00:17<00:00, 44.41it/s]
 97%|█████████▋| 757/782 [00:17<00:00, 44.54it/s]
 97%|█████████▋| 762/782 [00:17<00:00, 44.30it/s]
 98%|█████████▊| 767/782 [00:17<00:00, 44.59it/s]
 99%|█████████▊| 772/782 [00:17<00:00, 44.05it/s]
 99%|█████████▉| 777/782 [00:17<00:00, 44.60it/s]
100%|██████████| 782/782 [00:17<00:00, 43.44it/s]
100%|██████████| 782/782 [00:17<00:00, 43.57it/s]
Model instantiation succeeded.
The training environment is set up successfully, using the following device: cuda.
Simulated training data created successfully.
Training step executed successfully.
  Train Loss: 1.5910, Test Loss: 1.5853
  Train Acc: 0.4088, Test Acc: 0.4132
  LR: 0.000000, Grad Norm: 0.6617, Throughput: 1586.6 samples/s
accuracy_to_time_metric 0.9938083311028424
  - Saved stats (fallback) to: /a/mm/ab/gpt/brute/ga/meta_evolution/stats_cifar10/img-classification_cifar-10_acc_GenFractalNet-b0aef74958fdf9de64909fa80c7fe72e/1.json
  - Model persisted to ga_fractal_arch_cifar10/ (stats verified: 1 JSON file(s))

  ========================================
  >>> FITNESS SCORE: 41.32%  (source: hyperparameters.accuracy, checksum: b0aef74958fdf9de64909fa80c7fe72e)
  ========================================

  [Archive] Cell (3, 32) updated with fitness: 41.3200


 >>> GENERATION 2 <<<

  Evaluating Individual 6/20 ---- Generation: 2/5
  - Evaluating unique arch (checksum: b2e3eb6f...)
Evaluating /a/mm/out_nneval_tmp_pid_300/nn/tmp/GenFractalNet-b2e3eb6f27b4095c6209d3bc69d5e2ba-6e035a84636efb82ba262775e100fc4b.py...
epoch 1

  0%|          | 0/782 [00:00<?, ?it/s]
  0%|          | 3/782 [00:00<00:26, 29.03it/s]
  2%|▏         | 12/782 [00:00<00:12, 62.39it/s]
  3%|▎         | 21/782 [00:00<00:10, 72.83it/s]
  4%|▍         | 30/782 [00:00<00:09, 77.69it/s]
  5%|▍         | 39/782 [00:00<00:09, 81.62it/s]
  6%|▋         | 49/782 [00:00<00:08, 84.99it/s]
  7%|▋         | 58/782 [00:00<00:08, 86.27it/s]
  9%|▊         | 67/782 [00:00<00:08, 86.53it/s]
 10%|▉         | 76/782 [00:00<00:08, 86.97it/s]
 11%|█         | 86/782 [00:01<00:07, 87.93it/s]
 12%|█▏        | 96/782 [00:01<00:07, 88.81it/s]
 13%|█▎        | 105/782 [00:01<00:07, 88.64it/s]
 15%|█▍        | 114/782 [00:01<00:07, 88.40it/s]
 16%|█▌        | 123/782 [00:01<00:07, 88.74it/s]
 17%|█▋        | 133/782 [00:01<00:07, 89.36it/s]
 18%|█▊        | 142/782 [00:01<00:07, 89.13it/s]
 19%|█▉        | 151/782 [00:01<00:07, 87.92it/s]
 20%|██        | 160/782 [00:01<00:07, 87.77it/s]
 22%|██▏       | 169/782 [00:01<00:07, 87.34it/s]
 23%|██▎       | 179/782 [00:02<00:06, 88.10it/s]
 24%|██▍       | 188/782 [00:02<00:06, 88.59it/s]
 25%|██▌       | 197/782 [00:02<00:06, 88.10it/s]
 26%|██▋       | 206/782 [00:02<00:06, 86.89it/s]
 27%|██▋       | 215/782 [00:02<00:06, 86.56it/s]
 29%|██▊       | 224/782 [00:02<00:06, 86.89it/s]
 30%|██▉       | 233/782 [00:02<00:06, 87.02it/s]
 31%|███       | 242/782 [00:02<00:06, 87.58it/s]
 32%|███▏      | 252/782 [00:02<00:05, 88.74it/s]
 33%|███▎      | 261/782 [00:03<00:05, 87.89it/s]
 35%|███▍      | 270/782 [00:03<00:05, 86.41it/s]
 36%|███▌      | 279/782 [00:03<00:05, 87.05it/s]
 37%|███▋      | 288/782 [00:03<00:05, 86.48it/s]
 38%|███▊      | 297/782 [00:03<00:05, 86.70it/s]
 39%|███▉      | 307/782 [00:03<00:05, 88.19it/s]
 41%|████      | 317/782 [00:03<00:05, 89.84it/s]
 42%|████▏     | 326/782 [00:03<00:05, 89.86it/s]
 43%|████▎     | 336/782 [00:03<00:04, 90.02it/s]
 44%|████▍     | 345/782 [00:03<00:04, 88.53it/s]
 45%|████▌     | 355/782 [00:04<00:04, 89.34it/s]
 47%|████▋     | 364/782 [00:04<00:04, 89.32it/s]
 48%|████▊     | 374/782 [00:04<00:04, 90.01it/s]
 49%|████▉     | 383/782 [00:04<00:04, 89.14it/s]
 50%|█████     | 392/782 [00:04<00:04, 88.54it/s]
 51%|█████▏    | 401/782 [00:04<00:04, 88.87it/s]
 52%|█████▏    | 410/782 [00:04<00:04, 89.02it/s]
 54%|█████▎    | 419/782 [00:04<00:04, 87.45it/s]
 55%|█████▍    | 428/782 [00:04<00:04, 86.77it/s]
 56%|█████▌    | 437/782 [00:05<00:03, 87.29it/s]
 57%|█████▋    | 446/782 [00:05<00:03, 87.27it/s]
 58%|█████▊    | 455/782 [00:05<00:03, 87.50it/s]
 59%|█████▉    | 464/782 [00:05<00:03, 86.76it/s]
 60%|██████    | 473/782 [00:05<00:03, 87.15it/s]
 62%|██████▏   | 482/782 [00:05<00:03, 87.71it/s]
 63%|██████▎   | 491/782 [00:05<00:03, 88.02it/s]
 64%|██████▍   | 500/782 [00:05<00:03, 88.10it/s]
 65%|██████▌   | 509/782 [00:05<00:03, 87.60it/s]
 66%|██████▌   | 518/782 [00:05<00:03, 87.15it/s]
 67%|██████▋   | 527/782 [00:06<00:02, 87.31it/s]
 69%|██████▊   | 536/782 [00:06<00:02, 85.12it/s]
 70%|██████▉   | 545/782 [00:06<00:02, 83.35it/s]
 71%|███████   | 554/782 [00:06<00:02, 84.55it/s]
 72%|███████▏  | 563/782 [00:06<00:02, 84.85it/s]
 73%|███████▎  | 572/782 [00:06<00:02, 85.53it/s]
 74%|███████▍  | 581/782 [00:06<00:02, 86.01it/s]
 76%|███████▌  | 591/782 [00:06<00:02, 86.86it/s]
 77%|███████▋  | 601/782 [00:06<00:02, 88.04it/s]
 78%|███████▊  | 610/782 [00:07<00:01, 88.39it/s]
 79%|███████▉  | 619/782 [00:07<00:01, 88.46it/s]
 80%|████████  | 628/782 [00:07<00:01, 88.90it/s]
 81%|████████▏ | 637/782 [00:07<00:01, 87.83it/s]
 83%|████████▎ | 646/782 [00:07<00:01, 87.37it/s]
 84%|████████▍ | 655/782 [00:07<00:01, 87.12it/s]
 85%|████████▍ | 664/782 [00:07<00:01, 86.83it/s]
 86%|████████▌ | 673/782 [00:07<00:01, 86.47it/s]
 87%|████████▋ | 682/782 [00:07<00:01, 86.34it/s]
 88%|████████▊ | 691/782 [00:07<00:01, 86.59it/s]
 90%|████████▉ | 700/782 [00:08<00:00, 87.34it/s]
 91%|█████████ | 709/782 [00:08<00:00, 87.73it/s]
 92%|█████████▏| 718/782 [00:08<00:00, 87.73it/s]
 93%|█████████▎| 727/782 [00:08<00:00, 87.42it/s]
 94%|█████████▍| 736/782 [00:08<00:00, 87.77it/s]
 95%|█████████▌| 745/782 [00:08<00:00, 88.21it/s]
 96%|█████████▋| 754/782 [00:08<00:00, 88.72it/s]
 98%|█████████▊| 763/782 [00:08<00:00, 89.01it/s]
 99%|█████████▊| 772/782 [00:08<00:00, 88.32it/s]
100%|█████████▉| 781/782 [00:08<00:00, 88.08it/s]
100%|██████████| 782/782 [00:09<00:00, 86.62it/s]
Model instantiation succeeded.
The training environment is set up successfully, using the following device: cuda.
Simulated training data created successfully.
Training step executed successfully.
  Train Loss: 1.9018, Test Loss: 1.9006
  Train Acc: 0.2721, Test Acc: 0.2760
  LR: 0.000000, Grad Norm: 0.4959, Throughput: 2219.8 samples/s
accuracy_to_time_metric 0.7813569501748489
  - Saved stats (fallback) to: /a/mm/ab/gpt/brute/ga/meta_evolution/stats_cifar10/img-classification_cifar-10_acc_GenFractalNet-b2e3eb6f27b4095c6209d3bc69d5e2ba/1.json
  - Model persisted to ga_fractal_arch_cifar10/ (stats verified: 1 JSON file(s))

  ========================================
  >>> FITNESS SCORE: 27.60%  (source: hyperparameters.accuracy, checksum: b2e3eb6f27b4095c6209d3bc69d5e2ba)
  ========================================

  Evaluating Individual 7/20 ---- Generation: 2/5
  - Evaluating unique arch (checksum: 86fef6d1...)
Evaluating /a/mm/out_nneval_tmp_pid_300/nn/tmp/GenFractalNet-86fef6d1d2a59156908a79adacd5ff46-e203689f46952af75b69cb8de15acffa.py...
epoch 1

  0%|          | 0/782 [00:00<?, ?it/s]
  1%|          | 7/782 [00:00<00:11, 69.49it/s]
  3%|▎         | 22/782 [00:00<00:06, 113.06it/s]
  5%|▍         | 36/782 [00:00<00:06, 124.04it/s]
  6%|▋         | 50/782 [00:00<00:05, 128.05it/s]
  8%|▊         | 64/782 [00:00<00:05, 129.86it/s]
 10%|▉         | 78/782 [00:00<00:05, 131.29it/s]
 12%|█▏        | 93/782 [00:00<00:05, 135.33it/s]
 14%|█▎        | 107/782 [00:00<00:05, 134.50it/s]
 15%|█▌        | 121/782 [00:00<00:05, 131.57it/s]
 17%|█▋        | 135/782 [00:01<00:04, 132.19it/s]
 19%|█▉        | 149/782 [00:01<00:04, 132.25it/s]
 21%|██        | 163/782 [00:01<00:04, 133.62it/s]
 23%|██▎       | 178/782 [00:01<00:04, 135.76it/s]
 25%|██▍       | 192/782 [00:01<00:04, 136.48it/s]
 26%|██▋       | 206/782 [00:01<00:04, 137.10it/s]
 28%|██▊       | 220/782 [00:01<00:04, 137.83it/s]
 30%|██▉       | 234/782 [00:01<00:03, 137.83it/s]
 32%|███▏      | 249/782 [00:01<00:03, 138.74it/s]
 34%|███▍      | 264/782 [00:01<00:03, 139.72it/s]
 36%|███▌      | 279/782 [00:02<00:03, 139.82it/s]
 38%|███▊      | 294/782 [00:02<00:03, 140.80it/s]
 40%|███▉      | 309/782 [00:02<00:03, 140.99it/s]
 41%|████▏     | 324/782 [00:02<00:03, 141.33it/s]
 43%|████▎     | 339/782 [00:02<00:03, 141.75it/s]
 45%|████▌     | 354/782 [00:02<00:03, 142.02it/s]
 47%|████▋     | 369/782 [00:02<00:02, 142.45it/s]
 49%|████▉     | 384/782 [00:02<00:02, 142.55it/s]
 51%|█████     | 399/782 [00:02<00:02, 142.68it/s]
 53%|█████▎    | 414/782 [00:03<00:02, 141.98it/s]
 55%|█████▍    | 429/782 [00:03<00:02, 139.85it/s]
 57%|█████▋    | 444/782 [00:03<00:02, 139.87it/s]
 59%|█████▊    | 459/782 [00:03<00:02, 140.61it/s]
 61%|██████    | 474/782 [00:03<00:02, 141.06it/s]
 63%|██████▎   | 489/782 [00:03<00:02, 141.47it/s]
 64%|██████▍   | 504/782 [00:03<00:01, 141.60it/s]
 66%|██████▋   | 519/782 [00:03<00:01, 141.69it/s]
 68%|██████▊   | 534/782 [00:03<00:01, 139.49it/s]
 70%|███████   | 549/782 [00:03<00:01, 140.24it/s]
 72%|███████▏  | 564/782 [00:04<00:01, 140.51it/s]
 74%|███████▍  | 579/782 [00:04<00:01, 140.30it/s]
 76%|███████▌  | 594/782 [00:04<00:01, 140.08it/s]
 78%|███████▊  | 609/782 [00:04<00:01, 138.34it/s]
 80%|███████▉  | 623/782 [00:04<00:01, 138.31it/s]
 82%|████████▏ | 638/782 [00:04<00:01, 139.36it/s]
 84%|████████▎ | 653/782 [00:04<00:00, 140.40it/s]
 85%|████████▌ | 668/782 [00:04<00:00, 139.66it/s]
 87%|████████▋ | 683/782 [00:04<00:00, 140.52it/s]
 89%|████████▉ | 698/782 [00:05<00:00, 141.09it/s]
 91%|█████████ | 713/782 [00:05<00:00, 141.61it/s]
 93%|█████████▎| 728/782 [00:05<00:00, 141.77it/s]
 95%|█████████▌| 743/782 [00:05<00:00, 142.01it/s]
 97%|█████████▋| 758/782 [00:05<00:00, 142.35it/s]
 99%|█████████▉| 773/782 [00:05<00:00, 142.32it/s]
100%|██████████| 782/782 [00:05<00:00, 137.49it/s]
Model instantiation succeeded.
The training environment is set up successfully, using the following device: cuda.
Simulated training data created successfully.
Training step executed successfully.
  Train Loss: 2.3014, Test Loss: 2.3014
  Train Acc: 0.1555, Test Acc: 0.1542
  LR: 0.000000, Grad Norm: 0.7004, Throughput: 2596.2 samples/s
accuracy_to_time_metric 0.2814195867806329
  - Saved stats (fallback) to: /a/mm/ab/gpt/brute/ga/meta_evolution/stats_cifar10/img-classification_cifar-10_acc_GenFractalNet-86fef6d1d2a59156908a79adacd5ff46/1.json
  - Model persisted to ga_fractal_arch_cifar10/ (stats verified: 1 JSON file(s))

  ========================================
  >>> FITNESS SCORE: 15.42%  (source: hyperparameters.accuracy, checksum: 86fef6d1d2a59156908a79adacd5ff46)
  ========================================

  [Archive] Cell (2, 32) updated with fitness: 15.4200
  Evaluating Individual 8/20 ---- Generation: 2/5
  - Evaluating unique arch (checksum: 75cab592...)
Evaluating /a/mm/out_nneval_tmp_pid_300/nn/tmp/GenFractalNet-75cab5925e552e6ca10a56a5065dd333-295cbcf8dab1b9000d5a3e1d34dec9c3.py...
epoch 1

  0%|          | 0/782 [00:00<?, ?it/s]
  1%|          | 7/782 [00:00<00:11, 66.81it/s]
  3%|▎         | 21/782 [00:00<00:07, 105.28it/s]
  5%|▍         | 36/782 [00:00<00:06, 121.88it/s]
  7%|▋         | 51/782 [00:00<00:05, 130.72it/s]
  8%|▊         | 66/782 [00:00<00:05, 135.48it/s]
 10%|█         | 81/782 [00:00<00:05, 138.10it/s]
 12%|█▏        | 96/782 [00:00<00:04, 140.28it/s]
 14%|█▍        | 111/782 [00:00<00:04, 141.16it/s]
 16%|█▌        | 126/782 [00:00<00:04, 142.19it/s]
 18%|█▊        | 141/782 [00:01<00:04, 142.52it/s]
 20%|█▉        | 156/782 [00:01<00:04, 143.00it/s]
 22%|██▏       | 171/782 [00:01<00:04, 143.33it/s]
 24%|██▍       | 186/782 [00:01<00:04, 143.75it/s]
 26%|██▌       | 201/782 [00:01<00:04, 143.87it/s]
 28%|██▊       | 216/782 [00:01<00:03, 143.59it/s]
 30%|██▉       | 231/782 [00:01<00:03, 144.03it/s]
 31%|███▏      | 246/782 [00:01<00:03, 144.12it/s]
 33%|███▎      | 261/782 [00:01<00:03, 144.08it/s]
 35%|███▌      | 276/782 [00:01<00:03, 143.67it/s]
 37%|███▋      | 291/782 [00:02<00:03, 143.95it/s]
 39%|███▉      | 306/782 [00:02<00:03, 143.68it/s]
 41%|████      | 321/782 [00:02<00:03, 144.16it/s]
 43%|████▎     | 336/782 [00:02<00:03, 143.07it/s]
 45%|████▍     | 351/782 [00:02<00:03, 142.40it/s]
 47%|████▋     | 366/782 [00:02<00:02, 143.13it/s]
 49%|████▊     | 381/782 [00:02<00:02, 143.18it/s]
 51%|█████     | 396/782 [00:02<00:02, 141.84it/s]
 53%|█████▎    | 411/782 [00:02<00:02, 137.62it/s]
 54%|█████▍    | 426/782 [00:03<00:02, 139.65it/s]
 56%|█████▋    | 441/782 [00:03<00:02, 140.39it/s]
 58%|█████▊    | 456/782 [00:03<00:02, 134.40it/s]
 60%|██████    | 470/782 [00:03<00:02, 132.54it/s]
 62%|██████▏   | 484/782 [00:03<00:02, 130.19it/s]
 64%|██████▎   | 498/782 [00:03<00:02, 129.53it/s]
 65%|██████▌   | 512/782 [00:03<00:02, 131.42it/s]
 67%|██████▋   | 527/782 [00:03<00:01, 134.37it/s]
 69%|██████▉   | 542/782 [00:03<00:01, 137.14it/s]
 71%|███████   | 557/782 [00:04<00:01, 139.05it/s]
 73%|███████▎  | 572/782 [00:04<00:01, 140.43it/s]
 75%|███████▌  | 587/782 [00:04<00:01, 141.03it/s]
 77%|███████▋  | 602/782 [00:04<00:01, 141.89it/s]
 79%|███████▉  | 617/782 [00:04<00:01, 142.37it/s]
 81%|████████  | 632/782 [00:04<00:01, 142.92it/s]
 83%|████████▎ | 647/782 [00:04<00:00, 143.09it/s]
 85%|████████▍ | 662/782 [00:04<00:00, 142.63it/s]
 87%|████████▋ | 677/782 [00:04<00:00, 142.78it/s]
 88%|████████▊ | 692/782 [00:04<00:00, 143.04it/s]
 90%|█████████ | 707/782 [00:05<00:00, 143.15it/s]
 92%|█████████▏| 722/782 [00:05<00:00, 143.41it/s]
 94%|█████████▍| 737/782 [00:05<00:00, 143.33it/s]
 96%|█████████▌| 752/782 [00:05<00:00, 143.69it/s]
 98%|█████████▊| 767/782 [00:05<00:00, 143.59it/s]
100%|██████████| 782/782 [00:05<00:00, 139.28it/s]
100%|██████████| 782/782 [00:05<00:00, 138.64it/s]
Model instantiation succeeded.
The training environment is set up successfully, using the following device: cuda.
Simulated training data created successfully.
Training step executed successfully.
  Train Loss: 1.0328, Test Loss: 1.0484
  Train Acc: 0.6453, Test Acc: 0.6403
  LR: 0.000001, Grad Norm: 2.3180, Throughput: 2620.7 samples/s
accuracy_to_time_metric 2.83191944728441
  - Saved stats (fallback) to: /a/mm/ab/gpt/brute/ga/meta_evolution/stats_cifar10/img-classification_cifar-10_acc_GenFractalNet-75cab5925e552e6ca10a56a5065dd333/1.json
  - Model persisted to ga_fractal_arch_cifar10/ (stats verified: 1 JSON file(s))

  ========================================
  >>> FITNESS SCORE: 64.03%  (source: hyperparameters.accuracy, checksum: 75cab5925e552e6ca10a56a5065dd333)
  ========================================

  [Archive] Cell (3.0, 32) updated with fitness: 64.0300
  Evaluating Individual 9/20 ---- Generation: 2/5
  - Evaluating unique arch (checksum: c4cab011...)
Evaluating /a/mm/out_nneval_tmp_pid_300/nn/tmp/GenFractalNet-c4cab011dab12f31a07d6e176f4723b8-75d3bb13a9c16d3bb7f6ab9a98c1b371.py...
epoch 1

  0%|          | 0/782 [00:00<?, ?it/s]
  1%|          | 4/782 [00:00<00:19, 39.89it/s]
  2%|▏         | 13/782 [00:00<00:11, 69.13it/s]
  3%|▎         | 23/782 [00:00<00:09, 81.08it/s]
  4%|▍         | 32/782 [00:00<00:08, 84.21it/s]
  5%|▌         | 41/782 [00:00<00:08, 85.98it/s]
  6%|▋         | 50/782 [00:00<00:08, 87.14it/s]
  8%|▊         | 60/782 [00:00<00:08, 89.23it/s]
  9%|▉         | 70/782 [00:00<00:07, 89.69it/s]
 10%|█         | 79/782 [00:00<00:07, 89.59it/s]
 11%|█▏        | 88/782 [00:01<00:07, 89.22it/s]
 12%|█▏        | 97/782 [00:01<00:07, 88.98it/s]
 14%|█▎        | 106/782 [00:01<00:07, 88.52it/s]
 15%|█▍        | 115/782 [00:01<00:07, 87.61it/s]
 16%|█▌        | 125/782 [00:01<00:07, 88.29it/s]
 17%|█▋        | 135/782 [00:01<00:07, 89.15it/s]
 18%|█▊        | 144/782 [00:01<00:07, 89.07it/s]
 20%|█▉        | 154/782 [00:01<00:06, 90.37it/s]
 21%|██        | 164/782 [00:01<00:06, 90.40it/s]
 22%|██▏       | 174/782 [00:01<00:06, 89.82it/s]
 23%|██▎       | 183/782 [00:02<00:06, 89.51it/s]
 25%|██▍       | 193/782 [00:02<00:06, 90.05it/s]
 26%|██▌       | 203/782 [00:02<00:06, 90.37it/s]
 27%|██▋       | 213/782 [00:02<00:06, 91.05it/s]
 29%|██▊       | 223/782 [00:02<00:06, 90.70it/s]
 30%|██▉       | 233/782 [00:02<00:05, 91.82it/s]
 31%|███       | 243/782 [00:02<00:05, 91.06it/s]
 32%|███▏      | 253/782 [00:02<00:05, 91.06it/s]
 34%|███▎      | 263/782 [00:02<00:05, 90.39it/s]
 35%|███▍      | 273/782 [00:03<00:05, 89.12it/s]
 36%|███▌      | 283/782 [00:03<00:05, 90.43it/s]
 37%|███▋      | 293/782 [00:03<00:05, 89.68it/s]
 39%|███▊      | 302/782 [00:03<00:05, 89.72it/s]
 40%|███▉      | 311/782 [00:03<00:05, 88.45it/s]
 41%|████      | 321/782 [00:03<00:05, 88.76it/s]
 42%|████▏     | 331/782 [00:03<00:05, 89.27it/s]
 43%|████▎     | 340/782 [00:03<00:04, 88.72it/s]
 45%|████▍     | 349/782 [00:03<00:04, 89.04it/s]
 46%|████▌     | 359/782 [00:04<00:04, 89.51it/s]
 47%|████▋     | 368/782 [00:04<00:04, 89.59it/s]
 48%|████▊     | 378/782 [00:04<00:04, 90.50it/s]
 50%|████▉     | 388/782 [00:04<00:04, 90.93it/s]
 51%|█████     | 398/782 [00:04<00:04, 90.05it/s]
 52%|█████▏    | 408/782 [00:04<00:04, 90.35it/s]
 53%|█████▎    | 418/782 [00:04<00:04, 89.75it/s]
 55%|█████▍    | 427/782 [00:04<00:04, 88.62it/s]
 56%|█████▌    | 436/782 [00:04<00:03, 86.50it/s]
 57%|█████▋    | 445/782 [00:05<00:03, 87.21it/s]
 58%|█████▊    | 455/782 [00:05<00:03, 88.48it/s]
 59%|█████▉    | 465/782 [00:05<00:03, 89.26it/s]
 61%|██████    | 474/782 [00:05<00:03, 89.10it/s]
 62%|██████▏   | 484/782 [00:05<00:03, 90.05it/s]
 63%|██████▎   | 494/782 [00:05<00:03, 89.97it/s]
 64%|██████▍   | 503/782 [00:05<00:03, 89.32it/s]
 65%|██████▌   | 512/782 [00:05<00:03, 88.36it/s]
 67%|██████▋   | 521/782 [00:05<00:02, 88.36it/s]
 68%|██████▊   | 530/782 [00:05<00:02, 88.43it/s]
 69%|██████▉   | 540/782 [00:06<00:02, 89.33it/s]
 70%|███████   | 550/782 [00:06<00:02, 89.71it/s]
 72%|███████▏  | 560/782 [00:06<00:02, 91.51it/s]
 73%|███████▎  | 570/782 [00:06<00:02, 92.80it/s]
 74%|███████▍  | 580/782 [00:06<00:02, 91.58it/s]
 75%|███████▌  | 590/782 [00:06<00:02, 92.11it/s]
 77%|███████▋  | 600/782 [00:06<00:01, 91.92it/s]
 78%|███████▊  | 610/782 [00:06<00:01, 91.53it/s]
 79%|███████▉  | 620/782 [00:06<00:01, 92.01it/s]
 81%|████████  | 630/782 [00:07<00:01, 92.68it/s]
 82%|████████▏ | 640/782 [00:07<00:01, 93.03it/s]
 83%|████████▎ | 650/782 [00:07<00:01, 91.41it/s]
 84%|████████▍ | 660/782 [00:07<00:01, 89.91it/s]
 86%|████████▌ | 670/782 [00:07<00:01, 89.63it/s]
 87%|████████▋ | 680/782 [00:07<00:01, 91.30it/s]
 88%|████████▊ | 690/782 [00:07<00:01, 91.27it/s]
 90%|████████▉ | 700/782 [00:07<00:00, 90.33it/s]
 91%|█████████ | 710/782 [00:07<00:00, 90.47it/s]
 92%|█████████▏| 720/782 [00:08<00:00, 90.76it/s]
 93%|█████████▎| 730/782 [00:08<00:00, 90.17it/s]
 95%|█████████▍| 740/782 [00:08<00:00, 89.18it/s]
 96%|█████████▌| 749/782 [00:08<00:00, 88.29it/s]
 97%|█████████▋| 758/782 [00:08<00:00, 87.03it/s]
 98%|█████████▊| 768/782 [00:08<00:00, 87.63it/s]
 99%|█████████▉| 778/782 [00:08<00:00, 88.40it/s]
100%|██████████| 782/782 [00:08<00:00, 88.91it/s]
Model instantiation succeeded.
The training environment is set up successfully, using the following device: cuda.
Simulated training data created successfully.
Training step executed successfully.
  Train Loss: 1.8502, Test Loss: 1.8427
  Train Acc: 0.3025, Test Acc: 0.3056
  LR: 0.000001, Grad Norm: 3.0066, Throughput: 2213.2 samples/s
accuracy_to_time_metric 0.9100251541686128
  - Saved stats (fallback) to: /a/mm/ab/gpt/brute/ga/meta_evolution/stats_cifar10/img-classification_cifar-10_acc_GenFractalNet-c4cab011dab12f31a07d6e176f4723b8/1.json
  - Model persisted to ga_fractal_arch_cifar10/ (stats verified: 1 JSON file(s))

  ========================================
  >>> FITNESS SCORE: 30.56%  (source: hyperparameters.accuracy, checksum: c4cab011dab12f31a07d6e176f4723b8)
  ========================================

  [Archive] Cell (4, 64) updated with fitness: 30.5600
  Evaluating Individual 10/20 ---- Generation: 2/5
  - Evaluating unique arch (checksum: c734eccb...)
Evaluating /a/mm/out_nneval_tmp_pid_300/nn/tmp/GenFractalNet-c734eccb65491cd0f639e3e0385c907e-ea766dc29740cc01a0a815d336dea704.py...
epoch 1

  0%|          | 0/782 [00:00<?, ?it/s]
  1%|          | 4/782 [00:00<00:21, 36.37it/s]
  2%|▏         | 14/782 [00:00<00:11, 68.09it/s]
  3%|▎         | 24/782 [00:00<00:09, 81.62it/s]
  4%|▍         | 34/782 [00:00<00:08, 85.84it/s]
  6%|▌         | 44/782 [00:00<00:08, 87.59it/s]
  7%|▋         | 54/782 [00:00<00:08, 89.72it/s]
  8%|▊         | 64/782 [00:00<00:07, 91.96it/s]
  9%|▉         | 74/782 [00:00<00:07, 92.59it/s]
 11%|█         | 84/782 [00:00<00:07, 91.76it/s]
 12%|█▏        | 94/782 [00:01<00:07, 92.04it/s]
 13%|█▎        | 104/782 [00:01<00:07, 93.49it/s]
 15%|█▍        | 114/782 [00:01<00:07, 95.08it/s]
 16%|█▌        | 124/782 [00:01<00:06, 95.65it/s]
 17%|█▋        | 134/782 [00:01<00:06, 94.35it/s]
 18%|█▊        | 144/782 [00:01<00:06, 92.58it/s]
 20%|█▉        | 154/782 [00:01<00:06, 91.07it/s]
 21%|██        | 164/782 [00:01<00:06, 92.06it/s]
 22%|██▏       | 174/782 [00:01<00:06, 90.61it/s]
 24%|██▎       | 184/782 [00:02<00:06, 91.63it/s]
 25%|██▍       | 194/782 [00:02<00:06, 92.96it/s]
 26%|██▌       | 204/782 [00:02<00:06, 92.52it/s]
 27%|██▋       | 214/782 [00:02<00:06, 94.04it/s]
 29%|██▊       | 224/782 [00:02<00:06, 92.71it/s]
 30%|██▉       | 234/782 [00:02<00:05, 92.89it/s]
 31%|███       | 244/782 [00:02<00:05, 93.42it/s]
 32%|███▏      | 254/782 [00:02<00:05, 94.16it/s]
 34%|███▍      | 264/782 [00:02<00:05, 94.41it/s]
 35%|███▌      | 274/782 [00:03<00:05, 94.32it/s]
 36%|███▋      | 284/782 [00:03<00:05, 94.29it/s]
 38%|███▊      | 294/782 [00:03<00:05, 94.11it/s]
 39%|███▉      | 305/782 [00:03<00:04, 96.27it/s]
 40%|████      | 315/782 [00:03<00:04, 95.86it/s]
 42%|████▏     | 325/782 [00:03<00:04, 94.49it/s]
 43%|████▎     | 335/782 [00:03<00:04, 95.49it/s]
 44%|████▍     | 345/782 [00:03<00:04, 94.86it/s]
 45%|████▌     | 355/782 [00:03<00:04, 95.23it/s]
 47%|████▋     | 365/782 [00:03<00:04, 93.40it/s]
 48%|████▊     | 375/782 [00:04<00:04, 93.84it/s]
 49%|████▉     | 385/782 [00:04<00:04, 95.24it/s]
 51%|█████     | 395/782 [00:04<00:04, 95.89it/s]
 52%|█████▏    | 405/782 [00:04<00:03, 94.52it/s]
 53%|█████▎    | 415/782 [00:04<00:03, 94.20it/s]
 54%|█████▍    | 425/782 [00:04<00:03, 93.25it/s]
 56%|█████▌    | 435/782 [00:04<00:03, 94.24it/s]
 57%|█████▋    | 445/782 [00:04<00:03, 95.78it/s]
 58%|█████▊    | 455/782 [00:04<00:03, 94.75it/s]
 59%|█████▉    | 465/782 [00:05<00:03, 94.90it/s]
 61%|██████    | 475/782 [00:05<00:03, 96.31it/s]
 62%|██████▏   | 485/782 [00:05<00:03, 96.10it/s]
 63%|██████▎   | 495/782 [00:05<00:03, 95.31it/s]
 65%|██████▍   | 505/782 [00:05<00:02, 95.38it/s]
 66%|██████▌   | 515/782 [00:05<00:02, 94.58it/s]
 67%|██████▋   | 525/782 [00:05<00:02, 94.37it/s]
 68%|██████▊   | 535/782 [00:05<00:02, 93.95it/s]
 70%|██████▉   | 545/782 [00:05<00:02, 93.35it/s]
 71%|███████   | 555/782 [00:05<00:02, 95.09it/s]
 72%|███████▏  | 565/782 [00:06<00:02, 95.34it/s]
 74%|███████▎  | 575/782 [00:06<00:02, 96.02it/s]
 75%|███████▍  | 585/782 [00:06<00:02, 96.06it/s]
 76%|███████▌  | 595/782 [00:06<00:01, 95.46it/s]
 77%|███████▋  | 605/782 [00:06<00:01, 94.03it/s]
 79%|███████▊  | 615/782 [00:06<00:01, 94.08it/s]
 80%|███████▉  | 625/782 [00:06<00:01, 95.00it/s]
 81%|████████  | 635/782 [00:06<00:01, 94.65it/s]
 82%|████████▏ | 645/782 [00:06<00:01, 95.69it/s]
 84%|████████▍ | 655/782 [00:07<00:01, 95.14it/s]
 85%|████████▌ | 665/782 [00:07<00:01, 94.33it/s]
 86%|████████▋ | 675/782 [00:07<00:01, 93.94it/s]
 88%|████████▊ | 685/782 [00:07<00:01, 94.75it/s]
 89%|████████▉ | 695/782 [00:07<00:00, 94.94it/s]
 90%|█████████ | 705/782 [00:07<00:00, 95.10it/s]
 91%|█████████▏| 715/782 [00:07<00:00, 94.88it/s]
 93%|█████████▎| 725/782 [00:07<00:00, 95.81it/s]
 94%|█████████▍| 735/782 [00:07<00:00, 95.89it/s]
 95%|█████████▌| 745/782 [00:07<00:00, 95.78it/s]
 97%|█████████▋| 755/782 [00:08<00:00, 96.80it/s]
 98%|█████████▊| 765/782 [00:08<00:00, 96.64it/s]
 99%|█████████▉| 775/782 [00:08<00:00, 95.39it/s]
100%|██████████| 782/782 [00:08<00:00, 92.45it/s]
Model instantiation succeeded.
The training environment is set up successfully, using the following device: cuda.
Simulated training data created successfully.
Training step executed successfully.
  Train Loss: 2.2983, Test Loss: 2.2984
  Train Acc: 0.1304, Test Acc: 0.1305
  LR: 0.000000, Grad Norm: 2.0993, Throughput: 2269.3 samples/s
accuracy_to_time_metric 0.13842424407392384
  - Saved stats (fallback) to: /a/mm/ab/gpt/brute/ga/meta_evolution/stats_cifar10/img-classification_cifar-10_acc_GenFractalNet-c734eccb65491cd0f639e3e0385c907e/1.json
  - Model persisted to ga_fractal_arch_cifar10/ (stats verified: 1 JSON file(s))

  ========================================
  >>> FITNESS SCORE: 13.05%  (source: hyperparameters.accuracy, checksum: c734eccb65491cd0f639e3e0385c907e)
  ========================================

  Evaluating Individual 11/20 ---- Generation: 2/5
  - Evaluating unique arch (checksum: 9c5b43e9...)
Evaluating /a/mm/out_nneval_tmp_pid_300/nn/tmp/GenFractalNet-9c5b43e9f480222ef21a6dc335783950-92eac2be08d3e759fb545a1cf52390fc.py...
epoch 1

  0%|          | 0/782 [00:00<?, ?it/s]
  1%|          | 7/782 [00:00<00:11, 66.52it/s]
  3%|▎         | 22/782 [00:00<00:06, 110.72it/s]
  5%|▍         | 37/782 [00:00<00:05, 125.29it/s]
  7%|▋         | 52/782 [00:00<00:05, 132.34it/s]
  9%|▊         | 67/782 [00:00<00:05, 136.01it/s]
 10%|█         | 82/782 [00:00<00:05, 138.52it/s]
 12%|█▏        | 97/782 [00:00<00:04, 140.28it/s]
 14%|█▍        | 112/782 [00:00<00:04, 141.24it/s]
 16%|█▌        | 127/782 [00:00<00:04, 142.04it/s]
 18%|█▊        | 142/782 [00:01<00:04, 141.82it/s]
 20%|██        | 157/782 [00:01<00:04, 142.35it/s]
 22%|██▏       | 172/782 [00:01<00:04, 142.71it/s]
 24%|██▍       | 187/782 [00:01<00:04, 142.84it/s]
 26%|██▌       | 202/782 [00:01<00:04, 142.61it/s]
 28%|██▊       | 217/782 [00:01<00:03, 141.99it/s]
 30%|██▉       | 232/782 [00:01<00:03, 141.87it/s]
 32%|███▏      | 247/782 [00:01<00:03, 141.99it/s]
 34%|███▎      | 262/782 [00:01<00:03, 141.20it/s]
 35%|███▌      | 277/782 [00:02<00:03, 141.30it/s]
 37%|███▋      | 292/782 [00:02<00:03, 141.85it/s]
 39%|███▉      | 307/782 [00:02<00:03, 141.80it/s]
 41%|████      | 322/782 [00:02<00:03, 141.62it/s]
 43%|████▎     | 337/782 [00:02<00:03, 140.95it/s]
 45%|████▌     | 352/782 [00:02<00:03, 133.58it/s]
 47%|████▋     | 367/782 [00:02<00:03, 135.62it/s]
 49%|████▉     | 382/782 [00:02<00:02, 137.43it/s]
 51%|█████     | 397/782 [00:02<00:02, 139.06it/s]
 53%|█████▎    | 412/782 [00:02<00:02, 140.09it/s]
 55%|█████▍    | 427/782 [00:03<00:02, 141.05it/s]
 57%|█████▋    | 442/782 [00:03<00:02, 141.46it/s]
 58%|█████▊    | 457/782 [00:03<00:02, 140.40it/s]
 60%|██████    | 472/782 [00:03<00:02, 137.76it/s]
 62%|██████▏   | 487/782 [00:03<00:02, 138.88it/s]
 64%|██████▍   | 502/782 [00:03<00:02, 139.98it/s]
 66%|██████▌   | 517/782 [00:03<00:01, 140.74it/s]
 68%|██████▊   | 532/782 [00:03<00:01, 141.20it/s]
 70%|██████▉   | 547/782 [00:03<00:01, 138.87it/s]
 72%|███████▏  | 561/782 [00:04<00:01, 129.07it/s]
 74%|███████▎  | 575/782 [00:04<00:01, 129.93it/s]
 75%|███████▌  | 590/782 [00:04<00:01, 133.38it/s]
 77%|███████▋  | 605/782 [00:04<00:01, 136.29it/s]
 79%|███████▉  | 619/782 [00:04<00:01, 137.33it/s]
 81%|████████  | 634/782 [00:04<00:01, 138.95it/s]
 83%|████████▎ | 648/782 [00:04<00:00, 138.97it/s]
 85%|████████▍ | 663/782 [00:04<00:00, 140.14it/s]
 87%|████████▋ | 678/782 [00:04<00:00, 140.71it/s]
 89%|████████▊ | 693/782 [00:05<00:00, 140.71it/s]
 91%|█████████ | 708/782 [00:05<00:00, 141.41it/s]
 92%|█████████▏| 723/782 [00:05<00:00, 141.83it/s]
 94%|█████████▍| 738/782 [00:05<00:00, 142.07it/s]
 96%|█████████▋| 753/782 [00:05<00:00, 142.41it/s]
 98%|█████████▊| 768/782 [00:05<00:00, 142.24it/s]
100%|██████████| 782/782 [00:05<00:00, 137.95it/s]
Model instantiation succeeded.
The training environment is set up successfully, using the following device: cuda.
Simulated training data created successfully.
Training step executed successfully.
  Train Loss: 1.2077, Test Loss: 1.2121
  Train Acc: 0.5726, Test Acc: 0.5727
  LR: 0.000001, Grad Norm: 2.8512, Throughput: 2598.0 samples/s
accuracy_to_time_metric 2.4561451748356875
  - Saved stats (fallback) to: /a/mm/ab/gpt/brute/ga/meta_evolution/stats_cifar10/img-classification_cifar-10_acc_GenFractalNet-9c5b43e9f480222ef21a6dc335783950/1.json
  - Model persisted to ga_fractal_arch_cifar10/ (stats verified: 1 JSON file(s))

  ========================================
  >>> FITNESS SCORE: 57.27%  (source: hyperparameters.accuracy, checksum: 9c5b43e9f480222ef21a6dc335783950)
  ========================================

  [Archive] Cell (4, 32) updated with fitness: 57.2700
  Evaluating Individual 12/20 ---- Generation: 2/5
  - Evaluating unique arch (checksum: bc16680f...)
Evaluating /a/mm/out_nneval_tmp_pid_300/nn/tmp/GenFractalNet-bc16680f97a963a580721f606fdd8310-0aa535ecdb4fe14e9e2e1f7effbeeeb5.py...
epoch 1

  0%|          | 0/782 [00:00<?, ?it/s]
  1%|          | 8/782 [00:00<00:10, 75.64it/s]
  3%|▎         | 23/782 [00:00<00:06, 114.81it/s]
  5%|▍         | 38/782 [00:00<00:05, 127.24it/s]
  7%|▋         | 53/782 [00:00<00:05, 133.35it/s]
  9%|▊         | 68/782 [00:00<00:05, 136.79it/s]
 11%|█         | 83/782 [00:00<00:05, 138.96it/s]
 12%|█▏        | 97/782 [00:00<00:04, 139.22it/s]
 14%|█▍        | 112/782 [00:00<00:04, 140.09it/s]
 16%|█▌        | 127/782 [00:00<00:04, 141.04it/s]
 18%|█▊        | 142/782 [00:01<00:04, 141.62it/s]
 20%|██        | 157/782 [00:01<00:04, 142.11it/s]
 22%|██▏       | 172/782 [00:01<00:04, 141.65it/s]
 24%|██▍       | 187/782 [00:01<00:04, 142.25it/s]
 26%|██▌       | 202/782 [00:01<00:04, 142.30it/s]
 28%|██▊       | 217/782 [00:01<00:03, 142.39it/s]
 30%|██▉       | 232/782 [00:01<00:03, 141.97it/s]
 32%|███▏      | 247/782 [00:01<00:03, 140.54it/s]
 34%|███▎      | 262/782 [00:01<00:03, 140.69it/s]
 35%|███▌      | 277/782 [00:02<00:03, 141.45it/s]
 37%|███▋      | 292/782 [00:02<00:03, 141.96it/s]
 39%|███▉      | 307/782 [00:02<00:03, 142.42it/s]
 41%|████      | 322/782 [00:02<00:03, 142.50it/s]
 43%|████▎     | 337/782 [00:02<00:03, 142.73it/s]
 45%|████▌     | 352/782 [00:02<00:03, 143.03it/s]
 47%|████▋     | 367/782 [00:02<00:02, 141.85it/s]
 49%|████▉     | 382/782 [00:02<00:02, 141.17it/s]
 51%|█████     | 397/782 [00:02<00:02, 141.58it/s]
 53%|█████▎    | 412/782 [00:02<00:02, 141.51it/s]
 55%|█████▍    | 427/782 [00:03<00:02, 141.90it/s]
 57%|█████▋    | 442/782 [00:03<00:02, 142.18it/s]
 58%|█████▊    | 457/782 [00:03<00:02, 141.89it/s]
 60%|██████    | 472/782 [00:03<00:02, 141.93it/s]
 62%|██████▏   | 487/782 [00:03<00:02, 142.17it/s]
 64%|██████▍   | 502/782 [00:03<00:01, 141.80it/s]
 66%|██████▌   | 517/782 [00:03<00:01, 141.58it/s]
 68%|██████▊   | 532/782 [00:03<00:01, 141.59it/s]
 70%|██████▉   | 547/782 [00:03<00:01, 140.02it/s]
 72%|███████▏  | 562/782 [00:04<00:01, 135.86it/s]
 74%|███████▎  | 576/782 [00:04<00:01, 133.83it/s]
 75%|███████▌  | 590/782 [00:04<00:01, 134.39it/s]
 77%|███████▋  | 604/782 [00:04<00:01, 135.51it/s]
 79%|███████▉  | 619/782 [00:04<00:01, 137.71it/s]
 81%|████████  | 634/782 [00:04<00:01, 139.36it/s]
 83%|████████▎ | 649/782 [00:04<00:00, 140.18it/s]
 85%|████████▍ | 664/782 [00:04<00:00, 140.45it/s]
 87%|████████▋ | 679/782 [00:04<00:00, 140.65it/s]
 89%|████████▊ | 694/782 [00:04<00:00, 140.94it/s]
 91%|█████████ | 709/782 [00:05<00:00, 141.46it/s]
 93%|█████████▎| 724/782 [00:05<00:00, 140.43it/s]
 95%|█████████▍| 739/782 [00:05<00:00, 138.92it/s]
 96%|█████████▋| 753/782 [00:05<00:00, 136.09it/s]
 98%|█████████▊| 767/782 [00:05<00:00, 137.17it/s]
100%|█████████▉| 781/782 [00:05<00:00, 137.08it/s]
100%|██████████| 782/782 [00:05<00:00, 138.47it/s]
Model instantiation succeeded.
The training environment is set up successfully, using the following device: cuda.
Simulated training data created successfully.
Training step executed successfully.
  Train Loss: 1.4910, Test Loss: 1.4891
  Train Acc: 0.4693, Test Acc: 0.4637
  LR: 0.000001, Grad Norm: 1.3856, Throughput: 2612.4 samples/s
accuracy_to_time_metric 1.9002316503020567
  - Saved stats (fallback) to: /a/mm/ab/gpt/brute/ga/meta_evolution/stats_cifar10/img-classification_cifar-10_acc_GenFractalNet-bc16680f97a963a580721f606fdd8310/1.json
  - Model persisted to ga_fractal_arch_cifar10/ (stats verified: 1 JSON file(s))

  ========================================
  >>> FITNESS SCORE: 46.37%  (source: hyperparameters.accuracy, checksum: bc16680f97a963a580721f606fdd8310)
  ========================================

  Evaluating Individual 13/20 ---- Generation: 2/5
  - Evaluating unique arch (checksum: 549a57be...)
Evaluating /a/mm/out_nneval_tmp_pid_300/nn/tmp/GenFractalNet-549a57be5f502c5a30b20ea539ef7a82-23c68d7cfabd7f589044cc014752de30.py...
epoch 1

  0%|          | 0/782 [00:00<?, ?it/s]
  1%|          | 6/782 [00:00<00:13, 57.26it/s]
  3%|▎         | 21/782 [00:00<00:07, 107.19it/s]
  5%|▍         | 36/782 [00:00<00:06, 122.33it/s]
  7%|▋         | 51/782 [00:00<00:05, 129.55it/s]
  8%|▊         | 65/782 [00:00<00:05, 132.90it/s]
 10%|█         | 79/782 [00:00<00:05, 133.65it/s]
 12%|█▏        | 93/782 [00:00<00:05, 131.42it/s]
 14%|█▍        | 108/782 [00:00<00:05, 134.39it/s]
 16%|█▌        | 123/782 [00:00<00:04, 137.22it/s]
 18%|█▊        | 138/782 [00:01<00:04, 139.12it/s]
 20%|█▉        | 153/782 [00:01<00:04, 140.32it/s]
 21%|██▏       | 168/782 [00:01<00:04, 141.32it/s]
 23%|██▎       | 183/782 [00:01<00:04, 141.34it/s]
 25%|██▌       | 198/782 [00:01<00:04, 142.18it/s]
 27%|██▋       | 213/782 [00:01<00:03, 142.28it/s]
 29%|██▉       | 228/782 [00:01<00:03, 142.74it/s]
 31%|███       | 243/782 [00:01<00:03, 142.88it/s]
 33%|███▎      | 258/782 [00:01<00:03, 142.79it/s]
 35%|███▍      | 273/782 [00:01<00:03, 143.49it/s]
 37%|███▋      | 288/782 [00:02<00:03, 143.40it/s]
 39%|███▊      | 303/782 [00:02<00:03, 143.13it/s]
 41%|████      | 318/782 [00:02<00:03, 142.68it/s]
 43%|████▎     | 333/782 [00:02<00:03, 142.44it/s]
 45%|████▍     | 348/782 [00:02<00:03, 142.16it/s]
 46%|████▋     | 363/782 [00:02<00:02, 142.51it/s]
 48%|████▊     | 378/782 [00:02<00:02, 142.62it/s]
 50%|█████     | 393/782 [00:02<00:02, 142.86it/s]
 52%|█████▏    | 408/782 [00:02<00:02, 135.50it/s]
 54%|█████▍    | 422/782 [00:03<00:02, 136.33it/s]
 56%|█████▌    | 437/782 [00:03<00:02, 138.09it/s]
 58%|█████▊    | 452/782 [00:03<00:02, 140.01it/s]
 60%|█████▉    | 467/782 [00:03<00:02, 140.47it/s]
 62%|██████▏   | 482/782 [00:03<00:02, 141.12it/s]
 64%|██████▎   | 497/782 [00:03<00:02, 141.90it/s]
 65%|██████▌   | 512/782 [00:03<00:01, 142.08it/s]
 67%|██████▋   | 527/782 [00:03<00:01, 142.55it/s]
 69%|██████▉   | 542/782 [00:03<00:01, 142.57it/s]
 71%|███████   | 557/782 [00:04<00:01, 143.09it/s]
 73%|███████▎  | 572/782 [00:04<00:01, 143.24it/s]
 75%|███████▌  | 587/782 [00:04<00:01, 143.49it/s]
 77%|███████▋  | 602/782 [00:04<00:01, 143.44it/s]
 79%|███████▉  | 617/782 [00:04<00:01, 143.44it/s]
 81%|████████  | 632/782 [00:04<00:01, 143.60it/s]
 83%|████████▎ | 647/782 [00:04<00:00, 143.66it/s]
 85%|████████▍ | 662/782 [00:04<00:00, 143.25it/s]
 87%|████████▋ | 677/782 [00:04<00:00, 143.30it/s]
 88%|████████▊ | 692/782 [00:04<00:00, 143.28it/s]
 90%|█████████ | 707/782 [00:05<00:00, 143.14it/s]
 92%|█████████▏| 722/782 [00:05<00:00, 143.36it/s]
 94%|█████████▍| 737/782 [00:05<00:00, 143.00it/s]
 96%|█████████▌| 752/782 [00:05<00:00, 143.28it/s]
 98%|█████████▊| 767/782 [00:05<00:00, 143.03it/s]
100%|██████████| 782/782 [00:05<00:00, 142.30it/s]
100%|██████████| 782/782 [00:05<00:00, 139.19it/s]
Model instantiation succeeded.
The training environment is set up successfully, using the following device: cuda.
Simulated training data created successfully.
Training step executed successfully.
  Train Loss: 1.9784, Test Loss: 1.9752
  Train Acc: 0.2421, Test Acc: 0.2436
  LR: 0.000000, Grad Norm: 2.0965, Throughput: 2595.2 samples/s
accuracy_to_time_metric 0.7453424168859366
  - Saved stats (fallback) to: /a/mm/ab/gpt/brute/ga/meta_evolution/stats_cifar10/img-classification_cifar-10_acc_GenFractalNet-549a57be5f502c5a30b20ea539ef7a82/1.json
  - Model persisted to ga_fractal_arch_cifar10/ (stats verified: 1 JSON file(s))

  ========================================
  >>> FITNESS SCORE: 24.36%  (source: hyperparameters.accuracy, checksum: 549a57be5f502c5a30b20ea539ef7a82)
  ========================================

  Evaluating Individual 14/20 ---- Generation: 2/5
  - Evaluating unique arch (checksum: 1bdbc6b7...)
Evaluating /a/mm/out_nneval_tmp_pid_300/nn/tmp/GenFractalNet-1bdbc6b7e33930243c8672034c741cc7-23d83ea30bf12d5feda07eaac27a8ebb.py...
epoch 1

  0%|          | 0/782 [00:00<?, ?it/s]
  0%|          | 2/782 [00:00<00:39, 19.97it/s]
  1%|          | 7/782 [00:00<00:22, 33.96it/s]
  2%|▏         | 12/782 [00:00<00:20, 37.32it/s]
  2%|▏         | 17/782 [00:00<00:19, 40.14it/s]
  3%|▎         | 22/782 [00:00<00:17, 42.55it/s]
  3%|▎         | 27/782 [00:00<00:17, 42.03it/s]
  4%|▍         | 32/782 [00:00<00:17, 42.56it/s]
  5%|▍         | 37/782 [00:00<00:17, 42.39it/s]
  5%|▌         | 42/782 [00:01<00:17, 43.18it/s]
  6%|▌         | 47/782 [00:01<00:17, 42.43it/s]
  7%|▋         | 52/782 [00:01<00:17, 41.83it/s]
  7%|▋         | 57/782 [00:01<00:17, 41.79it/s]
  8%|▊         | 62/782 [00:01<00:17, 42.18it/s]
  9%|▊         | 67/782 [00:01<00:17, 41.78it/s]
  9%|▉         | 72/782 [00:01<00:16, 42.34it/s]
 10%|▉         | 77/782 [00:01<00:16, 43.20it/s]
 10%|█         | 82/782 [00:01<00:15, 44.33it/s]
 11%|█         | 87/782 [00:02<00:15, 43.76it/s]
 12%|█▏        | 92/782 [00:02<00:15, 43.84it/s]
 12%|█▏        | 97/782 [00:02<00:15, 43.23it/s]
 13%|█▎        | 102/782 [00:02<00:15, 44.05it/s]
 14%|█▎        | 107/782 [00:02<00:15, 43.87it/s]
 14%|█▍        | 112/782 [00:02<00:15, 43.95it/s]
 15%|█▍        | 117/782 [00:02<00:14, 44.72it/s]
 16%|█▌        | 122/782 [00:02<00:15, 42.71it/s]
 16%|█▌        | 127/782 [00:02<00:15, 43.24it/s]
 17%|█▋        | 132/782 [00:03<00:14, 43.50it/s]
 18%|█▊        | 137/782 [00:03<00:15, 42.61it/s]
 18%|█▊        | 142/782 [00:03<00:15, 41.89it/s]
 19%|█▉        | 147/782 [00:03<00:15, 42.31it/s]
 19%|█▉        | 152/782 [00:03<00:14, 43.10it/s]
 20%|██        | 157/782 [00:03<00:14, 43.13it/s]
 21%|██        | 162/782 [00:03<00:14, 43.64it/s]
 21%|██▏       | 167/782 [00:03<00:14, 43.50it/s]
 22%|██▏       | 172/782 [00:04<00:14, 42.97it/s]
 23%|██▎       | 177/782 [00:04<00:14, 42.35it/s]
 23%|██▎       | 182/782 [00:04<00:14, 42.56it/s]
 24%|██▍       | 187/782 [00:04<00:13, 42.52it/s]
 25%|██▍       | 192/782 [00:04<00:13, 44.23it/s]
 25%|██▌       | 197/782 [00:04<00:13, 42.86it/s]
 26%|██▌       | 202/782 [00:04<00:13, 42.95it/s]
 26%|██▋       | 207/782 [00:04<00:13, 42.73it/s]
 27%|██▋       | 212/782 [00:04<00:13, 42.40it/s]
 28%|██▊       | 217/782 [00:05<00:13, 41.50it/s]
 28%|██▊       | 222/782 [00:05<00:13, 42.04it/s]
 29%|██▉       | 227/782 [00:05<00:13, 41.83it/s]
 30%|██▉       | 232/782 [00:05<00:13, 41.38it/s]
 30%|███       | 237/782 [00:05<00:13, 41.61it/s]
 31%|███       | 242/782 [00:05<00:12, 42.62it/s]
 32%|███▏      | 247/782 [00:05<00:12, 43.42it/s]
 32%|███▏      | 252/782 [00:05<00:12, 43.03it/s]
 33%|███▎      | 257/782 [00:06<00:12, 42.65it/s]
 34%|███▎      | 262/782 [00:06<00:12, 42.00it/s]
 34%|███▍      | 267/782 [00:06<00:12, 42.20it/s]
 35%|███▍      | 272/782 [00:06<00:11, 43.72it/s]
 35%|███▌      | 277/782 [00:06<00:11, 43.18it/s]
 36%|███▌      | 282/782 [00:06<00:11, 44.35it/s]
 37%|███▋      | 287/782 [00:06<00:10, 45.18it/s]
 37%|███▋      | 292/782 [00:06<00:11, 44.13it/s]
 38%|███▊      | 297/782 [00:06<00:11, 43.56it/s]
 39%|███▊      | 302/782 [00:07<00:11, 43.15it/s]
 39%|███▉      | 307/782 [00:07<00:10, 44.01it/s]
 40%|███▉      | 312/782 [00:07<00:10, 44.35it/s]
 41%|████      | 317/782 [00:07<00:10, 44.66it/s]
 41%|████      | 322/782 [00:07<00:10, 44.59it/s]
 42%|████▏     | 327/782 [00:07<00:10, 45.27it/s]
 42%|████▏     | 332/782 [00:07<00:10, 43.55it/s]
 43%|████▎     | 337/782 [00:07<00:10, 43.24it/s]
 44%|████▎     | 342/782 [00:07<00:10, 42.72it/s]
 44%|████▍     | 347/782 [00:08<00:10, 41.78it/s]
 45%|████▌     | 352/782 [00:08<00:10, 42.25it/s]
 46%|████▌     | 357/782 [00:08<00:10, 42.35it/s]
 46%|████▋     | 362/782 [00:08<00:09, 42.58it/s]
 47%|████▋     | 367/782 [00:08<00:09, 42.95it/s]
 48%|████▊     | 372/782 [00:08<00:09, 43.13it/s]
 48%|████▊     | 377/782 [00:08<00:09, 42.78it/s]
 49%|████▉     | 382/782 [00:08<00:09, 42.88it/s]
 49%|████▉     | 387/782 [00:09<00:09, 43.77it/s]
 50%|█████     | 392/782 [00:09<00:08, 43.54it/s]
 51%|█████     | 397/782 [00:09<00:08, 43.77it/s]
 51%|█████▏    | 402/782 [00:09<00:08, 43.85it/s]
 52%|█████▏    | 407/782 [00:09<00:08, 44.37it/s]
 53%|█████▎    | 412/782 [00:09<00:08, 44.19it/s]
 53%|█████▎    | 417/782 [00:09<00:08, 43.73it/s]
 54%|█████▍    | 422/782 [00:09<00:08, 43.85it/s]
 55%|█████▍    | 427/782 [00:09<00:08, 44.22it/s]
 55%|█████▌    | 432/782 [00:10<00:08, 43.45it/s]
 56%|█████▌    | 437/782 [00:10<00:07, 43.30it/s]
 57%|█████▋    | 442/782 [00:10<00:07, 43.42it/s]
 57%|█████▋    | 447/782 [00:10<00:07, 43.57it/s]
 58%|█████▊    | 452/782 [00:10<00:07, 42.38it/s]
 58%|█████▊    | 457/782 [00:10<00:07, 42.61it/s]
 59%|█████▉    | 462/782 [00:10<00:07, 41.92it/s]
 60%|█████▉    | 467/782 [00:10<00:07, 41.98it/s]
 60%|██████    | 472/782 [00:11<00:07, 42.75it/s]
 61%|██████    | 477/782 [00:11<00:07, 42.11it/s]
 62%|██████▏   | 482/782 [00:11<00:07, 42.17it/s]
 62%|██████▏   | 487/782 [00:11<00:06, 42.64it/s]
 63%|██████▎   | 492/782 [00:11<00:06, 43.97it/s]
 64%|██████▎   | 497/782 [00:11<00:06, 42.81it/s]
 64%|██████▍   | 502/782 [00:11<00:06, 42.85it/s]
 65%|██████▍   | 507/782 [00:11<00:06, 42.19it/s]
 65%|██████▌   | 512/782 [00:11<00:06, 41.70it/s]
 66%|██████▌   | 517/782 [00:12<00:06, 42.91it/s]
 67%|██████▋   | 522/782 [00:12<00:05, 43.36it/s]
 67%|██████▋   | 527/782 [00:12<00:06, 42.31it/s]
 68%|██████▊   | 532/782 [00:12<00:05, 42.38it/s]
 69%|██████▊   | 537/782 [00:12<00:05, 43.18it/s]
 69%|██████▉   | 542/782 [00:12<00:05, 43.70it/s]
 70%|██████▉   | 547/782 [00:12<00:05, 43.08it/s]
 71%|███████   | 552/782 [00:12<00:05, 43.45it/s]
 71%|███████   | 557/782 [00:12<00:05, 43.51it/s]
 72%|███████▏  | 562/782 [00:13<00:05, 43.14it/s]
 73%|███████▎  | 567/782 [00:13<00:04, 43.85it/s]
 73%|███████▎  | 572/782 [00:13<00:04, 42.32it/s]
 74%|███████▍  | 577/782 [00:13<00:04, 42.28it/s]
 74%|███████▍  | 582/782 [00:13<00:04, 41.61it/s]
 75%|███████▌  | 587/782 [00:13<00:04, 43.14it/s]
 76%|███████▌  | 592/782 [00:13<00:04, 43.41it/s]
 76%|███████▋  | 597/782 [00:13<00:04, 43.50it/s]
 77%|███████▋  | 602/782 [00:14<00:04, 42.58it/s]
 78%|███████▊  | 607/782 [00:14<00:04, 42.45it/s]
 78%|███████▊  | 612/782 [00:14<00:04, 41.29it/s]
 79%|███████▉  | 617/782 [00:14<00:04, 40.74it/s]
 80%|███████▉  | 622/782 [00:14<00:03, 41.01it/s]
 80%|████████  | 627/782 [00:14<00:03, 40.89it/s]
 81%|████████  | 632/782 [00:14<00:03, 41.45it/s]
 81%|████████▏ | 637/782 [00:14<00:03, 41.94it/s]
 82%|████████▏ | 642/782 [00:15<00:03, 42.33it/s]
 83%|████████▎ | 647/782 [00:15<00:03, 42.57it/s]
 83%|████████▎ | 652/782 [00:15<00:03, 42.72it/s]
 84%|████████▍ | 657/782 [00:15<00:02, 43.10it/s]
 85%|████████▍ | 662/782 [00:15<00:02, 43.76it/s]
 85%|████████▌ | 667/782 [00:15<00:02, 43.41it/s]
 86%|████████▌ | 672/782 [00:15<00:02, 42.80it/s]
 87%|████████▋ | 677/782 [00:15<00:02, 42.85it/s]
 87%|████████▋ | 682/782 [00:15<00:02, 43.23it/s]
 88%|████████▊ | 687/782 [00:16<00:02, 42.85it/s]
 88%|████████▊ | 692/782 [00:16<00:02, 42.37it/s]
 89%|████████▉ | 697/782 [00:16<00:01, 42.59it/s]
 90%|████████▉ | 702/782 [00:16<00:01, 42.87it/s]
 90%|█████████ | 707/782 [00:16<00:01, 42.78it/s]
 91%|█████████ | 712/782 [00:16<00:01, 42.77it/s]
 92%|█████████▏| 717/782 [00:16<00:01, 42.15it/s]
 92%|█████████▏| 722/782 [00:16<00:01, 41.57it/s]
 93%|█████████▎| 727/782 [00:16<00:01, 42.10it/s]
 94%|█████████▎| 732/782 [00:17<00:01, 42.85it/s]
 94%|█████████▍| 737/782 [00:17<00:01, 42.95it/s]
 95%|█████████▍| 742/782 [00:17<00:00, 43.22it/s]
 96%|█████████▌| 747/782 [00:17<00:00, 42.12it/s]
 96%|█████████▌| 752/782 [00:17<00:00, 40.82it/s]
 97%|█████████▋| 757/782 [00:17<00:00, 40.78it/s]
 97%|█████████▋| 762/782 [00:17<00:00, 41.41it/s]
 98%|█████████▊| 767/782 [00:17<00:00, 42.82it/s]
 99%|█████████▊| 772/782 [00:18<00:00, 42.93it/s]
 99%|█████████▉| 777/782 [00:18<00:00, 43.17it/s]
100%|██████████| 782/782 [00:18<00:00, 44.03it/s]
100%|██████████| 782/782 [00:18<00:00, 42.69it/s]
Model instantiation succeeded.
The training environment is set up successfully, using the following device: cuda.
Simulated training data created successfully.
Training step executed successfully.
  Train Loss: 2.2699, Test Loss: 2.2701
  Train Acc: 0.1578, Test Acc: 0.1573
  LR: 0.000001, Grad Norm: 0.6652, Throughput: 1407.4 samples/s
accuracy_to_time_metric 0.161288719577071
  - Saved stats (fallback) to: /a/mm/ab/gpt/brute/ga/meta_evolution/stats_cifar10/img-classification_cifar-10_acc_GenFractalNet-1bdbc6b7e33930243c8672034c741cc7/1.json
  - Model persisted to ga_fractal_arch_cifar10/ (stats verified: 1 JSON file(s))

  ========================================
  >>> FITNESS SCORE: 15.73%  (source: hyperparameters.accuracy, checksum: 1bdbc6b7e33930243c8672034c741cc7)
  ========================================

  Evaluating Individual 15/20 ---- Generation: 2/5
  - Evaluating unique arch (checksum: ab8a34d4...)
Evaluating /a/mm/out_nneval_tmp_pid_300/nn/tmp/GenFractalNet-ab8a34d4cc02f863d9dbbd6877b2c88d-a6e2d94aa285ebd8c4cd33a90152417c.py...
epoch 1

  0%|          | 0/782 [00:00<?, ?it/s]
  1%|          | 5/782 [00:00<00:16, 47.58it/s]
  2%|▏         | 17/782 [00:00<00:08, 85.57it/s]
  4%|▎         | 29/782 [00:00<00:07, 97.10it/s]
  5%|▌         | 41/782 [00:00<00:07, 103.99it/s]
  7%|▋         | 53/782 [00:00<00:06, 107.07it/s]
  8%|▊         | 65/782 [00:00<00:06, 109.76it/s]
 10%|▉         | 77/782 [00:00<00:06, 111.20it/s]
 11%|█▏        | 89/782 [00:00<00:06, 111.40it/s]
 13%|█▎        | 101/782 [00:00<00:06, 112.04it/s]
 14%|█▍        | 113/782 [00:01<00:05, 112.64it/s]
 16%|█▌        | 125/782 [00:01<00:05, 112.85it/s]
 18%|█▊        | 137/782 [00:01<00:05, 113.17it/s]
 19%|█▉        | 149/782 [00:01<00:05, 113.03it/s]
 21%|██        | 161/782 [00:01<00:05, 113.31it/s]
 22%|██▏       | 173/782 [00:01<00:05, 114.18it/s]
 24%|██▎       | 185/782 [00:01<00:05, 114.42it/s]
 25%|██▌       | 197/782 [00:01<00:05, 114.58it/s]
 27%|██▋       | 209/782 [00:01<00:05, 114.03it/s]
 28%|██▊       | 221/782 [00:02<00:04, 113.16it/s]
 30%|██▉       | 233/782 [00:02<00:04, 113.87it/s]
 31%|███▏      | 245/782 [00:02<00:04, 114.78it/s]
 33%|███▎      | 257/782 [00:02<00:04, 115.44it/s]
 34%|███▍      | 269/782 [00:02<00:04, 114.95it/s]
 36%|███▌      | 281/782 [00:02<00:04, 114.33it/s]
 37%|███▋      | 293/782 [00:02<00:04, 114.33it/s]
 39%|███▉      | 305/782 [00:02<00:04, 113.20it/s]
 41%|████      | 317/782 [00:02<00:04, 111.07it/s]
 42%|████▏     | 329/782 [00:02<00:04, 111.91it/s]
 44%|████▎     | 341/782 [00:03<00:03, 112.90it/s]
 45%|████▌     | 353/782 [00:03<00:03, 112.75it/s]
 47%|████▋     | 365/782 [00:03<00:03, 113.58it/s]
 48%|████▊     | 377/782 [00:03<00:03, 114.48it/s]
 50%|████▉     | 389/782 [00:03<00:03, 114.62it/s]
 51%|█████▏    | 401/782 [00:03<00:03, 115.39it/s]
 53%|█████▎    | 413/782 [00:03<00:03, 115.54it/s]
 54%|█████▍    | 425/782 [00:03<00:03, 114.96it/s]
 56%|█████▌    | 437/782 [00:03<00:02, 115.11it/s]
 57%|█████▋    | 449/782 [00:04<00:02, 115.52it/s]
 59%|█████▉    | 461/782 [00:04<00:02, 115.72it/s]
 60%|██████    | 473/782 [00:04<00:02, 114.99it/s]
 62%|██████▏   | 485/782 [00:04<00:02, 114.27it/s]
 64%|██████▎   | 497/782 [00:04<00:02, 115.51it/s]
 65%|██████▌   | 509/782 [00:04<00:02, 114.02it/s]
 67%|██████▋   | 521/782 [00:04<00:02, 114.09it/s]
 68%|██████▊   | 533/782 [00:04<00:02, 115.58it/s]
 70%|██████▉   | 545/782 [00:04<00:02, 115.58it/s]
 71%|███████   | 557/782 [00:04<00:01, 115.64it/s]
 73%|███████▎  | 569/782 [00:05<00:01, 114.55it/s]
 74%|███████▍  | 581/782 [00:05<00:01, 115.61it/s]
 76%|███████▌  | 593/782 [00:05<00:01, 115.93it/s]
 77%|███████▋  | 605/782 [00:05<00:01, 115.47it/s]
 79%|███████▉  | 617/782 [00:05<00:01, 114.54it/s]
 80%|████████  | 629/782 [00:05<00:01, 115.49it/s]
 82%|████████▏ | 641/782 [00:05<00:01, 115.42it/s]
 84%|████████▎ | 653/782 [00:05<00:01, 114.91it/s]
 85%|████████▌ | 665/782 [00:05<00:01, 115.42it/s]
 87%|████████▋ | 677/782 [00:05<00:00, 116.24it/s]
 88%|████████▊ | 689/782 [00:06<00:00, 116.15it/s]
 90%|████████▉ | 701/782 [00:06<00:00, 116.74it/s]
 91%|█████████ | 713/782 [00:06<00:00, 116.09it/s]
 93%|█████████▎| 725/782 [00:06<00:00, 116.09it/s]
 94%|█████████▍| 737/782 [00:06<00:00, 115.61it/s]
 96%|█████████▌| 749/782 [00:06<00:00, 115.65it/s]
 97%|█████████▋| 761/782 [00:06<00:00, 115.36it/s]
 99%|█████████▉| 773/782 [00:06<00:00, 116.31it/s]
100%|██████████| 782/782 [00:06<00:00, 112.96it/s]
Model instantiation succeeded.
The training environment is set up successfully, using the following device: cuda.
Simulated training data created successfully.
Training step executed successfully.
  Train Loss: 1.7343, Test Loss: 1.7258
  Train Acc: 0.3545, Test Acc: 0.3640
  LR: 0.000001, Grad Norm: 0.4575, Throughput: 2459.1 samples/s
accuracy_to_time_metric 1.2983834810213117
  - Saved stats (fallback) to: /a/mm/ab/gpt/brute/ga/meta_evolution/stats_cifar10/img-classification_cifar-10_acc_GenFractalNet-ab8a34d4cc02f863d9dbbd6877b2c88d/1.json
  - Model persisted to ga_fractal_arch_cifar10/ (stats verified: 1 JSON file(s))

  ========================================
  >>> FITNESS SCORE: 36.40%  (source: hyperparameters.accuracy, checksum: ab8a34d4cc02f863d9dbbd6877b2c88d)
  ========================================

  Evaluating Individual 16/20 ---- Generation: 2/5
  - Evaluating unique arch (checksum: 413e0dbe...)
Evaluating /a/mm/out_nneval_tmp_pid_300/nn/tmp/GenFractalNet-413e0dbe04db265941510a777d44736f-70ab5b3edbcf28c1ab872a800f758a6c.py...
epoch 1

  0%|          | 0/782 [00:00<?, ?it/s]
  1%|          | 5/782 [00:00<00:16, 46.80it/s]
  2%|▏         | 17/782 [00:00<00:08, 88.42it/s]
  4%|▎         | 28/782 [00:00<00:07, 97.73it/s]
  5%|▌         | 40/782 [00:00<00:07, 103.77it/s]
  7%|▋         | 52/782 [00:00<00:06, 105.95it/s]
  8%|▊         | 63/782 [00:00<00:06, 105.43it/s]
  9%|▉         | 74/782 [00:00<00:06, 106.85it/s]
 11%|█         | 86/782 [00:00<00:06, 108.09it/s]
 12%|█▏        | 97/782 [00:00<00:06, 106.80it/s]
 14%|█▍        | 108/782 [00:01<00:06, 106.79it/s]
 15%|█▌        | 119/782 [00:01<00:06, 105.79it/s]
 17%|█▋        | 130/782 [00:01<00:06, 106.60it/s]
 18%|█▊        | 141/782 [00:01<00:05, 107.25it/s]
 19%|█▉        | 152/782 [00:01<00:05, 106.63it/s]
 21%|██        | 164/782 [00:01<00:05, 107.74it/s]
 22%|██▏       | 175/782 [00:01<00:05, 106.90it/s]
 24%|██▍       | 186/782 [00:01<00:05, 106.79it/s]
 25%|██▌       | 197/782 [00:01<00:05, 106.39it/s]
 27%|██▋       | 208/782 [00:01<00:05, 105.97it/s]
 28%|██▊       | 219/782 [00:02<00:05, 104.50it/s]
 29%|██▉       | 230/782 [00:02<00:05, 104.08it/s]
 31%|███       | 241/782 [00:02<00:05, 103.08it/s]
 32%|███▏      | 252/782 [00:02<00:05, 103.79it/s]
 34%|███▎      | 263/782 [00:02<00:05, 103.22it/s]
 35%|███▌      | 274/782 [00:02<00:04, 104.75it/s]
 36%|███▋      | 285/782 [00:02<00:04, 103.64it/s]
 38%|███▊      | 296/782 [00:02<00:04, 103.49it/s]
 39%|███▉      | 307/782 [00:02<00:04, 103.86it/s]
 41%|████      | 318/782 [00:03<00:04, 104.26it/s]
 42%|████▏     | 329/782 [00:03<00:04, 105.56it/s]
 43%|████▎     | 340/782 [00:03<00:04, 105.09it/s]
 45%|████▍     | 351/782 [00:03<00:04, 105.75it/s]
 46%|████▋     | 362/782 [00:03<00:03, 105.39it/s]
 48%|████▊     | 373/782 [00:03<00:03, 105.16it/s]
 49%|████▉     | 385/782 [00:03<00:03, 107.00it/s]
 51%|█████     | 396/782 [00:03<00:03, 107.19it/s]
 52%|█████▏    | 407/782 [00:03<00:03, 106.56it/s]
 54%|█████▎    | 419/782 [00:03<00:03, 107.59it/s]
 55%|█████▍    | 430/782 [00:04<00:03, 108.15it/s]
 56%|█████▋    | 441/782 [00:04<00:03, 107.20it/s]
 58%|█████▊    | 453/782 [00:04<00:03, 109.16it/s]
 59%|█████▉    | 464/782 [00:04<00:02, 108.86it/s]
 61%|██████    | 475/782 [00:04<00:02, 108.46it/s]
 62%|██████▏   | 486/782 [00:04<00:02, 106.44it/s]
 64%|██████▎   | 497/782 [00:04<00:02, 106.20it/s]
 65%|██████▍   | 508/782 [00:04<00:02, 106.37it/s]
 66%|██████▋   | 519/782 [00:04<00:02, 107.12it/s]
 68%|██████▊   | 530/782 [00:05<00:02, 106.12it/s]
 69%|██████▉   | 541/782 [00:05<00:02, 105.61it/s]
 71%|███████   | 552/782 [00:05<00:02, 106.66it/s]
 72%|███████▏  | 563/782 [00:05<00:02, 106.48it/s]
 74%|███████▎  | 575/782 [00:05<00:01, 107.88it/s]
 75%|███████▍  | 586/782 [00:05<00:01, 106.86it/s]
 76%|███████▋  | 597/782 [00:05<00:01, 107.57it/s]
 78%|███████▊  | 608/782 [00:05<00:01, 105.73it/s]
 79%|███████▉  | 619/782 [00:05<00:01, 104.76it/s]
 81%|████████  | 630/782 [00:05<00:01, 105.02it/s]
 82%|████████▏ | 641/782 [00:06<00:01, 105.03it/s]
 83%|████████▎ | 652/782 [00:06<00:01, 105.97it/s]
 85%|████████▍ | 663/782 [00:06<00:01, 106.05it/s]
 86%|████████▌ | 674/782 [00:06<00:01, 104.20it/s]
 88%|████████▊ | 685/782 [00:06<00:00, 104.06it/s]
 89%|████████▉ | 696/782 [00:06<00:00, 105.61it/s]
 90%|█████████ | 707/782 [00:06<00:00, 106.38it/s]
 92%|█████████▏| 718/782 [00:06<00:00, 105.54it/s]
 93%|█████████▎| 729/782 [00:06<00:00, 105.17it/s]
 95%|█████████▍| 740/782 [00:07<00:00, 106.56it/s]
 96%|█████████▌| 751/782 [00:07<00:00, 107.29it/s]
 97%|█████████▋| 762/782 [00:07<00:00, 107.13it/s]
 99%|█████████▉| 773/782 [00:07<00:00, 106.80it/s]
100%|██████████| 782/782 [00:07<00:00, 104.75it/s]
Model instantiation succeeded.
The training environment is set up successfully, using the following device: cuda.
Simulated training data created successfully.
Training step executed successfully.
  Train Loss: 1.2265, Test Loss: 1.2435
  Train Acc: 0.5688, Test Acc: 0.5649
  LR: 0.000001, Grad Norm: 3.2024, Throughput: 2381.2 samples/s
accuracy_to_time_metric 2.2140457437237058
  - Saved stats (fallback) to: /a/mm/ab/gpt/brute/ga/meta_evolution/stats_cifar10/img-classification_cifar-10_acc_GenFractalNet-413e0dbe04db265941510a777d44736f/1.json
  - Model persisted to ga_fractal_arch_cifar10/ (stats verified: 1 JSON file(s))

  ========================================
  >>> FITNESS SCORE: 56.49%  (source: hyperparameters.accuracy, checksum: 413e0dbe04db265941510a777d44736f)
  ========================================

  [Archive] Cell (3, 64) updated with fitness: 56.4900
  Evaluating Individual 17/20 ---- Generation: 2/5
  - Evaluating unique arch (checksum: 5954881f...)
Evaluating /a/mm/out_nneval_tmp_pid_300/nn/tmp/GenFractalNet-5954881f92d08cf6fc2e1bf5b704aca6-ec7220f782b13d4a8873315532724b16.py...
epoch 1

  0%|          | 0/782 [00:00<?, ?it/s]
  1%|          | 8/782 [00:00<00:10, 75.79it/s]
  3%|▎         | 23/782 [00:00<00:06, 114.91it/s]
  5%|▍         | 38/782 [00:00<00:05, 127.86it/s]
  7%|▋         | 53/782 [00:00<00:05, 134.13it/s]
  9%|▊         | 68/782 [00:00<00:05, 137.07it/s]
 11%|█         | 83/782 [00:00<00:05, 139.25it/s]
 13%|█▎        | 98/782 [00:00<00:04, 140.60it/s]
 14%|█▍        | 113/782 [00:00<00:04, 141.63it/s]
 16%|█▋        | 128/782 [00:00<00:04, 142.30it/s]
 18%|█▊        | 143/782 [00:01<00:04, 142.37it/s]
 20%|██        | 158/782 [00:01<00:04, 142.33it/s]
 22%|██▏       | 173/782 [00:01<00:04, 142.86it/s]
 24%|██▍       | 188/782 [00:01<00:04, 142.52it/s]
 26%|██▌       | 203/782 [00:01<00:04, 140.76it/s]
 28%|██▊       | 218/782 [00:01<00:03, 141.54it/s]
 30%|██▉       | 233/782 [00:01<00:03, 141.87it/s]
 32%|███▏      | 248/782 [00:01<00:03, 142.69it/s]
 34%|███▎      | 263/782 [00:01<00:03, 142.85it/s]
 36%|███▌      | 278/782 [00:01<00:03, 142.14it/s]
 37%|███▋      | 293/782 [00:02<00:03, 142.71it/s]
 39%|███▉      | 308/782 [00:02<00:03, 142.89it/s]
 41%|████▏     | 323/782 [00:02<00:03, 143.24it/s]
 43%|████▎     | 338/782 [00:02<00:03, 143.06it/s]
 45%|████▌     | 353/782 [00:02<00:02, 143.24it/s]
 47%|████▋     | 368/782 [00:02<00:02, 142.88it/s]
 49%|████▉     | 383/782 [00:02<00:02, 143.02it/s]
 51%|█████     | 398/782 [00:02<00:02, 142.62it/s]
 53%|█████▎    | 413/782 [00:02<00:02, 142.44it/s]
 55%|█████▍    | 428/782 [00:03<00:02, 142.73it/s]
 57%|█████▋    | 443/782 [00:03<00:02, 142.62it/s]
 59%|█████▊    | 458/782 [00:03<00:02, 142.08it/s]
 60%|██████    | 473/782 [00:03<00:02, 142.21it/s]
 62%|██████▏   | 488/782 [00:03<00:02, 142.54it/s]
 64%|██████▍   | 503/782 [00:03<00:01, 142.78it/s]
 66%|██████▌   | 518/782 [00:03<00:01, 142.94it/s]
 68%|██████▊   | 533/782 [00:03<00:01, 142.32it/s]
 70%|███████   | 548/782 [00:03<00:01, 142.68it/s]
 72%|███████▏  | 563/782 [00:03<00:01, 141.99it/s]
 74%|███████▍  | 578/782 [00:04<00:01, 141.96it/s]
 76%|███████▌  | 593/782 [00:04<00:01, 141.96it/s]
 78%|███████▊  | 608/782 [00:04<00:01, 142.27it/s]
 80%|███████▉  | 623/782 [00:04<00:01, 142.64it/s]
 82%|████████▏ | 638/782 [00:04<00:01, 142.81it/s]
 84%|████████▎ | 653/782 [00:04<00:00, 142.61it/s]
 85%|████████▌ | 668/782 [00:04<00:00, 142.71it/s]
 87%|████████▋ | 683/782 [00:04<00:00, 142.79it/s]
 89%|████████▉ | 698/782 [00:04<00:00, 142.84it/s]
 91%|█████████ | 713/782 [00:05<00:00, 142.70it/s]
 93%|█████████▎| 728/782 [00:05<00:00, 142.73it/s]
 95%|█████████▌| 743/782 [00:05<00:00, 142.69it/s]
 97%|█████████▋| 758/782 [00:05<00:00, 142.89it/s]
 99%|█████████▉| 773/782 [00:05<00:00, 143.07it/s]
100%|██████████| 782/782 [00:05<00:00, 140.51it/s]
Model instantiation succeeded.
The training environment is set up successfully, using the following device: cuda.
Simulated training data created successfully.
Training step executed successfully.
  Train Loss: 1.3912, Test Loss: 1.3883
  Train Acc: 0.5225, Test Acc: 0.5170
  LR: 0.000001, Grad Norm: 1.5752, Throughput: 2627.6 samples/s
accuracy_to_time_metric 2.1914007763970567
  - Saved stats (fallback) to: /a/mm/ab/gpt/brute/ga/meta_evolution/stats_cifar10/img-classification_cifar-10_acc_GenFractalNet-5954881f92d08cf6fc2e1bf5b704aca6/1.json
  - Model persisted to ga_fractal_arch_cifar10/ (stats verified: 1 JSON file(s))

  ========================================
  >>> FITNESS SCORE: 51.70%  (source: hyperparameters.accuracy, checksum: 5954881f92d08cf6fc2e1bf5b704aca6)
  ========================================

  Evaluating Individual 18/20 ---- Generation: 2/5
  - Evaluating unique arch (checksum: 768244a8...)
Evaluating /a/mm/out_nneval_tmp_pid_300/nn/tmp/GenFractalNet-768244a821003f650673aeea0ea041a9-ad8424237f229666a849553b9e455191.py...
epoch 1

  0%|          | 0/782 [00:00<?, ?it/s]
  1%|          | 8/782 [00:00<00:10, 76.12it/s]
  3%|▎         | 23/782 [00:00<00:06, 114.45it/s]
  5%|▍         | 38/782 [00:00<00:05, 127.87it/s]
  7%|▋         | 53/782 [00:00<00:05, 134.55it/s]
  9%|▊         | 68/782 [00:00<00:05, 137.75it/s]
 11%|█         | 83/782 [00:00<00:05, 139.66it/s]
 13%|█▎        | 98/782 [00:00<00:04, 140.76it/s]
 14%|█▍        | 113/782 [00:00<00:04, 141.82it/s]
 16%|█▋        | 128/782 [00:00<00:04, 142.53it/s]
 18%|█▊        | 143/782 [00:01<00:04, 143.09it/s]
 20%|██        | 158/782 [00:01<00:04, 143.29it/s]
 22%|██▏       | 173/782 [00:01<00:04, 143.37it/s]
 24%|██▍       | 188/782 [00:01<00:04, 143.58it/s]
 26%|██▌       | 203/782 [00:01<00:04, 143.69it/s]
 28%|██▊       | 218/782 [00:01<00:03, 143.09it/s]
 30%|██▉       | 233/782 [00:01<00:03, 143.47it/s]
 32%|███▏      | 248/782 [00:01<00:03, 143.83it/s]
 34%|███▎      | 263/782 [00:01<00:03, 143.88it/s]
 36%|███▌      | 278/782 [00:01<00:03, 144.13it/s]
 37%|███▋      | 293/782 [00:02<00:03, 143.49it/s]
 39%|███▉      | 308/782 [00:02<00:03, 143.69it/s]
 41%|████▏     | 323/782 [00:02<00:03, 143.64it/s]
 43%|████▎     | 338/782 [00:02<00:03, 143.82it/s]
 45%|████▌     | 353/782 [00:02<00:02, 143.78it/s]
 47%|████▋     | 368/782 [00:02<00:02, 143.87it/s]
 49%|████▉     | 383/782 [00:02<00:02, 143.80it/s]
 51%|█████     | 398/782 [00:02<00:02, 143.85it/s]
 53%|█████▎    | 413/782 [00:02<00:02, 143.98it/s]
 55%|█████▍    | 428/782 [00:03<00:02, 143.82it/s]
 57%|█████▋    | 443/782 [00:03<00:02, 144.06it/s]
 59%|█████▊    | 458/782 [00:03<00:02, 143.91it/s]
 60%|██████    | 473/782 [00:03<00:02, 143.74it/s]
 62%|██████▏   | 488/782 [00:03<00:02, 144.13it/s]
 64%|██████▍   | 503/782 [00:03<00:01, 143.66it/s]
 66%|██████▌   | 518/782 [00:03<00:01, 143.84it/s]
 68%|██████▊   | 533/782 [00:03<00:01, 138.74it/s]
 70%|██████▉   | 547/782 [00:03<00:01, 132.45it/s]
 72%|███████▏  | 561/782 [00:04<00:01, 127.85it/s]
 73%|███████▎  | 574/782 [00:04<00:01, 125.33it/s]
 75%|███████▌  | 587/782 [00:04<00:01, 124.02it/s]
 77%|███████▋  | 600/782 [00:04<00:01, 122.15it/s]
 78%|███████▊  | 613/782 [00:04<00:01, 123.26it/s]
 80%|████████  | 627/782 [00:04<00:01, 125.55it/s]
 82%|████████▏ | 641/782 [00:04<00:01, 128.02it/s]
 84%|████████▍ | 655/782 [00:04<00:00, 129.69it/s]
 85%|████████▌ | 668/782 [00:04<00:00, 129.01it/s]
 87%|████████▋ | 682/782 [00:04<00:00, 129.50it/s]
 89%|████████▉ | 696/782 [00:05<00:00, 132.12it/s]
 91%|█████████ | 710/782 [00:05<00:00, 133.00it/s]
 93%|█████████▎| 724/782 [00:05<00:00, 132.75it/s]
 94%|█████████▍| 738/782 [00:05<00:00, 134.53it/s]
 96%|█████████▋| 753/782 [00:05<00:00, 136.32it/s]
 98%|█████████▊| 767/782 [00:05<00:00, 135.98it/s]
100%|█████████▉| 781/782 [00:05<00:00, 135.29it/s]
100%|██████████| 782/782 [00:05<00:00, 136.46it/s]
Model instantiation succeeded.
The training environment is set up successfully, using the following device: cuda.
Simulated training data created successfully.
Training step executed successfully.
  Train Loss: 1.8139, Test Loss: 1.8094
  Train Acc: 0.3354, Test Acc: 0.3422
  LR: 0.000001, Grad Norm: 0.3253, Throughput: 2607.9 samples/s
accuracy_to_time_metric 1.2632469055437823
  - Saved stats (fallback) to: /a/mm/ab/gpt/brute/ga/meta_evolution/stats_cifar10/img-classification_cifar-10_acc_GenFractalNet-768244a821003f650673aeea0ea041a9/1.json
  - Model persisted to ga_fractal_arch_cifar10/ (stats verified: 1 JSON file(s))

  ========================================
  >>> FITNESS SCORE: 34.22%  (source: hyperparameters.accuracy, checksum: 768244a821003f650673aeea0ea041a9)
  ========================================

  [Archive] Cell (2, 32) updated with fitness: 34.2200
  Evaluating Individual 19/20 ---- Generation: 2/5
  - Evaluating unique arch (checksum: 7feecc69...)
Evaluating /a/mm/out_nneval_tmp_pid_300/nn/tmp/GenFractalNet-7feecc69a955af1cc53e7329e213918e-1811d200fb4cff7083a3df3d3cb97699.py...
epoch 1

  0%|          | 0/782 [00:00<?, ?it/s]
  1%|          | 8/782 [00:00<00:10, 75.30it/s]
  3%|▎         | 22/782 [00:00<00:06, 112.26it/s]
  5%|▍         | 36/782 [00:00<00:05, 124.53it/s]
  7%|▋         | 51/782 [00:00<00:05, 130.85it/s]
  8%|▊         | 66/782 [00:00<00:05, 135.51it/s]
 10%|█         | 81/782 [00:00<00:05, 137.81it/s]
 12%|█▏        | 95/782 [00:00<00:04, 138.01it/s]
 14%|█▍        | 109/782 [00:00<00:04, 137.48it/s]
 16%|█▌        | 123/782 [00:00<00:04, 137.77it/s]
 18%|█▊        | 138/782 [00:01<00:04, 139.31it/s]
 20%|█▉        | 153/782 [00:01<00:04, 140.90it/s]
 21%|██▏       | 168/782 [00:01<00:04, 140.84it/s]
 23%|██▎       | 183/782 [00:01<00:04, 141.61it/s]
 25%|██▌       | 198/782 [00:01<00:04, 142.07it/s]
 27%|██▋       | 213/782 [00:01<00:03, 142.68it/s]
 29%|██▉       | 228/782 [00:01<00:03, 142.61it/s]
 31%|███       | 243/782 [00:01<00:03, 142.26it/s]
 33%|███▎      | 258/782 [00:01<00:03, 143.13it/s]
 35%|███▍      | 273/782 [00:01<00:03, 142.69it/s]
 37%|███▋      | 288/782 [00:02<00:03, 142.99it/s]
 39%|███▊      | 303/782 [00:02<00:03, 143.08it/s]
 41%|████      | 318/782 [00:02<00:03, 143.28it/s]
 43%|████▎     | 333/782 [00:02<00:03, 143.27it/s]
 45%|████▍     | 348/782 [00:02<00:03, 141.45it/s]
 46%|████▋     | 363/782 [00:02<00:02, 141.91it/s]
 48%|████▊     | 378/782 [00:02<00:02, 141.96it/s]
 50%|█████     | 393/782 [00:02<00:02, 142.45it/s]
 52%|█████▏    | 408/782 [00:02<00:02, 142.17it/s]
 54%|█████▍    | 423/782 [00:03<00:02, 140.24it/s]
 56%|█████▌    | 438/782 [00:03<00:02, 137.29it/s]
 58%|█████▊    | 452/782 [00:03<00:02, 138.05it/s]
 60%|█████▉    | 467/782 [00:03<00:02, 139.56it/s]
 62%|██████▏   | 482/782 [00:03<00:02, 140.43it/s]
 64%|██████▎   | 497/782 [00:03<00:02, 140.78it/s]
 65%|██████▌   | 512/782 [00:03<00:01, 140.39it/s]
 67%|██████▋   | 527/782 [00:03<00:01, 136.35it/s]
 69%|██████▉   | 541/782 [00:03<00:01, 134.67it/s]
 71%|███████   | 555/782 [00:04<00:01, 133.75it/s]
 73%|███████▎  | 570/782 [00:04<00:01, 135.67it/s]
 75%|███████▍  | 585/782 [00:04<00:01, 137.74it/s]
 77%|███████▋  | 599/782 [00:04<00:01, 137.80it/s]
 79%|███████▊  | 614/782 [00:04<00:01, 138.93it/s]
 80%|████████  | 629/782 [00:04<00:01, 139.65it/s]
 82%|████████▏ | 644/782 [00:04<00:00, 139.86it/s]
 84%|████████▍ | 658/782 [00:04<00:00, 139.65it/s]
 86%|████████▌ | 673/782 [00:04<00:00, 140.52it/s]
 88%|████████▊ | 688/782 [00:04<00:00, 141.17it/s]
 90%|████████▉ | 703/782 [00:05<00:00, 142.15it/s]
 92%|█████████▏| 718/782 [00:05<00:00, 142.68it/s]
 94%|█████████▎| 733/782 [00:05<00:00, 141.92it/s]
 96%|█████████▌| 748/782 [00:05<00:00, 141.97it/s]
 98%|█████████▊| 763/782 [00:05<00:00, 142.36it/s]
 99%|█████████▉| 778/782 [00:05<00:00, 141.94it/s]
100%|██████████| 782/782 [00:05<00:00, 138.44it/s]
Model instantiation succeeded.
The training environment is set up successfully, using the following device: cuda.
Simulated training data created successfully.
Training step executed successfully.
  Train Loss: 1.8847, Test Loss: 1.8765
  Train Acc: 0.3010, Test Acc: 0.3037
  LR: 0.000001, Grad Norm: 0.2186, Throughput: 2608.6 samples/s
accuracy_to_time_metric 1.0627453301585417
  - Saved stats (fallback) to: /a/mm/ab/gpt/brute/ga/meta_evolution/stats_cifar10/img-classification_cifar-10_acc_GenFractalNet-7feecc69a955af1cc53e7329e213918e/1.json
  - Model persisted to ga_fractal_arch_cifar10/ (stats verified: 1 JSON file(s))

  ========================================
  >>> FITNESS SCORE: 30.37%  (source: hyperparameters.accuracy, checksum: 7feecc69a955af1cc53e7329e213918e)
  ========================================

  Evaluating Individual 20/20 ---- Generation: 2/5
  - Evaluating unique arch (checksum: d5e24690...)
Evaluating /a/mm/out_nneval_tmp_pid_300/nn/tmp/GenFractalNet-d5e24690e0b9580afd4bbd3c53c5c17d-a4001099ebffba5920399f966ceea52d.py...
epoch 1

  0%|          | 0/782 [00:00<?, ?it/s]
  0%|          | 2/782 [00:00<00:43, 18.02it/s]
  1%|          | 6/782 [00:00<00:26, 29.74it/s]
  1%|▏         | 10/782 [00:00<00:23, 32.85it/s]
  2%|▏         | 14/782 [00:00<00:22, 34.41it/s]
  2%|▏         | 18/782 [00:00<00:21, 35.11it/s]
  3%|▎         | 22/782 [00:00<00:20, 36.26it/s]
  3%|▎         | 26/782 [00:00<00:20, 36.61it/s]
  4%|▍         | 30/782 [00:00<00:20, 36.66it/s]
  4%|▍         | 34/782 [00:00<00:20, 37.08it/s]
  5%|▍         | 38/782 [00:01<00:19, 37.38it/s]
  5%|▌         | 42/782 [00:01<00:19, 38.12it/s]
  6%|▌         | 46/782 [00:01<00:19, 37.52it/s]
  6%|▋         | 50/782 [00:01<00:19, 37.95it/s]
  7%|▋         | 55/782 [00:01<00:18, 38.78it/s]
  8%|▊         | 59/782 [00:01<00:18, 38.32it/s]
  8%|▊         | 63/782 [00:01<00:18, 38.70it/s]
  9%|▊         | 67/782 [00:01<00:18, 38.37it/s]
  9%|▉         | 71/782 [00:01<00:18, 37.86it/s]
 10%|▉         | 75/782 [00:02<00:18, 37.34it/s]
 10%|█         | 79/782 [00:02<00:19, 36.97it/s]
 11%|█         | 83/782 [00:02<00:18, 37.75it/s]
 11%|█         | 87/782 [00:02<00:18, 37.81it/s]
 12%|█▏        | 91/782 [00:02<00:18, 38.23it/s]
 12%|█▏        | 95/782 [00:02<00:18, 37.83it/s]
 13%|█▎        | 99/782 [00:02<00:18, 37.54it/s]
 13%|█▎        | 103/782 [00:02<00:18, 37.56it/s]
 14%|█▎        | 107/782 [00:02<00:18, 37.43it/s]
 14%|█▍        | 111/782 [00:02<00:17, 37.81it/s]
 15%|█▍        | 115/782 [00:03<00:17, 37.78it/s]
 15%|█▌        | 119/782 [00:03<00:17, 37.08it/s]
 16%|█▌        | 123/782 [00:03<00:17, 37.21it/s]
 16%|█▌        | 127/782 [00:03<00:17, 37.23it/s]
 17%|█▋        | 131/782 [00:03<00:17, 36.65it/s]
 17%|█▋        | 135/782 [00:03<00:17, 37.48it/s]
 18%|█▊        | 139/782 [00:03<00:17, 37.38it/s]
 18%|█▊        | 143/782 [00:03<00:17, 37.16it/s]
 19%|█▉        | 147/782 [00:03<00:16, 37.45it/s]
 19%|█▉        | 151/782 [00:04<00:17, 36.93it/s]
 20%|█▉        | 155/782 [00:04<00:16, 37.03it/s]
 20%|██        | 159/782 [00:04<00:16, 36.67it/s]
 21%|██        | 163/782 [00:04<00:16, 36.96it/s]
 21%|██▏       | 167/782 [00:04<00:16, 37.50it/s]
 22%|██▏       | 171/782 [00:04<00:16, 37.05it/s]
 22%|██▏       | 175/782 [00:04<00:16, 36.80it/s]
 23%|██▎       | 179/782 [00:04<00:16, 37.46it/s]
 23%|██▎       | 183/782 [00:04<00:15, 37.79it/s]
 24%|██▍       | 187/782 [00:05<00:15, 37.45it/s]
 24%|██▍       | 191/782 [00:05<00:15, 37.74it/s]
 25%|██▍       | 195/782 [00:05<00:15, 37.95it/s]
 25%|██▌       | 199/782 [00:05<00:15, 38.02it/s]
 26%|██▌       | 203/782 [00:05<00:15, 38.20it/s]
 26%|██▋       | 207/782 [00:05<00:15, 37.17it/s]
 27%|██▋       | 212/782 [00:05<00:14, 38.23it/s]
 28%|██▊       | 216/782 [00:05<00:14, 38.50it/s]
 28%|██▊       | 221/782 [00:05<00:14, 39.27it/s]
 29%|██▉       | 225/782 [00:06<00:14, 38.57it/s]
 29%|██▉       | 229/782 [00:06<00:14, 37.56it/s]
 30%|██▉       | 233/782 [00:06<00:14, 37.31it/s]
 30%|███       | 237/782 [00:06<00:14, 36.75it/s]
 31%|███       | 241/782 [00:06<00:14, 36.79it/s]
 31%|███▏      | 245/782 [00:06<00:14, 36.80it/s]
 32%|███▏      | 250/782 [00:06<00:13, 38.03it/s]
 32%|███▏      | 254/782 [00:06<00:13, 38.23it/s]
 33%|███▎      | 258/782 [00:06<00:13, 38.25it/s]
 34%|███▎      | 263/782 [00:07<00:13, 38.83it/s]
 34%|███▍      | 267/782 [00:07<00:13, 38.16it/s]
 35%|███▍      | 271/782 [00:07<00:13, 37.72it/s]
 35%|███▌      | 275/782 [00:07<00:13, 38.06it/s]
 36%|███▌      | 279/782 [00:07<00:13, 38.58it/s]
 36%|███▌      | 283/782 [00:07<00:12, 38.47it/s]
 37%|███▋      | 287/782 [00:07<00:12, 38.31it/s]
 37%|███▋      | 291/782 [00:07<00:12, 38.27it/s]
 38%|███▊      | 295/782 [00:07<00:12, 38.34it/s]
 38%|███▊      | 299/782 [00:07<00:12, 37.52it/s]
 39%|███▊      | 303/782 [00:08<00:12, 37.97it/s]
 39%|███▉      | 307/782 [00:08<00:12, 38.48it/s]
 40%|███▉      | 311/782 [00:08<00:12, 38.51it/s]
 40%|████      | 315/782 [00:08<00:12, 38.34it/s]
 41%|████      | 319/782 [00:08<00:12, 38.13it/s]
 41%|████▏     | 323/782 [00:08<00:12, 37.87it/s]
 42%|████▏     | 327/782 [00:08<00:11, 38.33it/s]
 42%|████▏     | 331/782 [00:08<00:11, 37.64it/s]
 43%|████▎     | 335/782 [00:08<00:11, 37.45it/s]
 43%|████▎     | 339/782 [00:09<00:11, 37.38it/s]
 44%|████▍     | 343/782 [00:09<00:11, 37.64it/s]
 44%|████▍     | 347/782 [00:09<00:11, 37.01it/s]
 45%|████▍     | 351/782 [00:09<00:11, 36.68it/s]
 45%|████▌     | 355/782 [00:09<00:11, 36.42it/s]
 46%|████▌     | 359/782 [00:09<00:11, 36.39it/s]
 46%|████▋     | 363/782 [00:09<00:11, 37.18it/s]
 47%|████▋     | 367/782 [00:09<00:11, 37.10it/s]
 47%|████▋     | 371/782 [00:09<00:10, 37.75it/s]
 48%|████▊     | 375/782 [00:10<00:10, 37.39it/s]
 48%|████▊     | 379/782 [00:10<00:10, 37.30it/s]
 49%|████▉     | 383/782 [00:10<00:10, 36.81it/s]
 49%|████▉     | 387/782 [00:10<00:10, 36.62it/s]
 50%|█████     | 391/782 [00:10<00:10, 36.54it/s]
 51%|█████     | 395/782 [00:10<00:10, 36.66it/s]
 51%|█████     | 399/782 [00:10<00:10, 37.44it/s]
 52%|█████▏    | 403/782 [00:10<00:10, 36.85it/s]
 52%|█████▏    | 407/782 [00:10<00:10, 36.78it/s]
 53%|█████▎    | 411/782 [00:10<00:10, 36.41it/s]
 53%|█████▎    | 415/782 [00:11<00:10, 36.11it/s]
 54%|█████▎    | 419/782 [00:11<00:09, 36.56it/s]
 54%|█████▍    | 423/782 [00:11<00:09, 36.96it/s]
 55%|█████▍    | 427/782 [00:11<00:09, 37.79it/s]
 55%|█████▌    | 431/782 [00:11<00:09, 38.01it/s]
 56%|█████▌    | 435/782 [00:11<00:09, 37.99it/s]
 56%|█████▌    | 439/782 [00:11<00:09, 37.80it/s]
 57%|█████▋    | 443/782 [00:11<00:09, 37.38it/s]
 57%|█████▋    | 447/782 [00:11<00:09, 37.18it/s]
 58%|█████▊    | 451/782 [00:12<00:08, 37.56it/s]
 58%|█████▊    | 455/782 [00:12<00:08, 37.71it/s]
 59%|█████▊    | 459/782 [00:12<00:08, 37.98it/s]
 59%|█████▉    | 464/782 [00:12<00:08, 39.31it/s]
 60%|█████▉    | 468/782 [00:12<00:08, 38.68it/s]
 60%|██████    | 472/782 [00:12<00:08, 38.14it/s]
 61%|██████    | 476/782 [00:12<00:08, 37.27it/s]
 61%|██████▏   | 480/782 [00:12<00:07, 37.87it/s]
 62%|██████▏   | 484/782 [00:12<00:07, 38.18it/s]
 62%|██████▏   | 488/782 [00:13<00:07, 38.19it/s]
 63%|██████▎   | 492/782 [00:13<00:07, 38.11it/s]
 63%|██████▎   | 496/782 [00:13<00:07, 38.25it/s]
 64%|██████▍   | 500/782 [00:13<00:07, 38.22it/s]
 64%|██████▍   | 504/782 [00:13<00:07, 37.92it/s]
 65%|██████▍   | 508/782 [00:13<00:07, 38.17it/s]
 65%|██████▌   | 512/782 [00:13<00:07, 37.69it/s]
 66%|██████▌   | 516/782 [00:13<00:06, 38.21it/s]
 66%|██████▋   | 520/782 [00:13<00:06, 38.37it/s]
 67%|██████▋   | 524/782 [00:13<00:06, 38.17it/s]
 68%|██████▊   | 528/782 [00:14<00:06, 36.95it/s]
 68%|██████▊   | 532/782 [00:14<00:06, 36.15it/s]
 69%|██████▊   | 536/782 [00:14<00:06, 35.65it/s]
 69%|██████▉   | 540/782 [00:14<00:06, 35.82it/s]
 70%|██████▉   | 544/782 [00:14<00:06, 36.55it/s]
 70%|███████   | 548/782 [00:14<00:06, 36.25it/s]
 71%|███████   | 552/782 [00:14<00:06, 36.32it/s]
 71%|███████   | 556/782 [00:14<00:06, 37.23it/s]
 72%|███████▏  | 560/782 [00:14<00:05, 37.76it/s]
 72%|███████▏  | 564/782 [00:15<00:05, 37.19it/s]
 73%|███████▎  | 568/782 [00:15<00:05, 37.00it/s]
 73%|███████▎  | 572/782 [00:15<00:05, 36.61it/s]
 74%|███████▎  | 576/782 [00:15<00:05, 36.88it/s]
 74%|███████▍  | 580/782 [00:15<00:05, 37.36it/s]
 75%|███████▍  | 584/782 [00:15<00:05, 37.67it/s]
 75%|███████▌  | 588/782 [00:15<00:05, 37.28it/s]
 76%|███████▌  | 592/782 [00:15<00:05, 37.10it/s]
 76%|███████▌  | 596/782 [00:15<00:05, 36.65it/s]
 77%|███████▋  | 600/782 [00:16<00:04, 36.83it/s]
 77%|███████▋  | 604/782 [00:16<00:04, 37.03it/s]
 78%|███████▊  | 608/782 [00:16<00:04, 37.54it/s]
 78%|███████▊  | 612/782 [00:16<00:04, 37.13it/s]
 79%|███████▉  | 616/782 [00:16<00:04, 37.38it/s]
 79%|███████▉  | 620/782 [00:16<00:04, 37.17it/s]
 80%|███████▉  | 624/782 [00:16<00:04, 37.64it/s]
 80%|████████  | 628/782 [00:16<00:04, 37.38it/s]
 81%|████████  | 632/782 [00:16<00:04, 36.98it/s]
 81%|████████▏ | 636/782 [00:17<00:03, 36.56it/s]
 82%|████████▏ | 640/782 [00:17<00:03, 36.42it/s]
 82%|████████▏ | 644/782 [00:17<00:03, 36.29it/s]
 83%|████████▎ | 648/782 [00:17<00:03, 36.83it/s]
 83%|████████▎ | 652/782 [00:17<00:03, 36.96it/s]
 84%|████████▍ | 656/782 [00:17<00:03, 37.62it/s]
 84%|████████▍ | 660/782 [00:17<00:03, 37.03it/s]
 85%|████████▍ | 664/782 [00:17<00:03, 37.14it/s]
 85%|████████▌ | 668/782 [00:17<00:03, 37.22it/s]
 86%|████████▌ | 672/782 [00:17<00:02, 36.93it/s]
 86%|████████▋ | 676/782 [00:18<00:02, 36.53it/s]
 87%|████████▋ | 680/782 [00:18<00:02, 36.52it/s]
 87%|████████▋ | 684/782 [00:18<00:02, 36.70it/s]
 88%|████████▊ | 688/782 [00:18<00:02, 37.10it/s]
 88%|████████▊ | 692/782 [00:18<00:02, 37.53it/s]
 89%|████████▉ | 696/782 [00:18<00:02, 37.27it/s]
 90%|████████▉ | 700/782 [00:18<00:02, 37.57it/s]
 90%|█████████ | 704/782 [00:18<00:02, 38.23it/s]
 91%|█████████ | 708/782 [00:18<00:01, 38.54it/s]
 91%|█████████ | 712/782 [00:19<00:01, 37.99it/s]
 92%|█████████▏| 716/782 [00:19<00:01, 38.11it/s]
 92%|█████████▏| 720/782 [00:19<00:01, 37.55it/s]
 93%|█████████▎| 724/782 [00:19<00:01, 37.70it/s]
 93%|█████████▎| 728/782 [00:19<00:01, 37.82it/s]
 94%|█████████▎| 732/782 [00:19<00:01, 37.28it/s]
 94%|█████████▍| 736/782 [00:19<00:01, 37.30it/s]
 95%|█████████▍| 740/782 [00:19<00:01, 37.08it/s]
 95%|█████████▌| 744/782 [00:19<00:01, 37.58it/s]
 96%|█████████▌| 748/782 [00:20<00:00, 37.17it/s]
 96%|█████████▌| 752/782 [00:20<00:00, 37.36it/s]
 97%|█████████▋| 756/782 [00:20<00:00, 37.49it/s]
 97%|█████████▋| 760/782 [00:20<00:00, 37.53it/s]
 98%|█████████▊| 764/782 [00:20<00:00, 38.14it/s]
 98%|█████████▊| 768/782 [00:20<00:00, 37.80it/s]
 99%|█████████▊| 772/782 [00:20<00:00, 37.91it/s]
 99%|█████████▉| 776/782 [00:20<00:00, 37.33it/s]
100%|█████████▉| 780/782 [00:20<00:00, 36.97it/s]
100%|██████████| 782/782 [00:20<00:00, 37.29it/s]
Model instantiation succeeded.
The training environment is set up successfully, using the following device: cuda.
Simulated training data created successfully.
Training step executed successfully.
  Train Loss: 1.3834, Test Loss: 1.3832
  Train Acc: 0.5025, Test Acc: 0.5053
  LR: 0.000000, Grad Norm: 1.0226, Throughput: 1373.1 samples/s
accuracy_to_time_metric 1.1130238673885438
  - Saved stats (fallback) to: /a/mm/ab/gpt/brute/ga/meta_evolution/stats_cifar10/img-classification_cifar-10_acc_GenFractalNet-d5e24690e0b9580afd4bbd3c53c5c17d/1.json
  - Model persisted to ga_fractal_arch_cifar10/ (stats verified: 1 JSON file(s))

  ========================================
  >>> FITNESS SCORE: 50.53%  (source: hyperparameters.accuracy, checksum: d5e24690e0b9580afd4bbd3c53c5c17d)
  ========================================



 >>> GENERATION 3 <<<

  Evaluating Individual 6/20 ---- Generation: 3/5
  - Evaluating unique arch (checksum: efd915c6...)
Evaluating /a/mm/out_nneval_tmp_pid_300/nn/tmp/GenFractalNet-efd915c6916bdd556bb314fc86b94843-3821b4f9042e77eb497cd3d4dcd19fba.py...
epoch 1

  0%|          | 0/782 [00:00<?, ?it/s]
  1%|          | 7/782 [00:00<00:11, 66.25it/s]
  3%|▎         | 22/782 [00:00<00:06, 112.26it/s]
  5%|▍         | 37/782 [00:00<00:05, 126.72it/s]
  7%|▋         | 52/782 [00:00<00:05, 133.51it/s]
  9%|▊         | 67/782 [00:00<00:05, 136.93it/s]
 10%|█         | 82/782 [00:00<00:05, 139.21it/s]
 12%|█▏        | 97/782 [00:00<00:04, 140.87it/s]
 14%|█▍        | 112/782 [00:00<00:04, 141.83it/s]
 16%|█▌        | 127/782 [00:00<00:04, 142.64it/s]
 18%|█▊        | 142/782 [00:01<00:04, 142.87it/s]
 20%|██        | 157/782 [00:01<00:04, 143.55it/s]
 22%|██▏       | 172/782 [00:01<00:04, 143.81it/s]
 24%|██▍       | 187/782 [00:01<00:04, 143.93it/s]
 26%|██▌       | 202/782 [00:01<00:04, 143.80it/s]
 28%|██▊       | 217/782 [00:01<00:03, 144.01it/s]
 30%|██▉       | 232/782 [00:01<00:03, 144.01it/s]
 32%|███▏      | 247/782 [00:01<00:03, 143.35it/s]
 34%|███▎      | 262/782 [00:01<00:03, 143.42it/s]
 35%|███▌      | 277/782 [00:01<00:03, 143.78it/s]
 37%|███▋      | 292/782 [00:02<00:03, 143.47it/s]
 39%|███▉      | 307/782 [00:02<00:03, 142.87it/s]
 41%|████      | 322/782 [00:02<00:03, 142.16it/s]
 43%|████▎     | 337/782 [00:02<00:03, 139.65it/s]
 45%|████▌     | 352/782 [00:02<00:03, 140.28it/s]
 47%|████▋     | 367/782 [00:02<00:02, 141.47it/s]
 49%|████▉     | 382/782 [00:02<00:02, 142.13it/s]
 51%|█████     | 397/782 [00:02<00:02, 140.38it/s]
 53%|█████▎    | 412/782 [00:02<00:02, 135.59it/s]
 54%|█████▍    | 426/782 [00:03<00:02, 132.45it/s]
 56%|█████▋    | 440/782 [00:03<00:02, 130.91it/s]
 58%|█████▊    | 454/782 [00:03<00:02, 129.58it/s]
 60%|█████▉    | 467/782 [00:03<00:02, 126.38it/s]
 61%|██████▏   | 480/782 [00:03<00:02, 126.08it/s]
 63%|██████▎   | 493/782 [00:03<00:02, 126.95it/s]
 65%|██████▍   | 507/782 [00:03<00:02, 129.55it/s]
 67%|██████▋   | 521/782 [00:03<00:01, 132.48it/s]
 69%|██████▊   | 536/782 [00:03<00:01, 135.48it/s]
 70%|███████   | 551/782 [00:04<00:01, 137.89it/s]
 72%|███████▏  | 566/782 [00:04<00:01, 139.49it/s]
 74%|███████▍  | 581/782 [00:04<00:01, 140.19it/s]
 76%|███████▌  | 596/782 [00:04<00:01, 141.18it/s]
 78%|███████▊  | 611/782 [00:04<00:01, 141.64it/s]
 80%|████████  | 626/782 [00:04<00:01, 142.33it/s]
 82%|████████▏ | 641/782 [00:04<00:00, 142.32it/s]
 84%|████████▍ | 656/782 [00:04<00:00, 141.12it/s]
 86%|████████▌ | 671/782 [00:04<00:00, 142.11it/s]
 88%|████████▊ | 686/782 [00:04<00:00, 142.64it/s]
 90%|████████▉ | 701/782 [00:05<00:00, 142.82it/s]
 92%|█████████▏| 716/782 [00:05<00:00, 143.35it/s]
 93%|█████████▎| 731/782 [00:05<00:00, 143.53it/s]
 95%|█████████▌| 746/782 [00:05<00:00, 143.57it/s]
 97%|█████████▋| 761/782 [00:05<00:00, 143.25it/s]
 99%|█████████▉| 776/782 [00:05<00:00, 142.77it/s]
100%|██████████| 782/782 [00:05<00:00, 137.78it/s]
Model instantiation succeeded.
The training environment is set up successfully, using the following device: cuda.
Simulated training data created successfully.
Training step executed successfully.
  Train Loss: 1.7873, Test Loss: 1.7851
  Train Acc: 0.3261, Test Acc: 0.3350
  LR: 0.000001, Grad Norm: 1.0670, Throughput: 2231.3 samples/s
accuracy_to_time_metric 1.0487020781681713
  - Saved stats (fallback) to: /a/mm/ab/gpt/brute/ga/meta_evolution/stats_cifar10/img-classification_cifar-10_acc_GenFractalNet-efd915c6916bdd556bb314fc86b94843/1.json
  - Model persisted to ga_fractal_arch_cifar10/ (stats verified: 1 JSON file(s))

  ========================================
  >>> FITNESS SCORE: 33.50%  (source: hyperparameters.accuracy, checksum: efd915c6916bdd556bb314fc86b94843)
  ========================================

  Evaluating Individual 7/20 ---- Generation: 3/5
  - Evaluating unique arch (checksum: 0b9cbf15...)
Evaluating /a/mm/out_nneval_tmp_pid_300/nn/tmp/GenFractalNet-0b9cbf158daa2b2ed7180a2bda7f7738-1cfcab99efac9de2757d4c1d4f035a65.py...
epoch 1

  0%|          | 0/782 [00:00<?, ?it/s]
  1%|          | 7/782 [00:00<00:11, 69.41it/s]
  3%|▎         | 22/782 [00:00<00:06, 113.03it/s]
  5%|▍         | 37/782 [00:00<00:05, 126.68it/s]
  7%|▋         | 52/782 [00:00<00:05, 133.15it/s]
  9%|▊         | 67/782 [00:00<00:05, 137.05it/s]
 10%|█         | 82/782 [00:00<00:05, 139.19it/s]
 12%|█▏        | 97/782 [00:00<00:04, 141.10it/s]
 14%|█▍        | 112/782 [00:00<00:04, 141.98it/s]
 16%|█▌        | 127/782 [00:00<00:04, 142.58it/s]
 18%|█▊        | 142/782 [00:01<00:04, 143.09it/s]
 20%|██        | 157/782 [00:01<00:04, 143.50it/s]
 22%|██▏       | 172/782 [00:01<00:04, 143.67it/s]
 24%|██▍       | 187/782 [00:01<00:04, 143.72it/s]
 26%|██▌       | 202/782 [00:01<00:04, 143.95it/s]
 28%|██▊       | 217/782 [00:01<00:03, 143.58it/s]
 30%|██▉       | 232/782 [00:01<00:03, 143.70it/s]
 32%|███▏      | 247/782 [00:01<00:03, 143.75it/s]
 34%|███▎      | 262/782 [00:01<00:03, 142.63it/s]
 35%|███▌      | 277/782 [00:01<00:03, 141.76it/s]
 37%|███▋      | 292/782 [00:02<00:03, 141.81it/s]
 39%|███▉      | 307/782 [00:02<00:03, 142.21it/s]
 41%|████      | 322/782 [00:02<00:03, 142.06it/s]
 43%|████▎     | 337/782 [00:02<00:03, 142.32it/s]
 45%|████▌     | 352/782 [00:02<00:03, 142.52it/s]
 47%|████▋     | 367/782 [00:02<00:02, 142.00it/s]
 49%|████▉     | 382/782 [00:02<00:02, 142.47it/s]
 51%|█████     | 397/782 [00:02<00:02, 142.92it/s]
 53%|█████▎    | 412/782 [00:02<00:02, 142.82it/s]
 55%|█████▍    | 427/782 [00:03<00:02, 142.95it/s]
 57%|█████▋    | 442/782 [00:03<00:02, 143.20it/s]
 58%|█████▊    | 457/782 [00:03<00:02, 143.39it/s]
 60%|██████    | 472/782 [00:03<00:02, 143.37it/s]
 62%|██████▏   | 487/782 [00:03<00:02, 143.51it/s]
 64%|██████▍   | 502/782 [00:03<00:01, 144.03it/s]
 66%|██████▌   | 517/782 [00:03<00:01, 143.89it/s]
 68%|██████▊   | 532/782 [00:03<00:01, 143.92it/s]
 70%|██████▉   | 547/782 [00:03<00:01, 144.00it/s]
 72%|███████▏  | 562/782 [00:03<00:01, 143.35it/s]
 74%|███████▍  | 577/782 [00:04<00:01, 143.72it/s]
 76%|███████▌  | 592/782 [00:04<00:01, 143.96it/s]
 78%|███████▊  | 607/782 [00:04<00:01, 139.52it/s]
 79%|███████▉  | 621/782 [00:04<00:01, 134.75it/s]
 81%|████████  | 635/782 [00:04<00:01, 135.56it/s]
 83%|████████▎ | 650/782 [00:04<00:00, 137.72it/s]
 85%|████████▌ | 665/782 [00:04<00:00, 138.93it/s]
 87%|████████▋ | 680/782 [00:04<00:00, 140.13it/s]
 89%|████████▉ | 695/782 [00:04<00:00, 140.24it/s]
 91%|█████████ | 710/782 [00:05<00:00, 140.42it/s]
 93%|█████████▎| 725/782 [00:05<00:00, 140.77it/s]
 95%|█████████▍| 740/782 [00:05<00:00, 141.59it/s]
 97%|█████████▋| 755/782 [00:05<00:00, 137.79it/s]
 98%|█████████▊| 769/782 [00:05<00:00, 132.12it/s]
100%|██████████| 782/782 [00:05<00:00, 138.98it/s]
Model instantiation succeeded.
The training environment is set up successfully, using the following device: cuda.
Simulated training data created successfully.
Training step executed successfully.
  Train Loss: 1.2022, Test Loss: 1.2127
  Train Acc: 0.5883, Test Acc: 0.5811
  LR: 0.000001, Grad Norm: 0.6753, Throughput: 2613.0 samples/s
accuracy_to_time_metric 2.5141422729050467
  - Saved stats (fallback) to: /a/mm/ab/gpt/brute/ga/meta_evolution/stats_cifar10/img-classification_cifar-10_acc_GenFractalNet-0b9cbf158daa2b2ed7180a2bda7f7738/1.json
  - Model persisted to ga_fractal_arch_cifar10/ (stats verified: 1 JSON file(s))

  ========================================
  >>> FITNESS SCORE: 58.11%  (source: hyperparameters.accuracy, checksum: 0b9cbf158daa2b2ed7180a2bda7f7738)
  ========================================

  Evaluating Individual 8/20 ---- Generation: 3/5
  - Evaluating unique arch (checksum: efa47254...)
Evaluating /a/mm/out_nneval_tmp_pid_300/nn/tmp/GenFractalNet-efa472547197b0c243495507680eaf0a-db38a21758cf6a461042ec60337129ae.py...
epoch 1

  0%|          | 0/782 [00:00<?, ?it/s]
  1%|          | 7/782 [00:00<00:11, 69.46it/s]
  3%|▎         | 22/782 [00:00<00:06, 113.24it/s]
  5%|▍         | 37/782 [00:00<00:05, 127.08it/s]
  7%|▋         | 52/782 [00:00<00:05, 133.68it/s]
  9%|▊         | 67/782 [00:00<00:05, 137.10it/s]
 10%|█         | 82/782 [00:00<00:05, 139.60it/s]
 12%|█▏        | 97/782 [00:00<00:04, 140.85it/s]
 14%|█▍        | 112/782 [00:00<00:04, 141.91it/s]
 16%|█▌        | 127/782 [00:00<00:04, 142.51it/s]
 18%|█▊        | 142/782 [00:01<00:04, 142.79it/s]
 20%|██        | 157/782 [00:01<00:04, 143.04it/s]
 22%|██▏       | 172/782 [00:01<00:04, 143.13it/s]
 24%|██▍       | 187/782 [00:01<00:04, 143.45it/s]
 26%|██▌       | 202/782 [00:01<00:04, 143.50it/s]
 28%|██▊       | 217/782 [00:01<00:03, 143.08it/s]
 30%|██▉       | 232/782 [00:01<00:03, 143.00it/s]
 32%|███▏      | 247/782 [00:01<00:03, 143.34it/s]
 34%|███▎      | 262/782 [00:01<00:03, 143.11it/s]
 35%|███▌      | 277/782 [00:01<00:03, 143.33it/s]
 37%|███▋      | 292/782 [00:02<00:03, 143.19it/s]
 39%|███▉      | 307/782 [00:02<00:03, 143.48it/s]
 41%|████      | 322/782 [00:02<00:03, 143.29it/s]
 43%|████▎     | 337/782 [00:02<00:03, 143.57it/s]
 45%|████▌     | 352/782 [00:02<00:02, 143.48it/s]
 47%|████▋     | 367/782 [00:02<00:02, 143.51it/s]
 49%|████▉     | 382/782 [00:02<00:02, 143.75it/s]
 51%|█████     | 397/782 [00:02<00:02, 143.49it/s]
 53%|█████▎    | 412/782 [00:02<00:02, 143.25it/s]
 55%|█████▍    | 427/782 [00:03<00:02, 143.28it/s]
 57%|█████▋    | 442/782 [00:03<00:02, 143.44it/s]
 58%|█████▊    | 457/782 [00:03<00:02, 143.42it/s]
 60%|██████    | 472/782 [00:03<00:02, 143.09it/s]
 62%|██████▏   | 487/782 [00:03<00:02, 143.27it/s]
 64%|██████▍   | 502/782 [00:03<00:01, 143.16it/s]
 66%|██████▌   | 517/782 [00:03<00:01, 143.62it/s]
 68%|██████▊   | 532/782 [00:03<00:01, 143.28it/s]
 70%|██████▉   | 547/782 [00:03<00:01, 143.34it/s]
 72%|███████▏  | 562/782 [00:03<00:01, 143.52it/s]
 74%|███████▍  | 577/782 [00:04<00:01, 143.61it/s]
 76%|███████▌  | 592/782 [00:04<00:01, 143.64it/s]
 78%|███████▊  | 607/782 [00:04<00:01, 143.27it/s]
 80%|███████▉  | 622/782 [00:04<00:01, 143.58it/s]
 81%|████████▏ | 637/782 [00:04<00:01, 143.41it/s]
 83%|████████▎ | 652/782 [00:04<00:00, 143.35it/s]
 85%|████████▌ | 667/782 [00:04<00:00, 143.56it/s]
 87%|████████▋ | 682/782 [00:04<00:00, 143.13it/s]
 89%|████████▉ | 697/782 [00:04<00:00, 143.52it/s]
 91%|█████████ | 712/782 [00:05<00:00, 143.44it/s]
 93%|█████████▎| 727/782 [00:05<00:00, 143.74it/s]
 95%|█████████▍| 742/782 [00:05<00:00, 143.46it/s]
 97%|█████████▋| 757/782 [00:05<00:00, 143.05it/s]
 99%|█████████▊| 772/782 [00:05<00:00, 143.36it/s]
100%|██████████| 782/782 [00:05<00:00, 141.09it/s]
Model instantiation succeeded.
The training environment is set up successfully, using the following device: cuda.
Simulated training data created successfully.
Training step executed successfully.
  Train Loss: 1.7720, Test Loss: 1.7719
  Train Acc: 0.3614, Test Acc: 0.3600
  LR: 0.000001, Grad Norm: 0.2245, Throughput: 2617.9 samples/s
accuracy_to_time_metric 1.3613010713777611
  - Saved stats (fallback) to: /a/mm/ab/gpt/brute/ga/meta_evolution/stats_cifar10/img-classification_cifar-10_acc_GenFractalNet-efa472547197b0c243495507680eaf0a/1.json
  - Model persisted to ga_fractal_arch_cifar10/ (stats verified: 1 JSON file(s))

  ========================================
  >>> FITNESS SCORE: 36.00%  (source: hyperparameters.accuracy, checksum: efa472547197b0c243495507680eaf0a)
  ========================================

  Evaluating Individual 9/20 ---- Generation: 3/5
  - Evaluating unique arch (checksum: 1f405dae...)
Evaluating /a/mm/out_nneval_tmp_pid_300/nn/tmp/GenFractalNet-1f405daedb10eb3f03768e2b65894e13-f6debaca9bd92005604b30e72f791f81.py...
epoch 1

  0%|          | 0/782 [00:00<?, ?it/s]
  1%|          | 7/782 [00:00<00:11, 65.31it/s]
  2%|▏         | 19/782 [00:00<00:08, 92.14it/s]
  4%|▍         | 32/782 [00:00<00:06, 107.87it/s]
  6%|▌         | 46/782 [00:00<00:06, 120.04it/s]
  8%|▊         | 60/782 [00:00<00:05, 126.53it/s]
 10%|▉         | 75/782 [00:00<00:05, 132.24it/s]
 12%|█▏        | 90/782 [00:00<00:05, 135.73it/s]
 13%|█▎        | 105/782 [00:00<00:04, 137.43it/s]
 15%|█▌        | 120/782 [00:00<00:04, 139.50it/s]
 17%|█▋        | 135/782 [00:01<00:04, 140.92it/s]
 19%|█▉        | 150/782 [00:01<00:04, 141.53it/s]
 21%|██        | 165/782 [00:01<00:04, 141.90it/s]
 23%|██▎       | 180/782 [00:01<00:04, 142.24it/s]
 25%|██▍       | 195/782 [00:01<00:04, 142.17it/s]
 27%|██▋       | 210/782 [00:01<00:04, 141.37it/s]
 29%|██▉       | 225/782 [00:01<00:03, 141.97it/s]
 31%|███       | 240/782 [00:01<00:03, 142.29it/s]
 33%|███▎      | 255/782 [00:01<00:03, 141.97it/s]
 35%|███▍      | 270/782 [00:01<00:03, 142.39it/s]
 36%|███▋      | 285/782 [00:02<00:03, 142.46it/s]
 38%|███▊      | 300/782 [00:02<00:03, 142.00it/s]
 40%|████      | 315/782 [00:02<00:03, 141.59it/s]
 42%|████▏     | 330/782 [00:02<00:03, 141.60it/s]
 44%|████▍     | 345/782 [00:02<00:03, 141.51it/s]
 46%|████▌     | 360/782 [00:02<00:02, 141.40it/s]
 48%|████▊     | 375/782 [00:02<00:02, 141.47it/s]
 50%|████▉     | 390/782 [00:02<00:02, 141.05it/s]
 52%|█████▏    | 405/782 [00:02<00:02, 141.05it/s]
 54%|█████▎    | 420/782 [00:03<00:02, 141.20it/s]
 56%|█████▌    | 435/782 [00:03<00:02, 141.30it/s]
 58%|█████▊    | 450/782 [00:03<00:02, 141.78it/s]
 59%|█████▉    | 465/782 [00:03<00:02, 141.83it/s]
 61%|██████▏   | 480/782 [00:03<00:02, 142.24it/s]
 63%|██████▎   | 495/782 [00:03<00:02, 142.06it/s]
 65%|██████▌   | 510/782 [00:03<00:01, 142.16it/s]
 67%|██████▋   | 525/782 [00:03<00:01, 141.39it/s]
 69%|██████▉   | 540/782 [00:03<00:01, 141.57it/s]
 71%|███████   | 555/782 [00:04<00:01, 141.34it/s]
 73%|███████▎  | 570/782 [00:04<00:01, 141.83it/s]
 75%|███████▍  | 585/782 [00:04<00:01, 141.74it/s]
 77%|███████▋  | 600/782 [00:04<00:01, 141.44it/s]
 79%|███████▊  | 615/782 [00:04<00:01, 141.78it/s]
 81%|████████  | 630/782 [00:04<00:01, 141.46it/s]
 82%|████████▏ | 645/782 [00:04<00:00, 141.53it/s]
 84%|████████▍ | 660/782 [00:04<00:00, 141.38it/s]
 86%|████████▋ | 675/782 [00:04<00:00, 133.57it/s]
 88%|████████▊ | 689/782 [00:04<00:00, 130.60it/s]
 90%|████████▉ | 703/782 [00:05<00:00, 131.41it/s]
 92%|█████████▏| 717/782 [00:05<00:00, 130.58it/s]
 93%|█████████▎| 731/782 [00:05<00:00, 130.91it/s]
 95%|█████████▌| 745/782 [00:05<00:00, 130.47it/s]
 97%|█████████▋| 759/782 [00:05<00:00, 130.27it/s]
 99%|█████████▉| 773/782 [00:05<00:00, 131.05it/s]
100%|██████████| 782/782 [00:05<00:00, 136.47it/s]
Model instantiation succeeded.
The training environment is set up successfully, using the following device: cuda.
Simulated training data created successfully.
Training step executed successfully.
  Train Loss: 1.8012, Test Loss: 1.7966
  Train Acc: 0.3400, Test Acc: 0.3345
  LR: 0.000001, Grad Norm: 0.2454, Throughput: 2588.9 samples/s
accuracy_to_time_metric 1.2141907001206307
  - Saved stats (fallback) to: /a/mm/ab/gpt/brute/ga/meta_evolution/stats_cifar10/img-classification_cifar-10_acc_GenFractalNet-1f405daedb10eb3f03768e2b65894e13/1.json
  - Model persisted to ga_fractal_arch_cifar10/ (stats verified: 1 JSON file(s))

  ========================================
  >>> FITNESS SCORE: 33.45%  (source: hyperparameters.accuracy, checksum: 1f405daedb10eb3f03768e2b65894e13)
  ========================================

  Evaluating Individual 10/20 ---- Generation: 3/5
  - Evaluating unique arch (checksum: 81e908d3...)
Evaluating /a/mm/out_nneval_tmp_pid_300/nn/tmp/GenFractalNet-81e908d39d76536e1c003351a9e16fe0-1f1587fcf2577e170328be44b0c73c1d.py...
epoch 1

  0%|          | 0/782 [00:00<?, ?it/s]
  1%|          | 7/782 [00:00<00:11, 68.74it/s]
  3%|▎         | 22/782 [00:00<00:06, 112.51it/s]
  5%|▍         | 37/782 [00:00<00:05, 126.39it/s]
  7%|▋         | 52/782 [00:00<00:05, 133.44it/s]
  9%|▊         | 67/782 [00:00<00:05, 136.82it/s]
 10%|█         | 82/782 [00:00<00:05, 138.80it/s]
 12%|█▏        | 97/782 [00:00<00:04, 140.37it/s]
 14%|█▍        | 112/782 [00:00<00:04, 141.44it/s]
 16%|█▌        | 127/782 [00:00<00:04, 141.51it/s]
 18%|█▊        | 142/782 [00:01<00:04, 141.60it/s]
 20%|██        | 157/782 [00:01<00:04, 141.82it/s]
 22%|██▏       | 172/782 [00:01<00:04, 142.63it/s]
 24%|██▍       | 187/782 [00:01<00:04, 142.48it/s]
 26%|██▌       | 202/782 [00:01<00:04, 142.30it/s]
 28%|██▊       | 217/782 [00:01<00:03, 142.73it/s]
 30%|██▉       | 232/782 [00:01<00:03, 142.99it/s]
 32%|███▏      | 247/782 [00:01<00:03, 143.36it/s]
 34%|███▎      | 262/782 [00:01<00:03, 142.91it/s]
 35%|███▌      | 277/782 [00:01<00:03, 142.95it/s]
 37%|███▋      | 292/782 [00:02<00:03, 143.04it/s]
 39%|███▉      | 307/782 [00:02<00:03, 143.15it/s]
 41%|████      | 322/782 [00:02<00:03, 142.48it/s]
 43%|████▎     | 337/782 [00:02<00:03, 142.44it/s]
 45%|████▌     | 352/782 [00:02<00:03, 142.81it/s]
 47%|████▋     | 367/782 [00:02<00:02, 143.14it/s]
 49%|████▉     | 382/782 [00:02<00:02, 142.98it/s]
 51%|█████     | 397/782 [00:02<00:02, 143.22it/s]
 53%|█████▎    | 412/782 [00:02<00:02, 143.24it/s]
 55%|█████▍    | 427/782 [00:03<00:02, 143.40it/s]
 57%|█████▋    | 442/782 [00:03<00:02, 143.36it/s]
 58%|█████▊    | 457/782 [00:03<00:02, 143.22it/s]
 60%|██████    | 472/782 [00:03<00:02, 143.56it/s]
 62%|██████▏   | 487/782 [00:03<00:02, 143.02it/s]
 64%|██████▍   | 502/782 [00:03<00:01, 143.73it/s]
 66%|██████▌   | 517/782 [00:03<00:01, 143.49it/s]
 68%|██████▊   | 532/782 [00:03<00:01, 143.66it/s]
 70%|██████▉   | 547/782 [00:03<00:01, 143.60it/s]
 72%|███████▏  | 562/782 [00:03<00:01, 143.15it/s]
 74%|███████▍  | 577/782 [00:04<00:01, 143.44it/s]
 76%|███████▌  | 592/782 [00:04<00:01, 143.42it/s]
 78%|███████▊  | 607/782 [00:04<00:01, 141.28it/s]
 80%|███████▉  | 622/782 [00:04<00:01, 142.12it/s]
 81%|████████▏ | 637/782 [00:04<00:01, 142.62it/s]
 83%|████████▎ | 652/782 [00:04<00:00, 142.85it/s]
 85%|████████▌ | 667/782 [00:04<00:00, 143.40it/s]
 87%|████████▋ | 682/782 [00:04<00:00, 143.64it/s]
 89%|████████▉ | 697/782 [00:04<00:00, 143.82it/s]
 91%|█████████ | 712/782 [00:05<00:00, 135.07it/s]
 93%|█████████▎| 726/782 [00:05<00:00, 132.90it/s]
 95%|█████████▍| 741/782 [00:05<00:00, 135.59it/s]
 97%|█████████▋| 756/782 [00:05<00:00, 137.71it/s]
 99%|█████████▊| 771/782 [00:05<00:00, 139.39it/s]
100%|██████████| 782/782 [00:05<00:00, 139.90it/s]
Model instantiation succeeded.
The training environment is set up successfully, using the following device: cuda.
Simulated training data created successfully.
Training step executed successfully.
  Train Loss: 2.2154, Test Loss: 2.2146
  Train Acc: 0.1725, Test Acc: 0.1764
  LR: 0.000001, Grad Norm: 0.2027, Throughput: 2640.7 samples/s
accuracy_to_time_metric 0.40349253807818947
  - Saved stats (fallback) to: /a/mm/ab/gpt/brute/ga/meta_evolution/stats_cifar10/img-classification_cifar-10_acc_GenFractalNet-81e908d39d76536e1c003351a9e16fe0/1.json
  - Model persisted to ga_fractal_arch_cifar10/ (stats verified: 1 JSON file(s))

  ========================================
  >>> FITNESS SCORE: 17.64%  (source: hyperparameters.accuracy, checksum: 81e908d39d76536e1c003351a9e16fe0)
  ========================================

  Evaluating Individual 11/20 ---- Generation: 3/5
  - Evaluating unique arch (checksum: 587c62b9...)
Evaluating /a/mm/out_nneval_tmp_pid_300/nn/tmp/GenFractalNet-587c62b9d1a906cbe1f8f93580eecf12-4fd72d8435c155cf86e5388506380bb6.py...
epoch 1

  0%|          | 0/782 [00:00<?, ?it/s]
  1%|          | 6/782 [00:00<00:13, 55.81it/s]
  2%|▏         | 19/782 [00:00<00:07, 96.53it/s]
  4%|▍         | 33/782 [00:00<00:06, 113.72it/s]
  6%|▌         | 47/782 [00:00<00:06, 122.04it/s]
  8%|▊         | 60/782 [00:00<00:05, 124.74it/s]
  9%|▉         | 73/782 [00:00<00:05, 125.67it/s]
 11%|█         | 87/782 [00:00<00:05, 128.41it/s]
 13%|█▎        | 101/782 [00:00<00:05, 130.40it/s]
 15%|█▍        | 115/782 [00:00<00:05, 130.17it/s]
 16%|█▋        | 129/782 [00:01<00:05, 130.28it/s]
 18%|█▊        | 143/782 [00:01<00:04, 131.44it/s]
 20%|██        | 157/782 [00:01<00:04, 131.59it/s]
 22%|██▏       | 171/782 [00:01<00:04, 130.72it/s]
 24%|██▎       | 185/782 [00:01<00:04, 130.71it/s]
 25%|██▌       | 199/782 [00:01<00:04, 131.26it/s]
 27%|██▋       | 213/782 [00:01<00:04, 130.42it/s]
 29%|██▉       | 227/782 [00:01<00:04, 131.26it/s]
 31%|███       | 241/782 [00:01<00:04, 132.38it/s]
 33%|███▎      | 255/782 [00:02<00:04, 131.69it/s]
 34%|███▍      | 269/782 [00:02<00:03, 131.71it/s]
 36%|███▌      | 283/782 [00:02<00:03, 131.95it/s]
 38%|███▊      | 297/782 [00:02<00:03, 131.15it/s]
 40%|███▉      | 311/782 [00:02<00:03, 130.83it/s]
 42%|████▏     | 325/782 [00:02<00:03, 130.32it/s]
 43%|████▎     | 339/782 [00:02<00:03, 131.18it/s]
 45%|████▌     | 353/782 [00:02<00:03, 132.10it/s]
 47%|████▋     | 367/782 [00:02<00:03, 132.80it/s]
 49%|████▊     | 381/782 [00:02<00:03, 133.63it/s]
 51%|█████     | 395/782 [00:03<00:02, 133.54it/s]
 52%|█████▏    | 409/782 [00:03<00:02, 132.54it/s]
 54%|█████▍    | 423/782 [00:03<00:02, 132.05it/s]
 56%|█████▌    | 437/782 [00:03<00:02, 131.80it/s]
 58%|█████▊    | 451/782 [00:03<00:02, 130.65it/s]
 59%|█████▉    | 465/782 [00:03<00:02, 131.75it/s]
 61%|██████▏   | 479/782 [00:03<00:02, 132.99it/s]
 63%|██████▎   | 493/782 [00:03<00:02, 133.98it/s]
 65%|██████▍   | 507/782 [00:03<00:02, 134.36it/s]
 67%|██████▋   | 521/782 [00:04<00:01, 133.69it/s]
 68%|██████▊   | 535/782 [00:04<00:01, 134.43it/s]
 70%|███████   | 549/782 [00:04<00:01, 135.39it/s]
 72%|███████▏  | 563/782 [00:04<00:01, 131.81it/s]
 74%|███████▍  | 577/782 [00:04<00:01, 131.45it/s]
 76%|███████▌  | 591/782 [00:04<00:01, 132.26it/s]
 77%|███████▋  | 605/782 [00:04<00:01, 132.18it/s]
 79%|███████▉  | 619/782 [00:04<00:01, 133.23it/s]
 81%|████████  | 633/782 [00:04<00:01, 134.03it/s]
 83%|████████▎ | 647/782 [00:04<00:01, 133.23it/s]
 85%|████████▍ | 661/782 [00:05<00:00, 133.90it/s]
 86%|████████▋ | 675/782 [00:05<00:00, 133.92it/s]
 88%|████████▊ | 689/782 [00:05<00:00, 132.80it/s]
 90%|████████▉ | 703/782 [00:05<00:00, 128.49it/s]
 92%|█████████▏| 716/782 [00:05<00:00, 128.65it/s]
 93%|█████████▎| 730/782 [00:05<00:00, 130.01it/s]
 95%|█████████▌| 744/782 [00:05<00:00, 129.81it/s]
 97%|█████████▋| 758/782 [00:05<00:00, 130.69it/s]
 99%|█████████▊| 772/782 [00:05<00:00, 132.13it/s]
100%|██████████| 782/782 [00:06<00:00, 129.47it/s]
Model instantiation succeeded.
The training environment is set up successfully, using the following device: cuda.
Simulated training data created successfully.
Training step executed successfully.
  Train Loss: 2.0844, Test Loss: 2.0843
  Train Acc: 0.2188, Test Acc: 0.2192
  LR: 0.000001, Grad Norm: 0.3803, Throughput: 2557.3 samples/s
accuracy_to_time_metric 0.6096576629597367
  - Saved stats (fallback) to: /a/mm/ab/gpt/brute/ga/meta_evolution/stats_cifar10/img-classification_cifar-10_acc_GenFractalNet-587c62b9d1a906cbe1f8f93580eecf12/1.json
  - Model persisted to ga_fractal_arch_cifar10/ (stats verified: 1 JSON file(s))

  ========================================
  >>> FITNESS SCORE: 21.92%  (source: hyperparameters.accuracy, checksum: 587c62b9d1a906cbe1f8f93580eecf12)
  ========================================

  Evaluating Individual 12/20 ---- Generation: 3/5
  - Evaluating unique arch (checksum: 038c6a8b...)
Evaluating /a/mm/out_nneval_tmp_pid_300/nn/tmp/GenFractalNet-038c6a8bc2c148bb341902af4d724c3f-a5015b7eb9be3ddbd45d9910c43b518d.py...
epoch 1

  0%|          | 0/782 [00:00<?, ?it/s]
  1%|          | 8/782 [00:00<00:10, 75.49it/s]
  3%|▎         | 23/782 [00:00<00:06, 114.46it/s]
  5%|▍         | 38/782 [00:00<00:05, 126.15it/s]
  7%|▋         | 52/782 [00:00<00:05, 131.27it/s]
  9%|▊         | 67/782 [00:00<00:05, 135.46it/s]
 10%|█         | 82/782 [00:00<00:05, 138.19it/s]
 12%|█▏        | 97/782 [00:00<00:04, 140.26it/s]
 14%|█▍        | 112/782 [00:00<00:04, 141.41it/s]
 16%|█▌        | 127/782 [00:00<00:04, 141.73it/s]
 18%|█▊        | 142/782 [00:01<00:04, 142.37it/s]
 20%|██        | 157/782 [00:01<00:04, 142.68it/s]
 22%|██▏       | 172/782 [00:01<00:04, 143.20it/s]
 24%|██▍       | 187/782 [00:01<00:04, 143.59it/s]
 26%|██▌       | 202/782 [00:01<00:04, 143.03it/s]
 28%|██▊       | 217/782 [00:01<00:03, 142.83it/s]
 30%|██▉       | 232/782 [00:01<00:03, 142.93it/s]
 32%|███▏      | 247/782 [00:01<00:03, 143.06it/s]
 34%|███▎      | 262/782 [00:01<00:03, 143.18it/s]
 35%|███▌      | 277/782 [00:01<00:03, 143.51it/s]
 37%|███▋      | 292/782 [00:02<00:03, 143.39it/s]
 39%|███▉      | 307/782 [00:02<00:03, 142.58it/s]
 41%|████      | 322/782 [00:02<00:03, 142.25it/s]
 43%|████▎     | 337/782 [00:02<00:03, 141.82it/s]
 45%|████▌     | 352/782 [00:02<00:03, 141.93it/s]
 47%|████▋     | 367/782 [00:02<00:02, 141.82it/s]
 49%|████▉     | 382/782 [00:02<00:02, 141.94it/s]
 51%|█████     | 397/782 [00:02<00:02, 142.03it/s]
 53%|█████▎    | 412/782 [00:02<00:02, 141.71it/s]
 55%|█████▍    | 427/782 [00:03<00:02, 141.59it/s]
 57%|█████▋    | 442/782 [00:03<00:02, 141.75it/s]
 58%|█████▊    | 457/782 [00:03<00:02, 141.58it/s]
 60%|██████    | 472/782 [00:03<00:02, 141.48it/s]
 62%|██████▏   | 487/782 [00:03<00:02, 140.89it/s]
 64%|██████▍   | 502/782 [00:03<00:02, 136.90it/s]
 66%|██████▌   | 516/782 [00:03<00:02, 131.96it/s]
 68%|██████▊   | 530/782 [00:03<00:01, 128.47it/s]
 69%|██████▉   | 543/782 [00:03<00:01, 127.46it/s]
 71%|███████   | 556/782 [00:04<00:01, 126.08it/s]
 73%|███████▎  | 569/782 [00:04<00:01, 126.26it/s]
 75%|███████▍  | 583/782 [00:04<00:01, 130.08it/s]
 76%|███████▋  | 598/782 [00:04<00:01, 133.47it/s]
 78%|███████▊  | 612/782 [00:04<00:01, 135.17it/s]
 80%|████████  | 627/782 [00:04<00:01, 137.45it/s]
 82%|████████▏ | 642/782 [00:04<00:01, 139.20it/s]
 84%|████████▍ | 657/782 [00:04<00:00, 140.63it/s]
 86%|████████▌ | 672/782 [00:04<00:00, 141.54it/s]
 88%|████████▊ | 687/782 [00:04<00:00, 141.28it/s]
 90%|████████▉ | 702/782 [00:05<00:00, 141.32it/s]
 92%|█████████▏| 717/782 [00:05<00:00, 139.90it/s]
 93%|█████████▎| 731/782 [00:05<00:00, 139.35it/s]
 95%|█████████▌| 745/782 [00:05<00:00, 139.52it/s]
 97%|█████████▋| 760/782 [00:05<00:00, 140.04it/s]
 99%|█████████▉| 775/782 [00:05<00:00, 140.31it/s]
100%|██████████| 782/782 [00:05<00:00, 137.64it/s]
Model instantiation succeeded.
The training environment is set up successfully, using the following device: cuda.
Simulated training data created successfully.
Training step executed successfully.
  Train Loss: 1.3721, Test Loss: 1.3701
  Train Acc: 0.5139, Test Acc: 0.5176
  LR: 0.000001, Grad Norm: 0.3864, Throughput: 2621.6 samples/s
accuracy_to_time_metric 2.189487844258461
  - Saved stats (fallback) to: /a/mm/ab/gpt/brute/ga/meta_evolution/stats_cifar10/img-classification_cifar-10_acc_GenFractalNet-038c6a8bc2c148bb341902af4d724c3f/1.json
  - Model persisted to ga_fractal_arch_cifar10/ (stats verified: 1 JSON file(s))

  ========================================
  >>> FITNESS SCORE: 51.76%  (source: hyperparameters.accuracy, checksum: 038c6a8bc2c148bb341902af4d724c3f)
  ========================================

  [Archive] Cell (2, 16) updated with fitness: 51.7600
  Evaluating Individual 13/20 ---- Generation: 3/5
  - Evaluating unique arch (checksum: 86d502ce...)
Evaluating /a/mm/out_nneval_tmp_pid_300/nn/tmp/GenFractalNet-86d502ce6d2d7a29b937b92b009ae8a8-07dad469076de3d851bf6f98151c172f.py...
epoch 1

  0%|          | 0/782 [00:00<?, ?it/s]
  0%|          | 2/782 [00:00<00:40, 19.44it/s]
  1%|          | 7/782 [00:00<00:21, 36.34it/s]
  2%|▏         | 12/782 [00:00<00:19, 39.44it/s]
  2%|▏         | 17/782 [00:00<00:18, 40.55it/s]
  3%|▎         | 22/782 [00:00<00:18, 41.66it/s]
  3%|▎         | 27/782 [00:00<00:17, 42.08it/s]
  4%|▍         | 32/782 [00:00<00:17, 43.89it/s]
  5%|▍         | 37/782 [00:00<00:16, 45.07it/s]
  5%|▌         | 42/782 [00:00<00:16, 45.51it/s]
  6%|▌         | 47/782 [00:01<00:16, 44.23it/s]
  7%|▋         | 52/782 [00:01<00:16, 44.56it/s]
  7%|▋         | 57/782 [00:01<00:16, 45.18it/s]
  8%|▊         | 62/782 [00:01<00:16, 44.61it/s]
  9%|▊         | 67/782 [00:01<00:16, 44.48it/s]
  9%|▉         | 72/782 [00:01<00:15, 44.50it/s]
 10%|▉         | 77/782 [00:01<00:15, 45.37it/s]
 10%|█         | 82/782 [00:01<00:15, 45.82it/s]
 11%|█         | 87/782 [00:01<00:15, 45.95it/s]
 12%|█▏        | 92/782 [00:02<00:15, 44.61it/s]
 12%|█▏        | 97/782 [00:02<00:15, 44.74it/s]
 13%|█▎        | 102/782 [00:02<00:15, 44.30it/s]
 14%|█▎        | 107/782 [00:02<00:15, 44.20it/s]
 14%|█▍        | 112/782 [00:02<00:14, 44.69it/s]
 15%|█▍        | 117/782 [00:02<00:14, 45.47it/s]
 16%|█▌        | 122/782 [00:02<00:14, 45.85it/s]
 16%|█▌        | 127/782 [00:02<00:14, 45.80it/s]
 17%|█▋        | 132/782 [00:02<00:14, 45.46it/s]
 18%|█▊        | 137/782 [00:03<00:14, 45.08it/s]
 18%|█▊        | 142/782 [00:03<00:13, 45.78it/s]
 19%|█▉        | 147/782 [00:03<00:13, 46.80it/s]
 19%|█▉        | 152/782 [00:03<00:13, 46.48it/s]
 20%|██        | 157/782 [00:03<00:13, 46.81it/s]
 21%|██        | 162/782 [00:03<00:13, 45.56it/s]
 21%|██▏       | 167/782 [00:03<00:13, 45.58it/s]
 22%|██▏       | 172/782 [00:03<00:13, 45.65it/s]
 23%|██▎       | 177/782 [00:03<00:13, 45.56it/s]
 23%|██▎       | 182/782 [00:04<00:12, 46.46it/s]
 24%|██▍       | 187/782 [00:04<00:13, 45.22it/s]
 25%|██▍       | 192/782 [00:04<00:13, 45.29it/s]
 25%|██▌       | 197/782 [00:04<00:13, 44.95it/s]
 26%|██▌       | 203/782 [00:04<00:12, 46.13it/s]
 27%|██▋       | 208/782 [00:04<00:12, 46.36it/s]
 27%|██▋       | 213/782 [00:04<00:12, 45.80it/s]
 28%|██▊       | 218/782 [00:04<00:12, 46.77it/s]
 29%|██▊       | 224/782 [00:04<00:11, 47.74it/s]
 29%|██▉       | 229/782 [00:05<00:11, 47.74it/s]
 30%|██▉       | 234/782 [00:05<00:11, 47.49it/s]
 31%|███       | 239/782 [00:05<00:11, 47.98it/s]
 31%|███       | 244/782 [00:05<00:11, 48.25it/s]
 32%|███▏      | 249/782 [00:05<00:11, 47.13it/s]
 32%|███▏      | 254/782 [00:05<00:11, 46.82it/s]
 33%|███▎      | 259/782 [00:05<00:11, 46.80it/s]
 34%|███▍      | 264/782 [00:05<00:11, 45.83it/s]
 34%|███▍      | 269/782 [00:05<00:11, 46.63it/s]
 35%|███▌      | 274/782 [00:06<00:10, 46.25it/s]
 36%|███▌      | 279/782 [00:06<00:10, 46.72it/s]
 36%|███▋      | 284/782 [00:06<00:10, 46.37it/s]
 37%|███▋      | 289/782 [00:06<00:10, 46.24it/s]
 38%|███▊      | 294/782 [00:06<00:10, 45.46it/s]
 38%|███▊      | 299/782 [00:06<00:10, 44.14it/s]
 39%|███▉      | 304/782 [00:06<00:10, 45.38it/s]
 40%|███▉      | 309/782 [00:06<00:10, 45.35it/s]
 40%|████      | 314/782 [00:06<00:10, 45.17it/s]
 41%|████      | 319/782 [00:07<00:10, 45.50it/s]
 41%|████▏     | 324/782 [00:07<00:10, 44.43it/s]
 42%|████▏     | 329/782 [00:07<00:09, 45.95it/s]
 43%|████▎     | 334/782 [00:07<00:09, 46.11it/s]
 43%|████▎     | 339/782 [00:07<00:09, 45.01it/s]
 44%|████▍     | 344/782 [00:07<00:09, 46.07it/s]
 45%|████▍     | 349/782 [00:07<00:09, 46.04it/s]
 45%|████▌     | 354/782 [00:07<00:09, 46.10it/s]
 46%|████▌     | 359/782 [00:07<00:09, 46.34it/s]
 47%|████▋     | 364/782 [00:08<00:09, 46.11it/s]
 47%|████▋     | 369/782 [00:08<00:09, 45.84it/s]
 48%|████▊     | 374/782 [00:08<00:08, 45.62it/s]
 48%|████▊     | 379/782 [00:08<00:08, 46.01it/s]
 49%|████▉     | 384/782 [00:08<00:08, 45.40it/s]
 50%|████▉     | 389/782 [00:08<00:08, 46.32it/s]
 51%|█████     | 395/782 [00:08<00:08, 47.62it/s]
 51%|█████     | 400/782 [00:08<00:08, 46.84it/s]
 52%|█████▏    | 405/782 [00:08<00:08, 46.55it/s]
 52%|█████▏    | 410/782 [00:09<00:08, 46.15it/s]
 53%|█████▎    | 415/782 [00:09<00:07, 46.54it/s]
 54%|█████▎    | 420/782 [00:09<00:07, 45.95it/s]
 54%|█████▍    | 425/782 [00:09<00:07, 44.82it/s]
 55%|█████▍    | 430/782 [00:09<00:07, 44.96it/s]
 56%|█████▌    | 435/782 [00:09<00:07, 46.02it/s]
 56%|█████▋    | 440/782 [00:09<00:07, 46.73it/s]
 57%|█████▋    | 445/782 [00:09<00:07, 45.90it/s]
 58%|█████▊    | 450/782 [00:09<00:07, 45.84it/s]
 58%|█████▊    | 455/782 [00:09<00:07, 45.67it/s]
 59%|█████▉    | 460/782 [00:10<00:06, 46.74it/s]
 59%|█████▉    | 465/782 [00:10<00:06, 47.00it/s]
 60%|██████    | 470/782 [00:10<00:06, 47.86it/s]
 61%|██████    | 475/782 [00:10<00:06, 47.19it/s]
 61%|██████▏   | 480/782 [00:10<00:06, 46.59it/s]
 62%|██████▏   | 485/782 [00:10<00:06, 45.89it/s]
 63%|██████▎   | 490/782 [00:10<00:06, 45.50it/s]
 63%|██████▎   | 495/782 [00:10<00:06, 45.69it/s]
 64%|██████▍   | 500/782 [00:10<00:06, 46.12it/s]
 65%|██████▍   | 505/782 [00:11<00:06, 45.66it/s]
 65%|██████▌   | 510/782 [00:11<00:06, 45.31it/s]
 66%|██████▌   | 515/782 [00:11<00:05, 45.21it/s]
 67%|██████▋   | 521/782 [00:11<00:05, 47.29it/s]
 67%|██████▋   | 526/782 [00:11<00:05, 47.87it/s]
 68%|██████▊   | 531/782 [00:11<00:05, 46.89it/s]
 69%|██████▊   | 536/782 [00:11<00:05, 45.87it/s]
 69%|██████▉   | 541/782 [00:11<00:05, 45.81it/s]
 70%|██████▉   | 546/782 [00:11<00:05, 46.44it/s]
 70%|███████   | 551/782 [00:12<00:05, 45.98it/s]
 71%|███████   | 556/782 [00:12<00:04, 45.95it/s]
 72%|███████▏  | 561/782 [00:12<00:04, 46.28it/s]
 72%|███████▏  | 566/782 [00:12<00:04, 45.97it/s]
 73%|███████▎  | 571/782 [00:12<00:04, 45.76it/s]
 74%|███████▎  | 576/782 [00:12<00:04, 45.68it/s]
 74%|███████▍  | 581/782 [00:12<00:04, 46.01it/s]
 75%|███████▍  | 586/782 [00:12<00:04, 45.84it/s]
 76%|███████▌  | 591/782 [00:12<00:04, 45.95it/s]
 76%|███████▋  | 597/782 [00:13<00:03, 47.72it/s]
 77%|███████▋  | 602/782 [00:13<00:03, 47.01it/s]
 78%|███████▊  | 607/782 [00:13<00:03, 45.99it/s]
 78%|███████▊  | 612/782 [00:13<00:03, 45.41it/s]
 79%|███████▉  | 617/782 [00:13<00:03, 45.85it/s]
 80%|███████▉  | 623/782 [00:13<00:03, 48.18it/s]
 80%|████████  | 628/782 [00:13<00:03, 47.70it/s]
 81%|████████  | 633/782 [00:13<00:03, 46.81it/s]
 82%|████████▏ | 638/782 [00:13<00:03, 46.40it/s]
 82%|████████▏ | 643/782 [00:14<00:03, 46.17it/s]
 83%|████████▎ | 648/782 [00:14<00:02, 45.36it/s]
 84%|████████▎ | 653/782 [00:14<00:02, 45.89it/s]
 84%|████████▍ | 658/782 [00:14<00:02, 46.69it/s]
 85%|████████▍ | 663/782 [00:14<00:02, 47.48it/s]
 85%|████████▌ | 668/782 [00:14<00:02, 47.70it/s]
 86%|████████▌ | 674/782 [00:14<00:02, 49.14it/s]
 87%|████████▋ | 679/782 [00:14<00:02, 48.88it/s]
 87%|████████▋ | 684/782 [00:14<00:02, 48.49it/s]
 88%|████████▊ | 689/782 [00:15<00:01, 47.83it/s]
 89%|████████▊ | 694/782 [00:15<00:01, 47.80it/s]
 89%|████████▉ | 699/782 [00:15<00:01, 47.48it/s]
 90%|█████████ | 704/782 [00:15<00:01, 47.22it/s]
 91%|█████████ | 709/782 [00:15<00:01, 46.35it/s]
 91%|█████████▏| 715/782 [00:15<00:01, 47.15it/s]
 92%|█████████▏| 720/782 [00:15<00:01, 47.26it/s]
 93%|█████████▎| 725/782 [00:15<00:01, 47.59it/s]
 93%|█████████▎| 730/782 [00:15<00:01, 47.72it/s]
 94%|█████████▍| 735/782 [00:15<00:00, 47.70it/s]
 95%|█████████▍| 741/782 [00:16<00:00, 48.17it/s]
 95%|█████████▌| 746/782 [00:16<00:00, 47.64it/s]
 96%|█████████▌| 751/782 [00:16<00:00, 46.99it/s]
 97%|█████████▋| 756/782 [00:16<00:00, 47.31it/s]
 97%|█████████▋| 761/782 [00:16<00:00, 47.46it/s]
 98%|█████████▊| 766/782 [00:16<00:00, 47.16it/s]
 99%|█████████▊| 771/782 [00:16<00:00, 46.78it/s]
 99%|█████████▉| 776/782 [00:16<00:00, 46.59it/s]
100%|█████████▉| 781/782 [00:16<00:00, 46.16it/s]
100%|██████████| 782/782 [00:17<00:00, 45.94it/s]
Model instantiation succeeded.
The training environment is set up successfully, using the following device: cuda.
Simulated training data created successfully.
Training step executed successfully.
  Train Loss: 2.1061, Test Loss: 2.1042
  Train Acc: 0.2308, Test Acc: 0.2300
  LR: 0.000001, Grad Norm: 1.8279, Throughput: 1500.2 samples/s
accuracy_to_time_metric 0.3900325029139933
  - Saved stats (fallback) to: /a/mm/ab/gpt/brute/ga/meta_evolution/stats_cifar10/img-classification_cifar-10_acc_GenFractalNet-86d502ce6d2d7a29b937b92b009ae8a8/1.json
  - Model persisted to ga_fractal_arch_cifar10/ (stats verified: 1 JSON file(s))

  ========================================
  >>> FITNESS SCORE: 23.00%  (source: hyperparameters.accuracy, checksum: 86d502ce6d2d7a29b937b92b009ae8a8)
  ========================================

  Evaluating Individual 14/20 ---- Generation: 3/5
  - Evaluating unique arch (checksum: ddc3095b...)
Evaluating /a/mm/out_nneval_tmp_pid_300/nn/tmp/GenFractalNet-ddc3095b6d81ab7db76a99483f685282-db5933f88f0849a3a8c5b831d045e9e2.py...
epoch 1

  0%|          | 0/782 [00:00<?, ?it/s]
  1%|          | 7/782 [00:00<00:11, 66.27it/s]
  3%|▎         | 22/782 [00:00<00:06, 112.14it/s]
  5%|▍         | 36/782 [00:00<00:06, 122.44it/s]
  7%|▋         | 51/782 [00:00<00:05, 130.55it/s]
  8%|▊         | 66/782 [00:00<00:05, 134.83it/s]
 10%|█         | 81/782 [00:00<00:05, 137.59it/s]
 12%|█▏        | 96/782 [00:00<00:04, 139.54it/s]
 14%|█▍        | 110/782 [00:00<00:04, 134.86it/s]
 16%|█▌        | 124/782 [00:00<00:05, 131.00it/s]
 18%|█▊        | 138/782 [00:01<00:05, 128.50it/s]
 19%|█▉        | 151/782 [00:01<00:05, 125.74it/s]
 21%|██        | 164/782 [00:01<00:04, 125.23it/s]
 23%|██▎       | 177/782 [00:01<00:04, 126.27it/s]
 24%|██▍       | 190/782 [00:01<00:04, 125.44it/s]
 26%|██▌       | 203/782 [00:01<00:04, 126.11it/s]
 28%|██▊       | 217/782 [00:01<00:04, 129.17it/s]
 30%|██▉       | 231/782 [00:01<00:04, 131.83it/s]
 31%|███▏      | 246/782 [00:01<00:03, 134.95it/s]
 33%|███▎      | 260/782 [00:02<00:03, 135.73it/s]
 35%|███▌      | 275/782 [00:02<00:03, 137.38it/s]
 37%|███▋      | 290/782 [00:02<00:03, 138.61it/s]
 39%|███▉      | 305/782 [00:02<00:03, 139.68it/s]
 41%|████      | 320/782 [00:02<00:03, 140.95it/s]
 43%|████▎     | 335/782 [00:02<00:03, 141.72it/s]
 45%|████▍     | 350/782 [00:02<00:03, 141.76it/s]
 47%|████▋     | 365/782 [00:02<00:02, 141.81it/s]
 49%|████▊     | 380/782 [00:02<00:02, 141.66it/s]
 51%|█████     | 395/782 [00:02<00:02, 142.09it/s]
 52%|█████▏    | 410/782 [00:03<00:02, 142.42it/s]
 54%|█████▍    | 425/782 [00:03<00:02, 142.05it/s]
 56%|█████▋    | 440/782 [00:03<00:02, 142.23it/s]
 58%|█████▊    | 455/782 [00:03<00:02, 140.46it/s]
 60%|██████    | 470/782 [00:03<00:02, 141.06it/s]
 62%|██████▏   | 485/782 [00:03<00:02, 140.56it/s]
 64%|██████▍   | 500/782 [00:03<00:01, 141.27it/s]
 66%|██████▌   | 515/782 [00:03<00:01, 141.48it/s]
 68%|██████▊   | 530/782 [00:03<00:01, 141.82it/s]
 70%|██████▉   | 545/782 [00:04<00:01, 141.23it/s]
 72%|███████▏  | 560/782 [00:04<00:01, 140.04it/s]
 74%|███████▎  | 575/782 [00:04<00:01, 141.42it/s]
 75%|███████▌  | 590/782 [00:04<00:01, 142.40it/s]
 77%|███████▋  | 605/782 [00:04<00:01, 143.47it/s]
 79%|███████▉  | 620/782 [00:04<00:01, 143.98it/s]
 81%|████████  | 635/782 [00:04<00:01, 144.34it/s]
 83%|████████▎ | 650/782 [00:04<00:00, 144.64it/s]
 85%|████████▌ | 665/782 [00:04<00:00, 144.71it/s]
 87%|████████▋ | 680/782 [00:04<00:00, 144.63it/s]
 89%|████████▉ | 695/782 [00:05<00:00, 144.03it/s]
 91%|█████████ | 710/782 [00:05<00:00, 144.53it/s]
 93%|█████████▎| 725/782 [00:05<00:00, 144.56it/s]
 95%|█████████▍| 740/782 [00:05<00:00, 144.34it/s]
 97%|█████████▋| 755/782 [00:05<00:00, 143.81it/s]
 98%|█████████▊| 770/782 [00:05<00:00, 144.43it/s]
100%|██████████| 782/782 [00:05<00:00, 137.24it/s]
Model instantiation succeeded.
The training environment is set up successfully, using the following device: cuda.
Simulated training data created successfully.
Training step executed successfully.
  Train Loss: 1.4375, Test Loss: 1.4418
  Train Acc: 0.4878, Test Acc: 0.4896
  LR: 0.000001, Grad Norm: 2.4065, Throughput: 2599.3 samples/s
accuracy_to_time_metric 2.0253770094833885
  - Saved stats (fallback) to: /a/mm/ab/gpt/brute/ga/meta_evolution/stats_cifar10/img-classification_cifar-10_acc_GenFractalNet-ddc3095b6d81ab7db76a99483f685282/1.json
  - Model persisted to ga_fractal_arch_cifar10/ (stats verified: 1 JSON file(s))

  ========================================
  >>> FITNESS SCORE: 48.96%  (source: hyperparameters.accuracy, checksum: ddc3095b6d81ab7db76a99483f685282)
  ========================================

  Evaluating Individual 15/20 ---- Generation: 3/5
  - Evaluating unique arch (checksum: 95c8d082...)
Evaluating /a/mm/out_nneval_tmp_pid_300/nn/tmp/GenFractalNet-95c8d0829d416e32a6e4c8b826ce3ae6-518d4d4f2d0994577fff1ed4237051f1.py...
epoch 1

  0%|          | 0/782 [00:00<?, ?it/s]
  1%|          | 8/782 [00:00<00:09, 77.78it/s]
  3%|▎         | 23/782 [00:00<00:06, 116.26it/s]
  5%|▍         | 38/782 [00:00<00:05, 128.98it/s]
  7%|▋         | 53/782 [00:00<00:05, 135.09it/s]
  9%|▊         | 68/782 [00:00<00:05, 137.99it/s]
 11%|█         | 83/782 [00:00<00:04, 140.40it/s]
 13%|█▎        | 98/782 [00:00<00:04, 141.69it/s]
 14%|█▍        | 113/782 [00:00<00:04, 142.27it/s]
 16%|█▋        | 128/782 [00:00<00:04, 142.59it/s]
 18%|█▊        | 143/782 [00:01<00:04, 142.70it/s]
 20%|██        | 158/782 [00:01<00:04, 142.20it/s]
 22%|██▏       | 173/782 [00:01<00:04, 142.68it/s]
 24%|██▍       | 188/782 [00:01<00:04, 142.64it/s]
 26%|██▌       | 203/782 [00:01<00:04, 142.49it/s]
 28%|██▊       | 218/782 [00:01<00:03, 142.67it/s]
 30%|██▉       | 233/782 [00:01<00:03, 142.81it/s]
 32%|███▏      | 248/782 [00:01<00:03, 142.19it/s]
 34%|███▎      | 263/782 [00:01<00:03, 141.74it/s]
 36%|███▌      | 278/782 [00:01<00:03, 141.80it/s]
 37%|███▋      | 293/782 [00:02<00:03, 142.44it/s]
 39%|███▉      | 308/782 [00:02<00:03, 142.57it/s]
 41%|████▏     | 323/782 [00:02<00:03, 142.69it/s]
 43%|████▎     | 338/782 [00:02<00:03, 142.28it/s]
 45%|████▌     | 353/782 [00:02<00:03, 141.72it/s]
 47%|████▋     | 368/782 [00:02<00:02, 141.52it/s]
 49%|████▉     | 383/782 [00:02<00:02, 141.82it/s]
 51%|█████     | 398/782 [00:02<00:02, 142.29it/s]
 53%|█████▎    | 413/782 [00:02<00:02, 142.48it/s]
 55%|█████▍    | 428/782 [00:03<00:02, 142.42it/s]
 57%|█████▋    | 443/782 [00:03<00:02, 142.23it/s]
 59%|█████▊    | 458/782 [00:03<00:02, 142.24it/s]
 60%|██████    | 473/782 [00:03<00:02, 142.48it/s]
 62%|██████▏   | 488/782 [00:03<00:02, 143.03it/s]
 64%|██████▍   | 503/782 [00:03<00:01, 143.30it/s]
 66%|██████▌   | 518/782 [00:03<00:01, 143.35it/s]
 68%|██████▊   | 533/782 [00:03<00:01, 143.45it/s]
 70%|███████   | 548/782 [00:03<00:01, 143.65it/s]
 72%|███████▏  | 563/782 [00:03<00:01, 143.60it/s]
 74%|███████▍  | 578/782 [00:04<00:01, 143.51it/s]
 76%|███████▌  | 593/782 [00:04<00:01, 143.69it/s]
 78%|███████▊  | 608/782 [00:04<00:01, 143.39it/s]
 80%|███████▉  | 623/782 [00:04<00:01, 142.87it/s]
 82%|████████▏ | 638/782 [00:04<00:01, 143.04it/s]
 84%|████████▎ | 653/782 [00:04<00:00, 142.91it/s]
 85%|████████▌ | 668/782 [00:04<00:00, 143.06it/s]
 87%|████████▋ | 683/782 [00:04<00:00, 143.36it/s]
 89%|████████▉ | 698/782 [00:04<00:00, 142.92it/s]
 91%|█████████ | 713/782 [00:05<00:00, 141.32it/s]
 93%|█████████▎| 728/782 [00:05<00:00, 140.53it/s]
 95%|█████████▌| 743/782 [00:05<00:00, 139.98it/s]
 97%|█████████▋| 758/782 [00:05<00:00, 139.86it/s]
 99%|█████████▉| 773/782 [00:05<00:00, 140.36it/s]
100%|██████████| 782/782 [00:05<00:00, 140.25it/s]
Model instantiation succeeded.
The training environment is set up successfully, using the following device: cuda.
Simulated training data created successfully.
Training step executed successfully.
  Train Loss: 1.4724, Test Loss: 1.4790
  Train Acc: 0.4694, Test Acc: 0.4595
  LR: 0.000001, Grad Norm: 0.4627, Throughput: 2566.3 samples/s
accuracy_to_time_metric 1.8451125371079695
  - Saved stats (fallback) to: /a/mm/ab/gpt/brute/ga/meta_evolution/stats_cifar10/img-classification_cifar-10_acc_GenFractalNet-95c8d0829d416e32a6e4c8b826ce3ae6/1.json
  - Model persisted to ga_fractal_arch_cifar10/ (stats verified: 1 JSON file(s))

  ========================================
  >>> FITNESS SCORE: 45.95%  (source: hyperparameters.accuracy, checksum: 95c8d0829d416e32a6e4c8b826ce3ae6)
  ========================================

  [Archive] Cell (3, 16) updated with fitness: 45.9500
  Evaluating Individual 16/20 ---- Generation: 3/5
  - Evaluating unique arch (checksum: 9791c7b0...)
Evaluating /a/mm/out_nneval_tmp_pid_300/nn/tmp/GenFractalNet-9791c7b0093be42d55e6e3c01a073d16-d93cec18b45750ae22f1acfbcd7d8198.py...
epoch 1

  0%|          | 0/782 [00:00<?, ?it/s]
  1%|          | 7/782 [00:00<00:11, 69.43it/s]
  3%|▎         | 21/782 [00:00<00:06, 108.96it/s]
  5%|▍         | 36/782 [00:00<00:06, 124.24it/s]
  7%|▋         | 51/782 [00:00<00:05, 130.83it/s]
  8%|▊         | 66/782 [00:00<00:05, 135.53it/s]
 10%|█         | 81/782 [00:00<00:05, 137.92it/s]
 12%|█▏        | 96/782 [00:00<00:04, 139.60it/s]
 14%|█▍        | 111/782 [00:00<00:04, 141.06it/s]
 16%|█▌        | 126/782 [00:00<00:04, 141.62it/s]
 18%|█▊        | 141/782 [00:01<00:04, 142.44it/s]
 20%|█▉        | 156/782 [00:01<00:04, 142.42it/s]
 22%|██▏       | 171/782 [00:01<00:04, 142.83it/s]
 24%|██▍       | 186/782 [00:01<00:04, 142.55it/s]
 26%|██▌       | 201/782 [00:01<00:04, 142.64it/s]
 28%|██▊       | 216/782 [00:01<00:03, 142.95it/s]
 30%|██▉       | 231/782 [00:01<00:03, 142.62it/s]
 31%|███▏      | 246/782 [00:01<00:03, 142.86it/s]
 33%|███▎      | 261/782 [00:01<00:03, 142.86it/s]
 35%|███▌      | 276/782 [00:01<00:03, 142.98it/s]
 37%|███▋      | 291/782 [00:02<00:03, 142.76it/s]
 39%|███▉      | 306/782 [00:02<00:03, 143.00it/s]
 41%|████      | 321/782 [00:02<00:03, 142.98it/s]
 43%|████▎     | 336/782 [00:02<00:03, 142.91it/s]
 45%|████▍     | 351/782 [00:02<00:03, 142.03it/s]
 47%|████▋     | 366/782 [00:02<00:02, 142.15it/s]
 49%|████▊     | 381/782 [00:02<00:02, 142.29it/s]
 51%|█████     | 396/782 [00:02<00:02, 142.48it/s]
 53%|█████▎    | 411/782 [00:02<00:02, 142.86it/s]
 54%|█████▍    | 426/782 [00:03<00:02, 142.45it/s]
 56%|█████▋    | 441/782 [00:03<00:02, 142.41it/s]
 58%|█████▊    | 456/782 [00:03<00:02, 142.74it/s]
 60%|██████    | 471/782 [00:03<00:02, 142.67it/s]
 62%|██████▏   | 486/782 [00:03<00:02, 142.99it/s]
 64%|██████▍   | 501/782 [00:03<00:01, 143.13it/s]
 66%|██████▌   | 516/782 [00:03<00:01, 143.00it/s]
 68%|██████▊   | 531/782 [00:03<00:01, 143.03it/s]
 70%|██████▉   | 546/782 [00:03<00:01, 142.93it/s]
 72%|███████▏  | 561/782 [00:03<00:01, 142.59it/s]
 74%|███████▎  | 576/782 [00:04<00:01, 136.56it/s]
 76%|███████▌  | 591/782 [00:04<00:01, 138.11it/s]
 77%|███████▋  | 606/782 [00:04<00:01, 139.95it/s]
 79%|███████▉  | 621/782 [00:04<00:01, 140.85it/s]
 81%|████████▏ | 636/782 [00:04<00:01, 141.10it/s]
 83%|████████▎ | 651/782 [00:04<00:00, 141.08it/s]
 85%|████████▌ | 666/782 [00:04<00:00, 141.51it/s]
 87%|████████▋ | 681/782 [00:04<00:00, 142.14it/s]
 89%|████████▉ | 696/782 [00:04<00:00, 142.22it/s]
 91%|█████████ | 711/782 [00:05<00:00, 142.57it/s]
 93%|█████████▎| 726/782 [00:05<00:00, 142.83it/s]
 95%|█████████▍| 741/782 [00:05<00:00, 143.02it/s]
 97%|█████████▋| 756/782 [00:05<00:00, 143.17it/s]
 99%|█████████▊| 771/782 [00:05<00:00, 143.04it/s]
100%|██████████| 782/782 [00:05<00:00, 139.99it/s]
Model instantiation succeeded.
The training environment is set up successfully, using the following device: cuda.
Simulated training data created successfully.
Training step executed successfully.
  Train Loss: 1.9645, Test Loss: 1.9640
  Train Acc: 0.2237, Test Acc: 0.2220
  LR: 0.000001, Grad Norm: 1.8349, Throughput: 2603.0 samples/s
accuracy_to_time_metric 0.6351205180073639
  - Saved stats (fallback) to: /a/mm/ab/gpt/brute/ga/meta_evolution/stats_cifar10/img-classification_cifar-10_acc_GenFractalNet-9791c7b0093be42d55e6e3c01a073d16/1.json
  - Model persisted to ga_fractal_arch_cifar10/ (stats verified: 1 JSON file(s))

  ========================================
  >>> FITNESS SCORE: 22.20%  (source: hyperparameters.accuracy, checksum: 9791c7b0093be42d55e6e3c01a073d16)
  ========================================

  Evaluating Individual 17/20 ---- Generation: 3/5
  - Evaluating unique arch (checksum: 92689b21...)
Evaluating /a/mm/out_nneval_tmp_pid_300/nn/tmp/GenFractalNet-92689b21b23c44c8f341d6f9363d88ed-81087d14bf4b917b4d54786670f069b4.py...
epoch 1

  0%|          | 0/782 [00:00<?, ?it/s]
  1%|          | 8/782 [00:00<00:10, 75.48it/s]
  3%|▎         | 23/782 [00:00<00:06, 115.28it/s]
  5%|▍         | 38/782 [00:00<00:05, 127.70it/s]
  7%|▋         | 53/782 [00:00<00:05, 133.01it/s]
  9%|▊         | 68/782 [00:00<00:05, 136.67it/s]
 11%|█         | 83/782 [00:00<00:05, 138.64it/s]
 12%|█▏        | 97/782 [00:00<00:04, 138.62it/s]
 14%|█▍        | 111/782 [00:00<00:04, 136.63it/s]
 16%|█▌        | 125/782 [00:00<00:04, 134.69it/s]
 18%|█▊        | 139/782 [00:01<00:04, 133.64it/s]
 20%|█▉        | 153/782 [00:01<00:04, 134.69it/s]
 21%|██▏       | 168/782 [00:01<00:04, 137.14it/s]
 23%|██▎       | 183/782 [00:01<00:04, 138.20it/s]
 25%|██▌       | 198/782 [00:01<00:04, 139.28it/s]
 27%|██▋       | 212/782 [00:01<00:04, 139.24it/s]
 29%|██▉       | 226/782 [00:01<00:04, 133.62it/s]
 31%|███       | 241/782 [00:01<00:03, 136.19it/s]
 33%|███▎      | 256/782 [00:01<00:03, 137.53it/s]
 35%|███▍      | 271/782 [00:02<00:03, 139.24it/s]
 37%|███▋      | 286/782 [00:02<00:03, 140.15it/s]
 38%|███▊      | 301/782 [00:02<00:03, 141.21it/s]
 40%|████      | 316/782 [00:02<00:03, 141.47it/s]
 42%|████▏     | 331/782 [00:02<00:03, 141.75it/s]
 44%|████▍     | 346/782 [00:02<00:03, 141.00it/s]
 46%|████▌     | 361/782 [00:02<00:02, 140.93it/s]
 48%|████▊     | 376/782 [00:02<00:02, 140.87it/s]
 50%|█████     | 391/782 [00:02<00:02, 141.42it/s]
 52%|█████▏    | 406/782 [00:02<00:02, 141.75it/s]
 54%|█████▍    | 421/782 [00:03<00:02, 142.25it/s]
 56%|█████▌    | 436/782 [00:03<00:02, 142.58it/s]
 58%|█████▊    | 451/782 [00:03<00:02, 142.60it/s]
 60%|█████▉    | 466/782 [00:03<00:02, 140.70it/s]
 62%|██████▏   | 481/782 [00:03<00:02, 141.32it/s]
 63%|██████▎   | 496/782 [00:03<00:02, 141.58it/s]
 65%|██████▌   | 511/782 [00:03<00:01, 142.03it/s]
 67%|██████▋   | 526/782 [00:03<00:01, 142.28it/s]
 69%|██████▉   | 541/782 [00:03<00:01, 142.49it/s]
 71%|███████   | 556/782 [00:04<00:01, 142.54it/s]
 73%|███████▎  | 571/782 [00:04<00:01, 142.61it/s]
 75%|███████▍  | 586/782 [00:04<00:01, 142.79it/s]
 77%|███████▋  | 601/782 [00:04<00:01, 142.40it/s]
 79%|███████▉  | 616/782 [00:04<00:01, 142.57it/s]
 81%|████████  | 631/782 [00:04<00:01, 142.31it/s]
 83%|████████▎ | 646/782 [00:04<00:00, 142.30it/s]
 85%|████████▍ | 661/782 [00:04<00:00, 142.40it/s]
 86%|████████▋ | 676/782 [00:04<00:00, 142.48it/s]
 88%|████████▊ | 691/782 [00:04<00:00, 139.65it/s]
 90%|█████████ | 706/782 [00:05<00:00, 140.17it/s]
 92%|█████████▏| 721/782 [00:05<00:00, 141.31it/s]
 94%|█████████▍| 736/782 [00:05<00:00, 140.11it/s]
 96%|█████████▌| 751/782 [00:05<00:00, 133.19it/s]
 98%|█████████▊| 765/782 [00:05<00:00, 133.20it/s]
100%|█████████▉| 780/782 [00:05<00:00, 134.64it/s]
100%|██████████| 782/782 [00:05<00:00, 137.87it/s]
Model instantiation succeeded.
The training environment is set up successfully, using the following device: cuda.
Simulated training data created successfully.
Training step executed successfully.
  Train Loss: 1.9067, Test Loss: 1.9049
  Train Acc: 0.2343, Test Acc: 0.2323
  LR: 0.000001, Grad Norm: 0.2836, Throughput: 2613.7 samples/s
accuracy_to_time_metric 0.6915721607298841
  - Saved stats (fallback) to: /a/mm/ab/gpt/brute/ga/meta_evolution/stats_cifar10/img-classification_cifar-10_acc_GenFractalNet-92689b21b23c44c8f341d6f9363d88ed/1.json
  - Model persisted to ga_fractal_arch_cifar10/ (stats verified: 1 JSON file(s))

  ========================================
  >>> FITNESS SCORE: 23.23%  (source: hyperparameters.accuracy, checksum: 92689b21b23c44c8f341d6f9363d88ed)
  ========================================

  Evaluating Individual 18/20 ---- Generation: 3/5
  - Duplicate 9c5b43e9: reusing cached fitness 57.27% (from fitness_cache)
  Evaluating Individual 19/20 ---- Generation: 3/5
  - Evaluating unique arch (checksum: b64d4d9d...)
Evaluating /a/mm/out_nneval_tmp_pid_300/nn/tmp/GenFractalNet-b64d4d9d1ef16226f53ff5e0fd2b8656-7f36fc8b8912da2b0cc323dfc0c1cadd.py...
epoch 1

  0%|          | 0/782 [00:00<?, ?it/s]
  1%|          | 7/782 [00:00<00:11, 66.30it/s]
  3%|▎         | 22/782 [00:00<00:06, 111.30it/s]
  5%|▍         | 37/782 [00:00<00:05, 126.18it/s]
  7%|▋         | 51/782 [00:00<00:05, 129.07it/s]
  8%|▊         | 64/782 [00:00<00:05, 122.92it/s]
 10%|█         | 79/782 [00:00<00:05, 129.68it/s]
 12%|█▏        | 93/782 [00:00<00:05, 131.68it/s]
 14%|█▎        | 107/782 [00:00<00:05, 133.78it/s]
 16%|█▌        | 122/782 [00:00<00:04, 137.16it/s]
 18%|█▊        | 137/782 [00:01<00:04, 138.90it/s]
 19%|█▉        | 152/782 [00:01<00:04, 140.78it/s]
 21%|██▏       | 167/782 [00:01<00:04, 141.45it/s]
 23%|██▎       | 182/782 [00:01<00:04, 142.12it/s]
 25%|██▌       | 197/782 [00:01<00:04, 142.65it/s]
 27%|██▋       | 212/782 [00:01<00:03, 143.26it/s]
 29%|██▉       | 227/782 [00:01<00:03, 143.60it/s]
 31%|███       | 242/782 [00:01<00:03, 143.51it/s]
 33%|███▎      | 257/782 [00:01<00:03, 143.75it/s]
 35%|███▍      | 272/782 [00:01<00:03, 143.93it/s]
 37%|███▋      | 287/782 [00:02<00:03, 144.13it/s]
 39%|███▊      | 302/782 [00:02<00:03, 144.35it/s]
 41%|████      | 317/782 [00:02<00:03, 144.12it/s]
 42%|████▏     | 332/782 [00:02<00:03, 144.34it/s]
 44%|████▍     | 347/782 [00:02<00:03, 144.30it/s]
 46%|████▋     | 362/782 [00:02<00:02, 144.25it/s]
 48%|████▊     | 377/782 [00:02<00:02, 144.26it/s]
 50%|█████     | 392/782 [00:02<00:02, 144.40it/s]
 52%|█████▏    | 407/782 [00:02<00:02, 144.32it/s]
 54%|█████▍    | 422/782 [00:03<00:02, 143.47it/s]
 56%|█████▌    | 437/782 [00:03<00:02, 142.91it/s]
 58%|█████▊    | 452/782 [00:03<00:02, 142.62it/s]
 60%|█████▉    | 467/782 [00:03<00:02, 142.60it/s]
 62%|██████▏   | 482/782 [00:03<00:02, 142.06it/s]
 64%|██████▎   | 497/782 [00:03<00:02, 140.67it/s]
 65%|██████▌   | 512/782 [00:03<00:01, 139.04it/s]
 67%|██████▋   | 527/782 [00:03<00:01, 139.31it/s]
 69%|██████▉   | 541/782 [00:03<00:01, 138.90it/s]
 71%|███████   | 555/782 [00:03<00:01, 139.09it/s]
 73%|███████▎  | 569/782 [00:04<00:01, 138.98it/s]
 75%|███████▍  | 583/782 [00:04<00:01, 138.78it/s]
 76%|███████▋  | 598/782 [00:04<00:01, 139.39it/s]
 78%|███████▊  | 612/782 [00:04<00:01, 138.58it/s]
 80%|████████  | 626/782 [00:04<00:01, 138.40it/s]
 82%|████████▏ | 640/782 [00:04<00:01, 138.24it/s]
 84%|████████▎ | 654/782 [00:04<00:00, 137.13it/s]
 86%|████████▌ | 669/782 [00:04<00:00, 138.28it/s]
 87%|████████▋ | 683/782 [00:04<00:00, 138.70it/s]
 89%|████████▉ | 698/782 [00:05<00:00, 139.18it/s]
 91%|█████████ | 712/782 [00:05<00:00, 138.00it/s]
 93%|█████████▎| 727/782 [00:05<00:00, 139.18it/s]
 95%|█████████▍| 742/782 [00:05<00:00, 139.98it/s]
 97%|█████████▋| 757/782 [00:05<00:00, 140.22it/s]
 99%|█████████▊| 772/782 [00:05<00:00, 140.55it/s]
100%|██████████| 782/782 [00:05<00:00, 138.45it/s]
Model instantiation succeeded.
The training environment is set up successfully, using the following device: cuda.
Simulated training data created successfully.
Training step executed successfully.
  Train Loss: 1.6088, Test Loss: 1.6050
  Train Acc: 0.4066, Test Acc: 0.4162
  LR: 0.000000, Grad Norm: 0.4513, Throughput: 2570.3 samples/s
accuracy_to_time_metric 1.625459773210208
  - Saved stats (fallback) to: /a/mm/ab/gpt/brute/ga/meta_evolution/stats_cifar10/img-classification_cifar-10_acc_GenFractalNet-b64d4d9d1ef16226f53ff5e0fd2b8656/1.json
  - Model persisted to ga_fractal_arch_cifar10/ (stats verified: 1 JSON file(s))

  ========================================
  >>> FITNESS SCORE: 41.62%  (source: hyperparameters.accuracy, checksum: b64d4d9d1ef16226f53ff5e0fd2b8656)
  ========================================

  Evaluating Individual 20/20 ---- Generation: 3/5
  - Evaluating unique arch (checksum: 4a8fe46f...)
Evaluating /a/mm/out_nneval_tmp_pid_300/nn/tmp/GenFractalNet-4a8fe46fe238597242095a1060398429-26f1c36b34a8c576187b518e4369a3af.py...
epoch 1

  0%|          | 0/782 [00:00<?, ?it/s]
  1%|          | 4/782 [00:00<00:21, 36.25it/s]
  2%|▏         | 13/782 [00:00<00:12, 63.67it/s]
  3%|▎         | 22/782 [00:00<00:10, 73.10it/s]
  4%|▍         | 31/782 [00:00<00:09, 78.06it/s]
  5%|▌         | 40/782 [00:00<00:09, 81.05it/s]
  6%|▋         | 49/782 [00:00<00:08, 82.92it/s]
  7%|▋         | 58/782 [00:00<00:08, 83.87it/s]
  9%|▊         | 67/782 [00:00<00:08, 84.39it/s]
 10%|▉         | 76/782 [00:00<00:08, 85.24it/s]
 11%|█         | 85/782 [00:01<00:08, 85.74it/s]
 12%|█▏        | 94/782 [00:01<00:07, 86.55it/s]
 13%|█▎        | 103/782 [00:01<00:07, 86.67it/s]
 14%|█▍        | 112/782 [00:01<00:07, 86.88it/s]
 15%|█▌        | 121/782 [00:01<00:07, 87.52it/s]
 17%|█▋        | 130/782 [00:01<00:07, 87.14it/s]
 18%|█▊        | 139/782 [00:01<00:07, 87.05it/s]
 19%|█▉        | 148/782 [00:01<00:07, 86.80it/s]
 20%|██        | 157/782 [00:01<00:07, 86.83it/s]
 21%|██        | 166/782 [00:01<00:07, 86.38it/s]
 22%|██▏       | 175/782 [00:02<00:07, 86.56it/s]
 24%|██▎       | 184/782 [00:02<00:06, 86.00it/s]
 25%|██▍       | 193/782 [00:02<00:06, 86.00it/s]
 26%|██▌       | 202/782 [00:02<00:06, 85.80it/s]
 27%|██▋       | 211/782 [00:02<00:06, 86.17it/s]
 28%|██▊       | 220/782 [00:02<00:06, 86.19it/s]
 29%|██▉       | 229/782 [00:02<00:06, 85.42it/s]
 30%|███       | 238/782 [00:02<00:06, 85.20it/s]
 32%|███▏      | 247/782 [00:02<00:06, 84.88it/s]
 33%|███▎      | 256/782 [00:03<00:06, 85.06it/s]
 34%|███▍      | 265/782 [00:03<00:06, 84.29it/s]
 35%|███▌      | 274/782 [00:03<00:06, 83.91it/s]
 36%|███▌      | 283/782 [00:03<00:05, 84.68it/s]
 37%|███▋      | 292/782 [00:03<00:05, 85.47it/s]
 38%|███▊      | 301/782 [00:03<00:05, 83.94it/s]
 40%|███▉      | 310/782 [00:03<00:05, 80.74it/s]
 41%|████      | 319/782 [00:03<00:05, 81.02it/s]
 42%|████▏     | 328/782 [00:03<00:05, 82.72it/s]
 43%|████▎     | 337/782 [00:04<00:05, 83.93it/s]
 44%|████▍     | 346/782 [00:04<00:05, 85.09it/s]
 45%|████▌     | 355/782 [00:04<00:05, 84.18it/s]
 47%|████▋     | 364/782 [00:04<00:04, 84.89it/s]
 48%|████▊     | 373/782 [00:04<00:04, 83.89it/s]
 49%|████▉     | 382/782 [00:04<00:04, 85.15it/s]
 50%|█████     | 391/782 [00:04<00:04, 85.34it/s]
 51%|█████     | 400/782 [00:04<00:04, 84.77it/s]
 52%|█████▏    | 409/782 [00:04<00:04, 85.22it/s]
 53%|█████▎    | 418/782 [00:04<00:04, 85.76it/s]
 55%|█████▍    | 427/782 [00:05<00:04, 83.37it/s]
 56%|█████▌    | 436/782 [00:05<00:04, 82.71it/s]
 57%|█████▋    | 445/782 [00:05<00:04, 83.09it/s]
 58%|█████▊    | 454/782 [00:05<00:03, 82.22it/s]
 59%|█████▉    | 463/782 [00:05<00:03, 81.85it/s]
 60%|██████    | 472/782 [00:05<00:03, 83.05it/s]
 62%|██████▏   | 481/782 [00:05<00:03, 84.54it/s]
 63%|██████▎   | 490/782 [00:05<00:03, 84.10it/s]
 64%|██████▍   | 499/782 [00:05<00:03, 83.68it/s]
 65%|██████▍   | 508/782 [00:06<00:03, 83.19it/s]
 66%|██████▌   | 517/782 [00:06<00:03, 84.67it/s]
 67%|██████▋   | 526/782 [00:06<00:03, 84.90it/s]
 68%|██████▊   | 535/782 [00:06<00:02, 84.61it/s]
 70%|██████▉   | 544/782 [00:06<00:02, 84.31it/s]
 71%|███████   | 553/782 [00:06<00:02, 84.68it/s]
 72%|███████▏  | 562/782 [00:06<00:02, 84.04it/s]
 73%|███████▎  | 571/782 [00:06<00:02, 84.83it/s]
 74%|███████▍  | 580/782 [00:06<00:02, 84.77it/s]
 75%|███████▌  | 589/782 [00:07<00:02, 84.40it/s]
 76%|███████▋  | 598/782 [00:07<00:02, 84.95it/s]
 78%|███████▊  | 607/782 [00:07<00:02, 85.24it/s]
 79%|███████▉  | 616/782 [00:07<00:01, 85.67it/s]
 80%|███████▉  | 625/782 [00:07<00:01, 86.02it/s]
 81%|████████  | 634/782 [00:07<00:01, 86.09it/s]
 82%|████████▏ | 643/782 [00:07<00:01, 86.35it/s]
 83%|████████▎ | 652/782 [00:07<00:01, 86.40it/s]
 85%|████████▍ | 661/782 [00:07<00:01, 86.27it/s]
 86%|████████▌ | 670/782 [00:07<00:01, 85.41it/s]
 87%|████████▋ | 679/782 [00:08<00:01, 85.42it/s]
 88%|████████▊ | 688/782 [00:08<00:01, 85.11it/s]
 89%|████████▉ | 697/782 [00:08<00:00, 85.24it/s]
 90%|█████████ | 706/782 [00:08<00:00, 84.81it/s]
 91%|█████████▏| 715/782 [00:08<00:00, 84.67it/s]
 93%|█████████▎| 724/782 [00:08<00:00, 85.17it/s]
 94%|█████████▎| 733/782 [00:08<00:00, 85.01it/s]
 95%|█████████▍| 742/782 [00:08<00:00, 85.72it/s]
 96%|█████████▌| 751/782 [00:08<00:00, 85.13it/s]
 97%|█████████▋| 760/782 [00:09<00:00, 85.35it/s]
 98%|█████████▊| 769/782 [00:09<00:00, 84.89it/s]
 99%|█████████▉| 778/782 [00:09<00:00, 85.01it/s]
100%|██████████| 782/782 [00:09<00:00, 84.05it/s]
Model instantiation succeeded.
The training environment is set up successfully, using the following device: cuda.
Simulated training data created successfully.
Training step executed successfully.
  Train Loss: 1.8843, Test Loss: 1.8822
  Train Acc: 0.2876, Test Acc: 0.2947
  LR: 0.000001, Grad Norm: 0.4375, Throughput: 2191.8 samples/s
accuracy_to_time_metric 0.8534626139716326
  - Saved stats (fallback) to: /a/mm/ab/gpt/brute/ga/meta_evolution/stats_cifar10/img-classification_cifar-10_acc_GenFractalNet-4a8fe46fe238597242095a1060398429/1.json
  - Model persisted to ga_fractal_arch_cifar10/ (stats verified: 1 JSON file(s))

  ========================================
  >>> FITNESS SCORE: 29.47%  (source: hyperparameters.accuracy, checksum: 4a8fe46fe238597242095a1060398429)
  ========================================



 >>> GENERATION 4 <<<

  Evaluating Individual 6/20 ---- Generation: 4/5
  - Evaluating unique arch (checksum: 52f585fb...)
Evaluating /a/mm/out_nneval_tmp_pid_300/nn/tmp/GenFractalNet-52f585fb722c22a2c56fe454ebcbf8a6-ec281d44f619e5d307ca52a40da2c742.py...
epoch 1

  0%|          | 0/782 [00:00<?, ?it/s]
  0%|          | 2/782 [00:00<00:48, 16.09it/s]
  1%|          | 5/782 [00:00<00:34, 22.85it/s]
  1%|          | 8/782 [00:00<00:30, 25.62it/s]
  2%|▏         | 12/782 [00:00<00:27, 27.94it/s]
  2%|▏         | 15/782 [00:00<00:27, 28.37it/s]
  2%|▏         | 18/782 [00:00<00:26, 28.46it/s]
  3%|▎         | 21/782 [00:00<00:26, 28.32it/s]
  3%|▎         | 25/782 [00:00<00:26, 28.62it/s]
  4%|▎         | 28/782 [00:01<00:26, 28.39it/s]
  4%|▍         | 31/782 [00:01<00:26, 28.33it/s]
  4%|▍         | 35/782 [00:01<00:25, 28.76it/s]
  5%|▍         | 38/782 [00:01<00:25, 29.00it/s]
  5%|▌         | 41/782 [00:01<00:25, 28.77it/s]
  6%|▌         | 45/782 [00:01<00:25, 29.42it/s]
  6%|▋         | 49/782 [00:01<00:24, 29.86it/s]
  7%|▋         | 52/782 [00:01<00:24, 29.40it/s]
  7%|▋         | 55/782 [00:01<00:25, 29.04it/s]
  7%|▋         | 58/782 [00:02<00:25, 28.75it/s]
  8%|▊         | 61/782 [00:02<00:25, 28.39it/s]
  8%|▊         | 65/782 [00:02<00:24, 29.51it/s]
  9%|▊         | 68/782 [00:02<00:24, 29.03it/s]
  9%|▉         | 71/782 [00:02<00:25, 27.73it/s]
  9%|▉         | 74/782 [00:02<00:25, 28.09it/s]
 10%|▉         | 77/782 [00:02<00:25, 27.87it/s]
 10%|█         | 80/782 [00:02<00:24, 28.20it/s]
 11%|█         | 83/782 [00:02<00:24, 28.35it/s]
 11%|█         | 87/782 [00:03<00:23, 29.25it/s]
 12%|█▏        | 90/782 [00:03<00:23, 29.12it/s]
 12%|█▏        | 93/782 [00:03<00:23, 29.31it/s]
 12%|█▏        | 96/782 [00:03<00:23, 29.40it/s]
 13%|█▎        | 99/782 [00:03<00:23, 28.85it/s]
 13%|█▎        | 102/782 [00:03<00:23, 28.82it/s]
 13%|█▎        | 105/782 [00:03<00:23, 28.81it/s]
 14%|█▍        | 108/782 [00:03<00:23, 28.48it/s]
 14%|█▍        | 111/782 [00:03<00:23, 28.37it/s]
 15%|█▍        | 115/782 [00:04<00:23, 28.80it/s]
 15%|█▌        | 118/782 [00:04<00:23, 28.42it/s]
 15%|█▌        | 121/782 [00:04<00:23, 28.70it/s]
 16%|█▌        | 124/782 [00:04<00:23, 28.16it/s]
 16%|█▌        | 127/782 [00:04<00:23, 28.01it/s]
 17%|█▋        | 130/782 [00:04<00:23, 28.18it/s]
 17%|█▋        | 134/782 [00:04<00:22, 29.01it/s]
 18%|█▊        | 137/782 [00:04<00:22, 28.94it/s]
 18%|█▊        | 140/782 [00:04<00:22, 28.71it/s]
 18%|█▊        | 144/782 [00:05<00:21, 29.02it/s]
 19%|█▉        | 147/782 [00:05<00:21, 29.04it/s]
 19%|█▉        | 150/782 [00:05<00:21, 28.99it/s]
 20%|█▉        | 154/782 [00:05<00:21, 29.54it/s]
 20%|██        | 157/782 [00:05<00:21, 29.24it/s]
 20%|██        | 160/782 [00:05<00:21, 28.65it/s]
 21%|██        | 163/782 [00:05<00:21, 28.45it/s]
 21%|██        | 166/782 [00:05<00:21, 28.57it/s]
 22%|██▏       | 169/782 [00:05<00:21, 28.27it/s]
 22%|██▏       | 172/782 [00:06<00:21, 28.25it/s]
 22%|██▏       | 175/782 [00:06<00:21, 28.47it/s]
 23%|██▎       | 178/782 [00:06<00:21, 28.59it/s]
 23%|██▎       | 181/782 [00:06<00:21, 28.50it/s]
 24%|██▎       | 184/782 [00:06<00:21, 28.32it/s]
 24%|██▍       | 187/782 [00:06<00:20, 28.60it/s]
 24%|██▍       | 191/782 [00:06<00:19, 29.68it/s]
 25%|██▍       | 194/782 [00:06<00:20, 29.19it/s]
 25%|██▌       | 198/782 [00:06<00:19, 29.44it/s]
 26%|██▌       | 201/782 [00:07<00:20, 28.94it/s]
 26%|██▌       | 204/782 [00:07<00:20, 28.78it/s]
 27%|██▋       | 208/782 [00:07<00:19, 29.25it/s]
 27%|██▋       | 211/782 [00:07<00:19, 29.21it/s]
 27%|██▋       | 215/782 [00:07<00:18, 29.89it/s]
 28%|██▊       | 218/782 [00:07<00:19, 29.59it/s]
 28%|██▊       | 221/782 [00:07<00:19, 29.39it/s]
 29%|██▉       | 225/782 [00:07<00:18, 29.79it/s]
 29%|██▉       | 229/782 [00:07<00:18, 30.18it/s]
 30%|██▉       | 233/782 [00:08<00:18, 29.98it/s]
 30%|███       | 237/782 [00:08<00:18, 29.96it/s]
 31%|███       | 240/782 [00:08<00:18, 29.91it/s]
 31%|███       | 243/782 [00:08<00:18, 29.63it/s]
 31%|███▏      | 246/782 [00:08<00:18, 29.73it/s]
 32%|███▏      | 250/782 [00:08<00:17, 29.91it/s]
 32%|███▏      | 253/782 [00:08<00:17, 29.73it/s]
 33%|███▎      | 256/782 [00:08<00:17, 29.75it/s]
 33%|███▎      | 259/782 [00:08<00:17, 29.35it/s]
 34%|███▎      | 262/782 [00:09<00:17, 29.16it/s]
 34%|███▍      | 265/782 [00:09<00:17, 29.15it/s]
 34%|███▍      | 268/782 [00:09<00:17, 29.01it/s]
 35%|███▍      | 272/782 [00:09<00:17, 29.26it/s]
 35%|███▌      | 275/782 [00:09<00:17, 29.14it/s]
 36%|███▌      | 279/782 [00:09<00:16, 30.00it/s]
 36%|███▌      | 283/782 [00:09<00:16, 29.85it/s]
 37%|███▋      | 286/782 [00:09<00:16, 29.61it/s]
 37%|███▋      | 289/782 [00:09<00:16, 29.52it/s]
 37%|███▋      | 293/782 [00:10<00:16, 30.29it/s]
 38%|███▊      | 297/782 [00:10<00:16, 29.83it/s]
 38%|███▊      | 300/782 [00:10<00:16, 29.28it/s]
 39%|███▊      | 303/782 [00:10<00:16, 29.38it/s]
 39%|███▉      | 306/782 [00:10<00:16, 29.53it/s]
 40%|███▉      | 310/782 [00:10<00:15, 29.66it/s]
 40%|████      | 314/782 [00:10<00:15, 30.26it/s]
 41%|████      | 318/782 [00:10<00:15, 30.10it/s]
 41%|████      | 322/782 [00:11<00:15, 29.64it/s]
 42%|████▏     | 325/782 [00:11<00:15, 29.44it/s]
 42%|████▏     | 328/782 [00:11<00:15, 28.94it/s]
 42%|████▏     | 331/782 [00:11<00:15, 28.82it/s]
 43%|████▎     | 334/782 [00:11<00:15, 28.22it/s]
 43%|████▎     | 337/782 [00:11<00:15, 28.35it/s]
 43%|████▎     | 340/782 [00:11<00:15, 28.52it/s]
 44%|████▍     | 344/782 [00:11<00:15, 28.94it/s]
 44%|████▍     | 347/782 [00:11<00:15, 28.57it/s]
 45%|████▍     | 350/782 [00:12<00:15, 28.58it/s]
 45%|████▌     | 354/782 [00:12<00:14, 29.27it/s]
 46%|████▌     | 357/782 [00:12<00:14, 29.03it/s]
 46%|████▌     | 360/782 [00:12<00:14, 28.30it/s]
 46%|████▋     | 363/782 [00:12<00:14, 28.55it/s]
 47%|████▋     | 366/782 [00:12<00:14, 28.28it/s]
 47%|████▋     | 369/782 [00:12<00:14, 28.62it/s]
 48%|████▊     | 372/782 [00:12<00:14, 28.89it/s]
 48%|████▊     | 376/782 [00:12<00:13, 29.65it/s]
 48%|████▊     | 379/782 [00:13<00:13, 29.57it/s]
 49%|████▉     | 382/782 [00:13<00:13, 29.14it/s]
 49%|████▉     | 385/782 [00:13<00:13, 29.14it/s]
 50%|████▉     | 388/782 [00:13<00:13, 28.94it/s]
 50%|█████     | 391/782 [00:13<00:13, 28.99it/s]
 50%|█████     | 394/782 [00:13<00:13, 28.71it/s]
 51%|█████     | 397/782 [00:13<00:13, 28.47it/s]
 51%|█████     | 400/782 [00:13<00:13, 28.58it/s]
 52%|█████▏    | 403/782 [00:13<00:13, 28.67it/s]
 52%|█████▏    | 406/782 [00:14<00:13, 28.72it/s]
 52%|█████▏    | 409/782 [00:14<00:13, 28.58it/s]
 53%|█████▎    | 412/782 [00:14<00:13, 27.82it/s]
 53%|█████▎    | 415/782 [00:14<00:13, 27.93it/s]
 53%|█████▎    | 418/782 [00:14<00:13, 27.85it/s]
 54%|█████▍    | 422/782 [00:14<00:12, 28.44it/s]
 54%|█████▍    | 425/782 [00:14<00:12, 28.72it/s]
 55%|█████▍    | 428/782 [00:14<00:12, 28.63it/s]
 55%|█████▌    | 431/782 [00:14<00:12, 28.41it/s]
 55%|█████▌    | 434/782 [00:15<00:12, 28.83it/s]
 56%|█████▌    | 437/782 [00:15<00:11, 28.98it/s]
 56%|█████▋    | 441/782 [00:15<00:11, 29.28it/s]
 57%|█████▋    | 444/782 [00:15<00:11, 28.71it/s]
 57%|█████▋    | 447/782 [00:15<00:11, 28.52it/s]
 58%|█████▊    | 450/782 [00:15<00:11, 28.74it/s]
 58%|█████▊    | 453/782 [00:15<00:11, 29.06it/s]
 58%|█████▊    | 456/782 [00:15<00:11, 29.05it/s]
 59%|█████▊    | 459/782 [00:15<00:11, 29.15it/s]
 59%|█████▉    | 463/782 [00:16<00:10, 29.37it/s]
 60%|█████▉    | 467/782 [00:16<00:10, 29.58it/s]
 60%|██████    | 470/782 [00:16<00:10, 28.87it/s]
 60%|██████    | 473/782 [00:16<00:10, 29.00it/s]
 61%|██████    | 476/782 [00:16<00:10, 29.08it/s]
 61%|██████▏   | 480/782 [00:16<00:10, 29.42it/s]
 62%|██████▏   | 483/782 [00:16<00:10, 29.43it/s]
 62%|██████▏   | 487/782 [00:16<00:09, 29.61it/s]
 63%|██████▎   | 490/782 [00:16<00:10, 28.90it/s]
 63%|██████▎   | 493/782 [00:17<00:10, 28.76it/s]
 63%|██████▎   | 496/782 [00:17<00:09, 28.94it/s]
 64%|██████▍   | 499/782 [00:17<00:09, 29.19it/s]
 64%|██████▍   | 502/782 [00:17<00:09, 29.26it/s]
 65%|██████▍   | 505/782 [00:17<00:09, 28.79it/s]
 65%|██████▍   | 508/782 [00:17<00:09, 28.43it/s]
 65%|██████▌   | 511/782 [00:17<00:09, 28.76it/s]
 66%|██████▌   | 514/782 [00:17<00:09, 28.96it/s]
 66%|██████▌   | 517/782 [00:17<00:09, 28.53it/s]
 66%|██████▋   | 520/782 [00:17<00:09, 28.69it/s]
 67%|██████▋   | 523/782 [00:18<00:09, 28.64it/s]
 67%|██████▋   | 527/782 [00:18<00:08, 29.76it/s]
 68%|██████▊   | 530/782 [00:18<00:08, 29.78it/s]
 68%|██████▊   | 534/782 [00:18<00:08, 30.09it/s]
 69%|██████▊   | 537/782 [00:18<00:08, 29.82it/s]
 69%|██████▉   | 541/782 [00:18<00:07, 30.20it/s]
 70%|██████▉   | 545/782 [00:18<00:07, 29.63it/s]
 70%|███████   | 548/782 [00:18<00:07, 29.64it/s]
 71%|███████   | 552/782 [00:19<00:07, 29.91it/s]
 71%|███████   | 555/782 [00:19<00:07, 29.77it/s]
 71%|███████▏  | 558/782 [00:19<00:07, 29.09it/s]
 72%|███████▏  | 561/782 [00:19<00:07, 28.46it/s]
 72%|███████▏  | 564/782 [00:19<00:07, 28.53it/s]
 73%|███████▎  | 567/782 [00:19<00:07, 27.98it/s]
 73%|███████▎  | 570/782 [00:19<00:07, 28.15it/s]
 73%|███████▎  | 573/782 [00:19<00:07, 27.72it/s]
 74%|███████▎  | 576/782 [00:19<00:07, 28.02it/s]
 74%|███████▍  | 579/782 [00:20<00:07, 28.03it/s]
 74%|███████▍  | 582/782 [00:20<00:07, 28.45it/s]
 75%|███████▍  | 585/782 [00:20<00:06, 28.71it/s]
 75%|███████▌  | 588/782 [00:20<00:06, 29.05it/s]
 76%|███████▌  | 591/782 [00:20<00:06, 29.05it/s]
 76%|███████▌  | 594/782 [00:20<00:06, 29.29it/s]
 76%|███████▋  | 597/782 [00:20<00:06, 28.92it/s]
 77%|███████▋  | 600/782 [00:20<00:06, 28.88it/s]
 77%|███████▋  | 603/782 [00:20<00:06, 28.99it/s]
 77%|███████▋  | 606/782 [00:20<00:06, 28.83it/s]
 78%|███████▊  | 609/782 [00:21<00:06, 28.48it/s]
 78%|███████▊  | 613/782 [00:21<00:05, 28.80it/s]
 79%|███████▉  | 616/782 [00:21<00:05, 28.31it/s]
 79%|███████▉  | 619/782 [00:21<00:05, 28.60it/s]
 80%|███████▉  | 623/782 [00:21<00:05, 29.16it/s]
 80%|████████  | 626/782 [00:21<00:05, 28.65it/s]
 80%|████████  | 629/782 [00:21<00:05, 28.65it/s]
 81%|████████  | 632/782 [00:21<00:05, 28.67it/s]
 81%|████████  | 635/782 [00:21<00:05, 28.09it/s]
 82%|████████▏ | 638/782 [00:22<00:05, 27.86it/s]
 82%|████████▏ | 641/782 [00:22<00:05, 28.09it/s]
 82%|████████▏ | 644/782 [00:22<00:04, 28.62it/s]
 83%|████████▎ | 647/782 [00:22<00:04, 28.20it/s]
 83%|████████▎ | 651/782 [00:22<00:04, 28.95it/s]
 84%|████████▎ | 654/782 [00:22<00:04, 29.03it/s]
 84%|████████▍ | 657/782 [00:22<00:04, 28.53it/s]
 84%|████████▍ | 660/782 [00:22<00:04, 28.74it/s]
 85%|████████▍ | 663/782 [00:22<00:04, 29.01it/s]
 85%|████████▌ | 666/782 [00:23<00:04, 28.90it/s]
 86%|████████▌ | 670/782 [00:23<00:03, 29.16it/s]
 86%|████████▌ | 673/782 [00:23<00:03, 29.10it/s]
 86%|████████▋ | 676/782 [00:23<00:03, 28.73it/s]
 87%|████████▋ | 679/782 [00:23<00:03, 28.32it/s]
 87%|████████▋ | 682/782 [00:23<00:03, 28.54it/s]
 88%|████████▊ | 685/782 [00:23<00:03, 28.66it/s]
 88%|████████▊ | 688/782 [00:23<00:03, 28.70it/s]
 88%|████████▊ | 692/782 [00:23<00:03, 29.29it/s]
 89%|████████▉ | 695/782 [00:24<00:03, 28.76it/s]
 89%|████████▉ | 698/782 [00:24<00:02, 28.96it/s]
 90%|████████▉ | 701/782 [00:24<00:02, 28.83it/s]
 90%|█████████ | 704/782 [00:24<00:02, 29.03it/s]
 90%|█████████ | 707/782 [00:24<00:02, 28.83it/s]
 91%|█████████ | 710/782 [00:24<00:02, 28.60it/s]
 91%|█████████▏| 714/782 [00:24<00:02, 29.01it/s]
 92%|█████████▏| 717/782 [00:24<00:02, 29.12it/s]
 92%|█████████▏| 720/782 [00:24<00:02, 28.76it/s]
 93%|█████████▎| 724/782 [00:25<00:01, 29.49it/s]
 93%|█████████▎| 727/782 [00:25<00:01, 28.97it/s]
 93%|█████████▎| 731/782 [00:25<00:01, 29.93it/s]
 94%|█████████▍| 735/782 [00:25<00:01, 30.26it/s]
 95%|█████████▍| 739/782 [00:25<00:01, 30.24it/s]
 95%|█████████▌| 743/782 [00:25<00:01, 30.27it/s]
 96%|█████████▌| 747/782 [00:25<00:01, 30.27it/s]
 96%|█████████▌| 751/782 [00:25<00:01, 30.29it/s]
 97%|█████████▋| 755/782 [00:26<00:00, 29.52it/s]
 97%|█████████▋| 758/782 [00:26<00:00, 29.39it/s]
 97%|█████████▋| 761/782 [00:26<00:00, 28.82it/s]
 98%|█████████▊| 765/782 [00:26<00:00, 29.57it/s]
 98%|█████████▊| 768/782 [00:26<00:00, 28.79it/s]
 99%|█████████▊| 771/782 [00:26<00:00, 28.80it/s]
 99%|█████████▉| 774/782 [00:26<00:00, 28.67it/s]
 99%|█████████▉| 778/782 [00:26<00:00, 29.20it/s]
100%|█████████▉| 781/782 [00:26<00:00, 29.27it/s]
100%|██████████| 782/782 [00:27<00:00, 28.92it/s]
Model instantiation succeeded.
The training environment is set up successfully, using the following device: cuda.
Simulated training data created successfully.
Training step executed successfully.
  Train Loss: 2.0694, Test Loss: 2.0676
  Train Acc: 0.1870, Test Acc: 0.1844
  LR: 0.000001, Grad Norm: 0.2844, Throughput: 992.1 samples/s
accuracy_to_time_metric 0.1674694050447016
  - Saved stats (fallback) to: /a/mm/ab/gpt/brute/ga/meta_evolution/stats_cifar10/img-classification_cifar-10_acc_GenFractalNet-52f585fb722c22a2c56fe454ebcbf8a6/1.json
  - Model persisted to ga_fractal_arch_cifar10/ (stats verified: 1 JSON file(s))

  ========================================
  >>> FITNESS SCORE: 18.44%  (source: hyperparameters.accuracy, checksum: 52f585fb722c22a2c56fe454ebcbf8a6)
  ========================================

  Evaluating Individual 7/20 ---- Generation: 4/5
  - Evaluating unique arch (checksum: 88e484a7...)
Evaluating /a/mm/out_nneval_tmp_pid_300/nn/tmp/GenFractalNet-88e484a77e3654fd5a3f3371a56cc9cc-27c8b420a4b1fec861e883558739041b.py...
epoch 1

  0%|          | 0/782 [00:00<?, ?it/s]
  1%|          | 8/782 [00:00<00:09, 78.46it/s]
  3%|▎         | 23/782 [00:00<00:06, 116.77it/s]
  5%|▍         | 38/782 [00:00<00:05, 128.43it/s]
  7%|▋         | 53/782 [00:00<00:05, 134.37it/s]
  9%|▊         | 68/782 [00:00<00:05, 137.57it/s]
 11%|█         | 83/782 [00:00<00:05, 139.07it/s]
 13%|█▎        | 98/782 [00:00<00:04, 140.85it/s]
 14%|█▍        | 113/782 [00:00<00:04, 141.86it/s]
 16%|█▋        | 128/782 [00:00<00:04, 142.37it/s]
 18%|█▊        | 143/782 [00:01<00:04, 142.86it/s]
 20%|██        | 158/782 [00:01<00:04, 142.51it/s]
 22%|██▏       | 173/782 [00:01<00:04, 142.56it/s]
 24%|██▍       | 188/782 [00:01<00:04, 142.66it/s]
 26%|██▌       | 203/782 [00:01<00:04, 142.33it/s]
 28%|██▊       | 218/782 [00:01<00:03, 142.59it/s]
 30%|██▉       | 233/782 [00:01<00:03, 142.57it/s]
 32%|███▏      | 248/782 [00:01<00:03, 142.92it/s]
 34%|███▎      | 263/782 [00:01<00:03, 140.93it/s]
 36%|███▌      | 278/782 [00:01<00:03, 141.25it/s]
 37%|███▋      | 293/782 [00:02<00:03, 141.63it/s]
 39%|███▉      | 308/782 [00:02<00:03, 142.19it/s]
 41%|████▏     | 323/782 [00:02<00:03, 142.48it/s]
 43%|████▎     | 338/782 [00:02<00:03, 142.42it/s]
 45%|████▌     | 353/782 [00:02<00:03, 141.94it/s]
 47%|████▋     | 368/782 [00:02<00:03, 136.54it/s]
 49%|████▉     | 382/782 [00:02<00:02, 134.14it/s]
 51%|█████     | 396/782 [00:02<00:02, 130.48it/s]
 52%|█████▏    | 410/782 [00:02<00:02, 129.42it/s]
 54%|█████▍    | 423/782 [00:03<00:02, 127.90it/s]
 56%|█████▌    | 437/782 [00:03<00:02, 128.96it/s]
 58%|█████▊    | 452/782 [00:03<00:02, 132.53it/s]
 60%|█████▉    | 467/782 [00:03<00:02, 135.62it/s]
 62%|██████▏   | 481/782 [00:03<00:02, 136.65it/s]
 63%|██████▎   | 496/782 [00:03<00:02, 138.43it/s]
 65%|██████▌   | 511/782 [00:03<00:01, 139.62it/s]
 67%|██████▋   | 526/782 [00:03<00:01, 140.76it/s]
 69%|██████▉   | 541/782 [00:03<00:01, 141.25it/s]
 71%|███████   | 556/782 [00:04<00:01, 141.67it/s]
 73%|███████▎  | 571/782 [00:04<00:01, 141.93it/s]
 75%|███████▍  | 586/782 [00:04<00:01, 142.55it/s]
 77%|███████▋  | 601/782 [00:04<00:01, 142.42it/s]
 79%|███████▉  | 616/782 [00:04<00:01, 141.87it/s]
 81%|████████  | 631/782 [00:04<00:01, 141.98it/s]
 83%|████████▎ | 646/782 [00:04<00:00, 142.25it/s]
 85%|████████▍ | 661/782 [00:04<00:00, 142.15it/s]
 86%|████████▋ | 676/782 [00:04<00:00, 142.22it/s]
 88%|████████▊ | 691/782 [00:04<00:00, 141.79it/s]
 90%|█████████ | 706/782 [00:05<00:00, 139.97it/s]
 92%|█████████▏| 721/782 [00:05<00:00, 140.18it/s]
 94%|█████████▍| 736/782 [00:05<00:00, 139.81it/s]
 96%|█████████▌| 751/782 [00:05<00:00, 140.79it/s]
 98%|█████████▊| 766/782 [00:05<00:00, 139.99it/s]
100%|█████████▉| 781/782 [00:05<00:00, 140.15it/s]
100%|██████████| 782/782 [00:05<00:00, 138.20it/s]
Evaluation Failed: [Errno 2] No such file or directory: '/a/mm/out_nneval_tmp_pid_300/nn/tmp/GenFractalNet-03dec43210b3bae81f43a512e3ff52c4-cab238aac578200c286522a5cf9fb515.py'
  Train Loss: 1.8444, Test Loss: 1.8405
  Train Acc: 0.2798, Test Acc: 0.2816
  LR: 0.000001, Grad Norm: 0.3417, Throughput: 2596.8 samples/s
accuracy_to_time_metric 0.9431340515033058
  - Saved stats (fallback) to: /a/mm/ab/gpt/brute/ga/meta_evolution/stats_cifar10/img-classification_cifar-10_acc_GenFractalNet-88e484a77e3654fd5a3f3371a56cc9cc/1.json
  - Model persisted to ga_fractal_arch_cifar10/ (stats verified: 1 JSON file(s))

  ========================================
  >>> FITNESS SCORE: 28.16%  (source: hyperparameters.accuracy, checksum: 88e484a77e3654fd5a3f3371a56cc9cc)
  ========================================

  Evaluating Individual 8/20 ---- Generation: 4/5
  - Evaluating unique arch (checksum: 03dec432...)
Evaluating /a/mm/out_nneval_tmp_pid_300/nn/tmp/GenFractalNet-03dec43210b3bae81f43a512e3ff52c4-cab238aac578200c286522a5cf9fb515.py...
Error analyzing complexity for /a/mm/out_nneval_tmp_pid_300/nn/tmp/GenFractalNet-03dec43210b3bae81f43a512e3ff52c4-cab238aac578200c286522a5cf9fb515.py: [Errno 2] No such file or directory: '/a/mm/out_nneval_tmp_pid_300/nn/tmp/GenFractalNet-03dec43210b3bae81f43a512e3ff52c4-cab238aac578200c286522a5cf9fb515.py'
Traceback (most recent call last):
  File "/a/mm/ab/nn/util/Train.py", line 538, in train_new
    trainer = Train(
              ^^^^^^
  File "/a/mm/ab/nn/util/Train.py", line 214, in __init__
    model_net = get_attr(nn_module, 'Net')
                ^^^^^^^^^^^^^^^^^^^^^^^^^^
  File "/a/mm/ab/nn/util/db/Util.py", line 24, in get_attr
    return get_obj_attr(__import__(mod, fromlist=[f]), f)
                        ^^^^^^^^^^^^^^^^^^^^^^^^^^^^^
ModuleNotFoundError: No module named 'out_nneval_tmp_pid_300.nn.tmp.GenFractalNet-03dec43210b3bae81f43a512e3ff52c4-cab238aac578200c286522a5cf9fb515'

During handling of the above exception, another exception occurred:

Traceback (most recent call last):
  File "/a/mm/ab/gpt/brute/ga/meta_evolution/run_fractal_evolution.py", line 253, in fitness_function
    result = evaluator.evaluate(filepath)
             ^^^^^^^^^^^^^^^^^^^^^^^^^^^^
  File "/a/mm/ab/gpt/util/Eval.py", line 107, in evaluate
    return api.check_nn(
           ^^^^^^^^^^^^^
  File "/a/mm/ab/nn/api.py", line 105, in check_nn
    return Train.train_new(nn_code, task, dataset, metric, prm, save_to_db=save_to_db, prefix=prefix, save_path=save_path, export_onnx=export_onnx,
           ^^^^^^^^^^^^^^^^^^^^^^^^^^^^^^^^^^^^^^^^^^^^^^^^^^^^^^^^^^^^^^^^^^^^^^^^^^^^^^^^^^^^^^^^^^^^^^^^^^^^^^^^^^^^^^^^^^^^^^^^^^^^^^^^^^^^^^^^
  File "/a/mm/ab/nn/util/Train.py", line 565, in train_new
    remove(temp_file_path)
FileNotFoundError: [Errno 2] No such file or directory: '/a/mm/out_nneval_tmp_pid_300/nn/tmp/GenFractalNet-03dec43210b3bae81f43a512e3ff52c4-cab238aac578200c286522a5cf9fb515.py'
Model instantiation succeeded.
The training environment is set up successfully, using the following device: cuda.
Simulated training data created successfully.
Training step executed successfully.
Error during training: No module named 'out_nneval_tmp_pid_300.nn.tmp.GenFractalNet-03dec43210b3bae81f43a512e3ff52c4-cab238aac578200c286522a5cf9fb515'
Eval Fail: [Errno 2] No such file or directory: '/a/mm/out_nneval_tmp_pid_300/nn/tmp/GenFractalNet-03dec43210b3bae81f43a512e3ff52c4-cab238aac578200c286522a5cf9fb515.py'
  - Cleaned up temp file: /a/mm/ab/gpt/brute/ga/meta_evolution/ga_fractal_arch_cifar10/_tmp_GenFractalNet-03dec43210b3bae81f43a512e3ff52c4.py
  Evaluating Individual 9/20 ---- Generation: 4/5
  - Evaluating unique arch (checksum: 9ec5660c...)
Evaluating /a/mm/out_nneval_tmp_pid_300/nn/tmp/GenFractalNet-9ec5660ccc5d7bbda32de92d7f42ba8c-d1208792df030cc64c9bb3f4a414e85e.py...
Traceback (most recent call last):
  File "/a/mm/ab/nn/util/Train.py", line 538, in train_new
    trainer = Train(
              ^^^^^^
  File "/a/mm/ab/nn/util/Train.py", line 214, in __init__
    model_net = get_attr(nn_module, 'Net')
                ^^^^^^^^^^^^^^^^^^^^^^^^^^
  File "/a/mm/ab/nn/util/db/Util.py", line 24, in get_attr
    return get_obj_attr(__import__(mod, fromlist=[f]), f)
                        ^^^^^^^^^^^^^^^^^^^^^^^^^^^^^
ModuleNotFoundError: No module named 'out_nneval_tmp_pid_300.nn.tmp.GenFractalNet-9ec5660ccc5d7bbda32de92d7f42ba8c-d1208792df030cc64c9bb3f4a414e85e'

During handling of the above exception, another exception occurred:

Traceback (most recent call last):
  File "/a/mm/ab/gpt/brute/ga/meta_evolution/run_fractal_evolution.py", line 253, in fitness_function
    result = evaluator.evaluate(filepath)
             ^^^^^^^^^^^^^^^^^^^^^^^^^^^^
  File "/a/mm/ab/gpt/util/Eval.py", line 107, in evaluate
    return api.check_nn(
           ^^^^^^^^^^^^^
  File "/a/mm/ab/nn/api.py", line 105, in check_nn
    return Train.train_new(nn_code, task, dataset, metric, prm, save_to_db=save_to_db, prefix=prefix, save_path=save_path, export_onnx=export_onnx,
           ^^^^^^^^^^^^^^^^^^^^^^^^^^^^^^^^^^^^^^^^^^^^^^^^^^^^^^^^^^^^^^^^^^^^^^^^^^^^^^^^^^^^^^^^^^^^^^^^^^^^^^^^^^^^^^^^^^^^^^^^^^^^^^^^^^^^^^^^
  File "/a/mm/ab/nn/util/Train.py", line 565, in train_new
    remove(temp_file_path)
FileNotFoundError: [Errno 2] No such file or directory: '/a/mm/out_nneval_tmp_pid_300/nn/tmp/GenFractalNet-9ec5660ccc5d7bbda32de92d7f42ba8c-d1208792df030cc64c9bb3f4a414e85e.py'
Evaluation Failed: [Errno 2] No such file or directory: '/a/mm/out_nneval_tmp_pid_300/nn/tmp/GenFractalNet-eb7f1ca30bdc593fd03a9075b3c9398d-e75a96fd2b947fa5b16cecc74fe55260.py'
Error during training: No module named 'out_nneval_tmp_pid_300.nn.tmp.GenFractalNet-9ec5660ccc5d7bbda32de92d7f42ba8c-d1208792df030cc64c9bb3f4a414e85e'
Eval Fail: [Errno 2] No such file or directory: '/a/mm/out_nneval_tmp_pid_300/nn/tmp/GenFractalNet-9ec5660ccc5d7bbda32de92d7f42ba8c-d1208792df030cc64c9bb3f4a414e85e.py'
  - Cleaned up temp file: /a/mm/ab/gpt/brute/ga/meta_evolution/ga_fractal_arch_cifar10/_tmp_GenFractalNet-9ec5660ccc5d7bbda32de92d7f42ba8c.py
  Evaluating Individual 10/20 ---- Generation: 4/5
  - Evaluating unique arch (checksum: eb7f1ca3...)
Evaluating /a/mm/out_nneval_tmp_pid_300/nn/tmp/GenFractalNet-eb7f1ca30bdc593fd03a9075b3c9398d-e75a96fd2b947fa5b16cecc74fe55260.py...
Error analyzing complexity for /a/mm/out_nneval_tmp_pid_300/nn/tmp/GenFractalNet-eb7f1ca30bdc593fd03a9075b3c9398d-e75a96fd2b947fa5b16cecc74fe55260.py: [Errno 2] No such file or directory: '/a/mm/out_nneval_tmp_pid_300/nn/tmp/GenFractalNet-eb7f1ca30bdc593fd03a9075b3c9398d-e75a96fd2b947fa5b16cecc74fe55260.py'
Traceback (most recent call last):
  File "/a/mm/ab/nn/util/Train.py", line 538, in train_new
    trainer = Train(
              ^^^^^^
  File "/a/mm/ab/nn/util/Train.py", line 214, in __init__
    model_net = get_attr(nn_module, 'Net')
                ^^^^^^^^^^^^^^^^^^^^^^^^^^
  File "/a/mm/ab/nn/util/db/Util.py", line 24, in get_attr
    return get_obj_attr(__import__(mod, fromlist=[f]), f)
                        ^^^^^^^^^^^^^^^^^^^^^^^^^^^^^
ModuleNotFoundError: No module named 'out_nneval_tmp_pid_300.nn.tmp.GenFractalNet-eb7f1ca30bdc593fd03a9075b3c9398d-e75a96fd2b947fa5b16cecc74fe55260'

During handling of the above exception, another exception occurred:

Traceback (most recent call last):
  File "/a/mm/ab/gpt/brute/ga/meta_evolution/run_fractal_evolution.py", line 253, in fitness_function
    result = evaluator.evaluate(filepath)
             ^^^^^^^^^^^^^^^^^^^^^^^^^^^^
  File "/a/mm/ab/gpt/util/Eval.py", line 107, in evaluate
    return api.check_nn(
           ^^^^^^^^^^^^^
  File "/a/mm/ab/nn/api.py", line 105, in check_nn
    return Train.train_new(nn_code, task, dataset, metric, prm, save_to_db=save_to_db, prefix=prefix, save_path=save_path, export_onnx=export_onnx,
           ^^^^^^^^^^^^^^^^^^^^^^^^^^^^^^^^^^^^^^^^^^^^^^^^^^^^^^^^^^^^^^^^^^^^^^^^^^^^^^^^^^^^^^^^^^^^^^^^^^^^^^^^^^^^^^^^^^^^^^^^^^^^^^^^^^^^^^^^
  File "/a/mm/ab/nn/util/Train.py", line 565, in train_new
    remove(temp_file_path)
FileNotFoundError: [Errno 2] No such file or directory: '/a/mm/out_nneval_tmp_pid_300/nn/tmp/GenFractalNet-eb7f1ca30bdc593fd03a9075b3c9398d-e75a96fd2b947fa5b16cecc74fe55260.py'
Evaluation Failed: [Errno 2] No such file or directory: '/a/mm/out_nneval_tmp_pid_300/nn/tmp/GenFractalNet-c1100013b8044cd1f19762a922ad36c4-f9edcf0718ca673393e59026bc160111.py'
Error during training: No module named 'out_nneval_tmp_pid_300.nn.tmp.GenFractalNet-eb7f1ca30bdc593fd03a9075b3c9398d-e75a96fd2b947fa5b16cecc74fe55260'
Eval Fail: [Errno 2] No such file or directory: '/a/mm/out_nneval_tmp_pid_300/nn/tmp/GenFractalNet-eb7f1ca30bdc593fd03a9075b3c9398d-e75a96fd2b947fa5b16cecc74fe55260.py'
  - Cleaned up temp file: /a/mm/ab/gpt/brute/ga/meta_evolution/ga_fractal_arch_cifar10/_tmp_GenFractalNet-eb7f1ca30bdc593fd03a9075b3c9398d.py
  Evaluating Individual 11/20 ---- Generation: 4/5
  - Evaluating unique arch (checksum: c1100013...)
Evaluating /a/mm/out_nneval_tmp_pid_300/nn/tmp/GenFractalNet-c1100013b8044cd1f19762a922ad36c4-f9edcf0718ca673393e59026bc160111.py...
Error analyzing complexity for /a/mm/out_nneval_tmp_pid_300/nn/tmp/GenFractalNet-c1100013b8044cd1f19762a922ad36c4-f9edcf0718ca673393e59026bc160111.py: [Errno 2] No such file or directory: '/a/mm/out_nneval_tmp_pid_300/nn/tmp/GenFractalNet-c1100013b8044cd1f19762a922ad36c4-f9edcf0718ca673393e59026bc160111.py'
Traceback (most recent call last):
  File "/a/mm/ab/nn/util/Train.py", line 538, in train_new
    trainer = Train(
              ^^^^^^
  File "/a/mm/ab/nn/util/Train.py", line 214, in __init__
    model_net = get_attr(nn_module, 'Net')
                ^^^^^^^^^^^^^^^^^^^^^^^^^^
  File "/a/mm/ab/nn/util/db/Util.py", line 24, in get_attr
    return get_obj_attr(__import__(mod, fromlist=[f]), f)
                        ^^^^^^^^^^^^^^^^^^^^^^^^^^^^^
ModuleNotFoundError: No module named 'out_nneval_tmp_pid_300.nn.tmp.GenFractalNet-c1100013b8044cd1f19762a922ad36c4-f9edcf0718ca673393e59026bc160111'

During handling of the above exception, another exception occurred:

Traceback (most recent call last):
  File "/a/mm/ab/gpt/brute/ga/meta_evolution/run_fractal_evolution.py", line 253, in fitness_function
    result = evaluator.evaluate(filepath)
             ^^^^^^^^^^^^^^^^^^^^^^^^^^^^
  File "/a/mm/ab/gpt/util/Eval.py", line 107, in evaluate
    return api.check_nn(
           ^^^^^^^^^^^^^
  File "/a/mm/ab/nn/api.py", line 105, in check_nn
    return Train.train_new(nn_code, task, dataset, metric, prm, save_to_db=save_to_db, prefix=prefix, save_path=save_path, export_onnx=export_onnx,
           ^^^^^^^^^^^^^^^^^^^^^^^^^^^^^^^^^^^^^^^^^^^^^^^^^^^^^^^^^^^^^^^^^^^^^^^^^^^^^^^^^^^^^^^^^^^^^^^^^^^^^^^^^^^^^^^^^^^^^^^^^^^^^^^^^^^^^^^^
  File "/a/mm/ab/nn/util/Train.py", line 565, in train_new
    remove(temp_file_path)
FileNotFoundError: [Errno 2] No such file or directory: '/a/mm/out_nneval_tmp_pid_300/nn/tmp/GenFractalNet-c1100013b8044cd1f19762a922ad36c4-f9edcf0718ca673393e59026bc160111.py'
Evaluation Failed: [Errno 2] No such file or directory: '/a/mm/out_nneval_tmp_pid_300/nn/tmp/GenFractalNet-e7ae9bcf4280e9f53c99f953b7cdecfe-bbfdf8294933ecf4545c681d4d4ca44d.py'
Error during training: No module named 'out_nneval_tmp_pid_300.nn.tmp.GenFractalNet-c1100013b8044cd1f19762a922ad36c4-f9edcf0718ca673393e59026bc160111'
Eval Fail: [Errno 2] No such file or directory: '/a/mm/out_nneval_tmp_pid_300/nn/tmp/GenFractalNet-c1100013b8044cd1f19762a922ad36c4-f9edcf0718ca673393e59026bc160111.py'
  - Cleaned up temp file: /a/mm/ab/gpt/brute/ga/meta_evolution/ga_fractal_arch_cifar10/_tmp_GenFractalNet-c1100013b8044cd1f19762a922ad36c4.py
  Evaluating Individual 12/20 ---- Generation: 4/5
  - Evaluating unique arch (checksum: e7ae9bcf...)
Evaluating /a/mm/out_nneval_tmp_pid_300/nn/tmp/GenFractalNet-e7ae9bcf4280e9f53c99f953b7cdecfe-bbfdf8294933ecf4545c681d4d4ca44d.py...
Error analyzing complexity for /a/mm/out_nneval_tmp_pid_300/nn/tmp/GenFractalNet-e7ae9bcf4280e9f53c99f953b7cdecfe-bbfdf8294933ecf4545c681d4d4ca44d.py: [Errno 2] No such file or directory: '/a/mm/out_nneval_tmp_pid_300/nn/tmp/GenFractalNet-e7ae9bcf4280e9f53c99f953b7cdecfe-bbfdf8294933ecf4545c681d4d4ca44d.py'
Traceback (most recent call last):
  File "/a/mm/ab/nn/util/Train.py", line 538, in train_new
    trainer = Train(
              ^^^^^^
  File "/a/mm/ab/nn/util/Train.py", line 214, in __init__
    model_net = get_attr(nn_module, 'Net')
                ^^^^^^^^^^^^^^^^^^^^^^^^^^
  File "/a/mm/ab/nn/util/db/Util.py", line 24, in get_attr
    return get_obj_attr(__import__(mod, fromlist=[f]), f)
                        ^^^^^^^^^^^^^^^^^^^^^^^^^^^^^
ModuleNotFoundError: No module named 'out_nneval_tmp_pid_300.nn.tmp.GenFractalNet-e7ae9bcf4280e9f53c99f953b7cdecfe-bbfdf8294933ecf4545c681d4d4ca44d'

During handling of the above exception, another exception occurred:

Traceback (most recent call last):
  File "/a/mm/ab/gpt/brute/ga/meta_evolution/run_fractal_evolution.py", line 253, in fitness_function
    result = evaluator.evaluate(filepath)
             ^^^^^^^^^^^^^^^^^^^^^^^^^^^^
  File "/a/mm/ab/gpt/util/Eval.py", line 107, in evaluate
    return api.check_nn(
           ^^^^^^^^^^^^^
  File "/a/mm/ab/nn/api.py", line 105, in check_nn
    return Train.train_new(nn_code, task, dataset, metric, prm, save_to_db=save_to_db, prefix=prefix, save_path=save_path, export_onnx=export_onnx,
           ^^^^^^^^^^^^^^^^^^^^^^^^^^^^^^^^^^^^^^^^^^^^^^^^^^^^^^^^^^^^^^^^^^^^^^^^^^^^^^^^^^^^^^^^^^^^^^^^^^^^^^^^^^^^^^^^^^^^^^^^^^^^^^^^^^^^^^^^
  File "/a/mm/ab/nn/util/Train.py", line 565, in train_new
    remove(temp_file_path)
FileNotFoundError: [Errno 2] No such file or directory: '/a/mm/out_nneval_tmp_pid_300/nn/tmp/GenFractalNet-e7ae9bcf4280e9f53c99f953b7cdecfe-bbfdf8294933ecf4545c681d4d4ca44d.py'
Evaluation Failed: [Errno 2] No such file or directory: '/a/mm/out_nneval_tmp_pid_300/nn/tmp/GenFractalNet-af0aa9356d4856ba4d61e48a29ae0761-c22eab5c91e42c034c2c1e66ef979c1a.py'
Error during training: No module named 'out_nneval_tmp_pid_300.nn.tmp.GenFractalNet-e7ae9bcf4280e9f53c99f953b7cdecfe-bbfdf8294933ecf4545c681d4d4ca44d'
Eval Fail: [Errno 2] No such file or directory: '/a/mm/out_nneval_tmp_pid_300/nn/tmp/GenFractalNet-e7ae9bcf4280e9f53c99f953b7cdecfe-bbfdf8294933ecf4545c681d4d4ca44d.py'
  - Cleaned up temp file: /a/mm/ab/gpt/brute/ga/meta_evolution/ga_fractal_arch_cifar10/_tmp_GenFractalNet-e7ae9bcf4280e9f53c99f953b7cdecfe.py
  Evaluating Individual 13/20 ---- Generation: 4/5
  - Evaluating unique arch (checksum: af0aa935...)
Evaluating /a/mm/out_nneval_tmp_pid_300/nn/tmp/GenFractalNet-af0aa9356d4856ba4d61e48a29ae0761-c22eab5c91e42c034c2c1e66ef979c1a.py...
Error analyzing complexity for /a/mm/out_nneval_tmp_pid_300/nn/tmp/GenFractalNet-af0aa9356d4856ba4d61e48a29ae0761-c22eab5c91e42c034c2c1e66ef979c1a.py: [Errno 2] No such file or directory: '/a/mm/out_nneval_tmp_pid_300/nn/tmp/GenFractalNet-af0aa9356d4856ba4d61e48a29ae0761-c22eab5c91e42c034c2c1e66ef979c1a.py'
Traceback (most recent call last):
  File "/a/mm/ab/nn/util/Train.py", line 538, in train_new
    trainer = Train(
              ^^^^^^
  File "/a/mm/ab/nn/util/Train.py", line 214, in __init__
    model_net = get_attr(nn_module, 'Net')
                ^^^^^^^^^^^^^^^^^^^^^^^^^^
  File "/a/mm/ab/nn/util/db/Util.py", line 24, in get_attr
    return get_obj_attr(__import__(mod, fromlist=[f]), f)
                        ^^^^^^^^^^^^^^^^^^^^^^^^^^^^^
ModuleNotFoundError: No module named 'out_nneval_tmp_pid_300.nn.tmp.GenFractalNet-af0aa9356d4856ba4d61e48a29ae0761-c22eab5c91e42c034c2c1e66ef979c1a'

During handling of the above exception, another exception occurred:

Traceback (most recent call last):
  File "/a/mm/ab/gpt/brute/ga/meta_evolution/run_fractal_evolution.py", line 253, in fitness_function
    result = evaluator.evaluate(filepath)
             ^^^^^^^^^^^^^^^^^^^^^^^^^^^^
  File "/a/mm/ab/gpt/util/Eval.py", line 107, in evaluate
    return api.check_nn(
           ^^^^^^^^^^^^^
  File "/a/mm/ab/nn/api.py", line 105, in check_nn
    return Train.train_new(nn_code, task, dataset, metric, prm, save_to_db=save_to_db, prefix=prefix, save_path=save_path, export_onnx=export_onnx,
           ^^^^^^^^^^^^^^^^^^^^^^^^^^^^^^^^^^^^^^^^^^^^^^^^^^^^^^^^^^^^^^^^^^^^^^^^^^^^^^^^^^^^^^^^^^^^^^^^^^^^^^^^^^^^^^^^^^^^^^^^^^^^^^^^^^^^^^^^
  File "/a/mm/ab/nn/util/Train.py", line 565, in train_new
    remove(temp_file_path)
FileNotFoundError: [Errno 2] No such file or directory: '/a/mm/out_nneval_tmp_pid_300/nn/tmp/GenFractalNet-af0aa9356d4856ba4d61e48a29ae0761-c22eab5c91e42c034c2c1e66ef979c1a.py'
Evaluation Failed: [Errno 2] No such file or directory: '/a/mm/out_nneval_tmp_pid_300/nn/tmp/GenFractalNet-3a0f26cfbad95bda053f3b0292cf8915-7163782c82d8019da4a59f4c84ea9fcd.py'
Error during training: No module named 'out_nneval_tmp_pid_300.nn.tmp.GenFractalNet-af0aa9356d4856ba4d61e48a29ae0761-c22eab5c91e42c034c2c1e66ef979c1a'
Eval Fail: [Errno 2] No such file or directory: '/a/mm/out_nneval_tmp_pid_300/nn/tmp/GenFractalNet-af0aa9356d4856ba4d61e48a29ae0761-c22eab5c91e42c034c2c1e66ef979c1a.py'
  - Cleaned up temp file: /a/mm/ab/gpt/brute/ga/meta_evolution/ga_fractal_arch_cifar10/_tmp_GenFractalNet-af0aa9356d4856ba4d61e48a29ae0761.py
  Evaluating Individual 14/20 ---- Generation: 4/5
  - Evaluating unique arch (checksum: 3a0f26cf...)
Evaluating /a/mm/out_nneval_tmp_pid_300/nn/tmp/GenFractalNet-3a0f26cfbad95bda053f3b0292cf8915-7163782c82d8019da4a59f4c84ea9fcd.py...
Error analyzing complexity for /a/mm/out_nneval_tmp_pid_300/nn/tmp/GenFractalNet-3a0f26cfbad95bda053f3b0292cf8915-7163782c82d8019da4a59f4c84ea9fcd.py: [Errno 2] No such file or directory: '/a/mm/out_nneval_tmp_pid_300/nn/tmp/GenFractalNet-3a0f26cfbad95bda053f3b0292cf8915-7163782c82d8019da4a59f4c84ea9fcd.py'
Traceback (most recent call last):
  File "/a/mm/ab/nn/util/Train.py", line 538, in train_new
    trainer = Train(
              ^^^^^^
  File "/a/mm/ab/nn/util/Train.py", line 214, in __init__
    model_net = get_attr(nn_module, 'Net')
                ^^^^^^^^^^^^^^^^^^^^^^^^^^
  File "/a/mm/ab/nn/util/db/Util.py", line 24, in get_attr
    return get_obj_attr(__import__(mod, fromlist=[f]), f)
                        ^^^^^^^^^^^^^^^^^^^^^^^^^^^^^
ModuleNotFoundError: No module named 'out_nneval_tmp_pid_300.nn.tmp.GenFractalNet-3a0f26cfbad95bda053f3b0292cf8915-7163782c82d8019da4a59f4c84ea9fcd'

During handling of the above exception, another exception occurred:

Traceback (most recent call last):
  File "/a/mm/ab/gpt/brute/ga/meta_evolution/run_fractal_evolution.py", line 253, in fitness_function
    result = evaluator.evaluate(filepath)
             ^^^^^^^^^^^^^^^^^^^^^^^^^^^^
  File "/a/mm/ab/gpt/util/Eval.py", line 107, in evaluate
    return api.check_nn(
           ^^^^^^^^^^^^^
  File "/a/mm/ab/nn/api.py", line 105, in check_nn
    return Train.train_new(nn_code, task, dataset, metric, prm, save_to_db=save_to_db, prefix=prefix, save_path=save_path, export_onnx=export_onnx,
           ^^^^^^^^^^^^^^^^^^^^^^^^^^^^^^^^^^^^^^^^^^^^^^^^^^^^^^^^^^^^^^^^^^^^^^^^^^^^^^^^^^^^^^^^^^^^^^^^^^^^^^^^^^^^^^^^^^^^^^^^^^^^^^^^^^^^^^^^
  File "/a/mm/ab/nn/util/Train.py", line 565, in train_new
    remove(temp_file_path)
FileNotFoundError: [Errno 2] No such file or directory: '/a/mm/out_nneval_tmp_pid_300/nn/tmp/GenFractalNet-3a0f26cfbad95bda053f3b0292cf8915-7163782c82d8019da4a59f4c84ea9fcd.py'
Evaluation Failed: [Errno 2] No such file or directory: '/a/mm/out_nneval_tmp_pid_300/nn/tmp/GenFractalNet-feedb9a53d8619b34bfc4d79361718ff-26896ab76d7fa92a77977e7fc298b226.py'
Error during training: No module named 'out_nneval_tmp_pid_300.nn.tmp.GenFractalNet-3a0f26cfbad95bda053f3b0292cf8915-7163782c82d8019da4a59f4c84ea9fcd'
Eval Fail: [Errno 2] No such file or directory: '/a/mm/out_nneval_tmp_pid_300/nn/tmp/GenFractalNet-3a0f26cfbad95bda053f3b0292cf8915-7163782c82d8019da4a59f4c84ea9fcd.py'
  - Cleaned up temp file: /a/mm/ab/gpt/brute/ga/meta_evolution/ga_fractal_arch_cifar10/_tmp_GenFractalNet-3a0f26cfbad95bda053f3b0292cf8915.py
  Evaluating Individual 15/20 ---- Generation: 4/5
  - Evaluating unique arch (checksum: feedb9a5...)
Evaluating /a/mm/out_nneval_tmp_pid_300/nn/tmp/GenFractalNet-feedb9a53d8619b34bfc4d79361718ff-26896ab76d7fa92a77977e7fc298b226.py...
Error analyzing complexity for /a/mm/out_nneval_tmp_pid_300/nn/tmp/GenFractalNet-feedb9a53d8619b34bfc4d79361718ff-26896ab76d7fa92a77977e7fc298b226.py: [Errno 2] No such file or directory: '/a/mm/out_nneval_tmp_pid_300/nn/tmp/GenFractalNet-feedb9a53d8619b34bfc4d79361718ff-26896ab76d7fa92a77977e7fc298b226.py'
Traceback (most recent call last):
  File "/a/mm/ab/nn/util/Train.py", line 538, in train_new
    trainer = Train(
              ^^^^^^
  File "/a/mm/ab/nn/util/Train.py", line 214, in __init__
    model_net = get_attr(nn_module, 'Net')
                ^^^^^^^^^^^^^^^^^^^^^^^^^^
  File "/a/mm/ab/nn/util/db/Util.py", line 24, in get_attr
    return get_obj_attr(__import__(mod, fromlist=[f]), f)
                        ^^^^^^^^^^^^^^^^^^^^^^^^^^^^^
ModuleNotFoundError: No module named 'out_nneval_tmp_pid_300.nn.tmp.GenFractalNet-feedb9a53d8619b34bfc4d79361718ff-26896ab76d7fa92a77977e7fc298b226'

During handling of the above exception, another exception occurred:

Traceback (most recent call last):
  File "/a/mm/ab/gpt/brute/ga/meta_evolution/run_fractal_evolution.py", line 253, in fitness_function
    result = evaluator.evaluate(filepath)
             ^^^^^^^^^^^^^^^^^^^^^^^^^^^^
  File "/a/mm/ab/gpt/util/Eval.py", line 107, in evaluate
    return api.check_nn(
           ^^^^^^^^^^^^^
  File "/a/mm/ab/nn/api.py", line 105, in check_nn
    return Train.train_new(nn_code, task, dataset, metric, prm, save_to_db=save_to_db, prefix=prefix, save_path=save_path, export_onnx=export_onnx,
           ^^^^^^^^^^^^^^^^^^^^^^^^^^^^^^^^^^^^^^^^^^^^^^^^^^^^^^^^^^^^^^^^^^^^^^^^^^^^^^^^^^^^^^^^^^^^^^^^^^^^^^^^^^^^^^^^^^^^^^^^^^^^^^^^^^^^^^^^
  File "/a/mm/ab/nn/util/Train.py", line 565, in train_new
    remove(temp_file_path)
FileNotFoundError: [Errno 2] No such file or directory: '/a/mm/out_nneval_tmp_pid_300/nn/tmp/GenFractalNet-feedb9a53d8619b34bfc4d79361718ff-26896ab76d7fa92a77977e7fc298b226.py'
Evaluation Failed: [Errno 2] No such file or directory: '/a/mm/out_nneval_tmp_pid_300/nn/tmp/GenFractalNet-84884958f7d5e8510f0eacc2489d467e-1bc510cfec5a96f22e0c4e1545342f9f.py'
Error during training: No module named 'out_nneval_tmp_pid_300.nn.tmp.GenFractalNet-feedb9a53d8619b34bfc4d79361718ff-26896ab76d7fa92a77977e7fc298b226'
Eval Fail: [Errno 2] No such file or directory: '/a/mm/out_nneval_tmp_pid_300/nn/tmp/GenFractalNet-feedb9a53d8619b34bfc4d79361718ff-26896ab76d7fa92a77977e7fc298b226.py'
  - Cleaned up temp file: /a/mm/ab/gpt/brute/ga/meta_evolution/ga_fractal_arch_cifar10/_tmp_GenFractalNet-feedb9a53d8619b34bfc4d79361718ff.py
  Evaluating Individual 16/20 ---- Generation: 4/5
  - Evaluating unique arch (checksum: 84884958...)
Evaluating /a/mm/out_nneval_tmp_pid_300/nn/tmp/GenFractalNet-84884958f7d5e8510f0eacc2489d467e-1bc510cfec5a96f22e0c4e1545342f9f.py...
Error analyzing complexity for /a/mm/out_nneval_tmp_pid_300/nn/tmp/GenFractalNet-84884958f7d5e8510f0eacc2489d467e-1bc510cfec5a96f22e0c4e1545342f9f.py: [Errno 2] No such file or directory: '/a/mm/out_nneval_tmp_pid_300/nn/tmp/GenFractalNet-84884958f7d5e8510f0eacc2489d467e-1bc510cfec5a96f22e0c4e1545342f9f.py'
Traceback (most recent call last):
  File "/a/mm/ab/nn/util/Train.py", line 538, in train_new
    trainer = Train(
              ^^^^^^
  File "/a/mm/ab/nn/util/Train.py", line 214, in __init__
    model_net = get_attr(nn_module, 'Net')
                ^^^^^^^^^^^^^^^^^^^^^^^^^^
  File "/a/mm/ab/nn/util/db/Util.py", line 24, in get_attr
    return get_obj_attr(__import__(mod, fromlist=[f]), f)
                        ^^^^^^^^^^^^^^^^^^^^^^^^^^^^^
ModuleNotFoundError: No module named 'out_nneval_tmp_pid_300.nn.tmp.GenFractalNet-84884958f7d5e8510f0eacc2489d467e-1bc510cfec5a96f22e0c4e1545342f9f'

During handling of the above exception, another exception occurred:

Traceback (most recent call last):
  File "/a/mm/ab/gpt/brute/ga/meta_evolution/run_fractal_evolution.py", line 253, in fitness_function
    result = evaluator.evaluate(filepath)
             ^^^^^^^^^^^^^^^^^^^^^^^^^^^^
  File "/a/mm/ab/gpt/util/Eval.py", line 107, in evaluate
    return api.check_nn(
           ^^^^^^^^^^^^^
  File "/a/mm/ab/nn/api.py", line 105, in check_nn
    return Train.train_new(nn_code, task, dataset, metric, prm, save_to_db=save_to_db, prefix=prefix, save_path=save_path, export_onnx=export_onnx,
           ^^^^^^^^^^^^^^^^^^^^^^^^^^^^^^^^^^^^^^^^^^^^^^^^^^^^^^^^^^^^^^^^^^^^^^^^^^^^^^^^^^^^^^^^^^^^^^^^^^^^^^^^^^^^^^^^^^^^^^^^^^^^^^^^^^^^^^^^
  File "/a/mm/ab/nn/util/Train.py", line 565, in train_new
    remove(temp_file_path)
FileNotFoundError: [Errno 2] No such file or directory: '/a/mm/out_nneval_tmp_pid_300/nn/tmp/GenFractalNet-84884958f7d5e8510f0eacc2489d467e-1bc510cfec5a96f22e0c4e1545342f9f.py'
Evaluation Failed: [Errno 2] No such file or directory: '/a/mm/out_nneval_tmp_pid_300/nn/tmp/GenFractalNet-d309750b0bd658174a7f99c00501ab27-7831a24fddce185a98cf5444b6534488.py'
Error during training: No module named 'out_nneval_tmp_pid_300.nn.tmp.GenFractalNet-84884958f7d5e8510f0eacc2489d467e-1bc510cfec5a96f22e0c4e1545342f9f'
Eval Fail: [Errno 2] No such file or directory: '/a/mm/out_nneval_tmp_pid_300/nn/tmp/GenFractalNet-84884958f7d5e8510f0eacc2489d467e-1bc510cfec5a96f22e0c4e1545342f9f.py'
  - Cleaned up temp file: /a/mm/ab/gpt/brute/ga/meta_evolution/ga_fractal_arch_cifar10/_tmp_GenFractalNet-84884958f7d5e8510f0eacc2489d467e.py
  Evaluating Individual 17/20 ---- Generation: 4/5
  - Evaluating unique arch (checksum: d309750b...)
Evaluating /a/mm/out_nneval_tmp_pid_300/nn/tmp/GenFractalNet-d309750b0bd658174a7f99c00501ab27-7831a24fddce185a98cf5444b6534488.py...
Error analyzing complexity for /a/mm/out_nneval_tmp_pid_300/nn/tmp/GenFractalNet-d309750b0bd658174a7f99c00501ab27-7831a24fddce185a98cf5444b6534488.py: [Errno 2] No such file or directory: '/a/mm/out_nneval_tmp_pid_300/nn/tmp/GenFractalNet-d309750b0bd658174a7f99c00501ab27-7831a24fddce185a98cf5444b6534488.py'
Traceback (most recent call last):
  File "/a/mm/ab/nn/util/Train.py", line 538, in train_new
    trainer = Train(
              ^^^^^^
  File "/a/mm/ab/nn/util/Train.py", line 214, in __init__
    model_net = get_attr(nn_module, 'Net')
                ^^^^^^^^^^^^^^^^^^^^^^^^^^
  File "/a/mm/ab/nn/util/db/Util.py", line 24, in get_attr
    return get_obj_attr(__import__(mod, fromlist=[f]), f)
                        ^^^^^^^^^^^^^^^^^^^^^^^^^^^^^
ModuleNotFoundError: No module named 'out_nneval_tmp_pid_300.nn.tmp.GenFractalNet-d309750b0bd658174a7f99c00501ab27-7831a24fddce185a98cf5444b6534488'

During handling of the above exception, another exception occurred:

Traceback (most recent call last):
  File "/a/mm/ab/gpt/brute/ga/meta_evolution/run_fractal_evolution.py", line 253, in fitness_function
    result = evaluator.evaluate(filepath)
             ^^^^^^^^^^^^^^^^^^^^^^^^^^^^
  File "/a/mm/ab/gpt/util/Eval.py", line 107, in evaluate
    return api.check_nn(
           ^^^^^^^^^^^^^
  File "/a/mm/ab/nn/api.py", line 105, in check_nn
    return Train.train_new(nn_code, task, dataset, metric, prm, save_to_db=save_to_db, prefix=prefix, save_path=save_path, export_onnx=export_onnx,
           ^^^^^^^^^^^^^^^^^^^^^^^^^^^^^^^^^^^^^^^^^^^^^^^^^^^^^^^^^^^^^^^^^^^^^^^^^^^^^^^^^^^^^^^^^^^^^^^^^^^^^^^^^^^^^^^^^^^^^^^^^^^^^^^^^^^^^^^^
  File "/a/mm/ab/nn/util/Train.py", line 565, in train_new
    remove(temp_file_path)
FileNotFoundError: [Errno 2] No such file or directory: '/a/mm/out_nneval_tmp_pid_300/nn/tmp/GenFractalNet-d309750b0bd658174a7f99c00501ab27-7831a24fddce185a98cf5444b6534488.py'
Evaluation Failed: [Errno 2] No such file or directory: '/a/mm/out_nneval_tmp_pid_300/nn/tmp/GenFractalNet-822ece370ca80af1d7b68ed165bd747b-3f579da7eab0ec4d4696b5d0b31cdd84.py'
Error during training: No module named 'out_nneval_tmp_pid_300.nn.tmp.GenFractalNet-d309750b0bd658174a7f99c00501ab27-7831a24fddce185a98cf5444b6534488'
Eval Fail: [Errno 2] No such file or directory: '/a/mm/out_nneval_tmp_pid_300/nn/tmp/GenFractalNet-d309750b0bd658174a7f99c00501ab27-7831a24fddce185a98cf5444b6534488.py'
  - Cleaned up temp file: /a/mm/ab/gpt/brute/ga/meta_evolution/ga_fractal_arch_cifar10/_tmp_GenFractalNet-d309750b0bd658174a7f99c00501ab27.py
  Evaluating Individual 18/20 ---- Generation: 4/5
  - Evaluating unique arch (checksum: 822ece37...)
Evaluating /a/mm/out_nneval_tmp_pid_300/nn/tmp/GenFractalNet-822ece370ca80af1d7b68ed165bd747b-3f579da7eab0ec4d4696b5d0b31cdd84.py...
Error analyzing complexity for /a/mm/out_nneval_tmp_pid_300/nn/tmp/GenFractalNet-822ece370ca80af1d7b68ed165bd747b-3f579da7eab0ec4d4696b5d0b31cdd84.py: [Errno 2] No such file or directory: '/a/mm/out_nneval_tmp_pid_300/nn/tmp/GenFractalNet-822ece370ca80af1d7b68ed165bd747b-3f579da7eab0ec4d4696b5d0b31cdd84.py'
Traceback (most recent call last):
  File "/a/mm/ab/nn/util/Train.py", line 538, in train_new
    trainer = Train(
              ^^^^^^
  File "/a/mm/ab/nn/util/Train.py", line 214, in __init__
    model_net = get_attr(nn_module, 'Net')
                ^^^^^^^^^^^^^^^^^^^^^^^^^^
  File "/a/mm/ab/nn/util/db/Util.py", line 24, in get_attr
    return get_obj_attr(__import__(mod, fromlist=[f]), f)
                        ^^^^^^^^^^^^^^^^^^^^^^^^^^^^^
ModuleNotFoundError: No module named 'out_nneval_tmp_pid_300.nn.tmp.GenFractalNet-822ece370ca80af1d7b68ed165bd747b-3f579da7eab0ec4d4696b5d0b31cdd84'

During handling of the above exception, another exception occurred:

Traceback (most recent call last):
  File "/a/mm/ab/gpt/brute/ga/meta_evolution/run_fractal_evolution.py", line 253, in fitness_function
    result = evaluator.evaluate(filepath)
             ^^^^^^^^^^^^^^^^^^^^^^^^^^^^
  File "/a/mm/ab/gpt/util/Eval.py", line 107, in evaluate
    return api.check_nn(
           ^^^^^^^^^^^^^
  File "/a/mm/ab/nn/api.py", line 105, in check_nn
    return Train.train_new(nn_code, task, dataset, metric, prm, save_to_db=save_to_db, prefix=prefix, save_path=save_path, export_onnx=export_onnx,
           ^^^^^^^^^^^^^^^^^^^^^^^^^^^^^^^^^^^^^^^^^^^^^^^^^^^^^^^^^^^^^^^^^^^^^^^^^^^^^^^^^^^^^^^^^^^^^^^^^^^^^^^^^^^^^^^^^^^^^^^^^^^^^^^^^^^^^^^^
  File "/a/mm/ab/nn/util/Train.py", line 565, in train_new
    remove(temp_file_path)
FileNotFoundError: [Errno 2] No such file or directory: '/a/mm/out_nneval_tmp_pid_300/nn/tmp/GenFractalNet-822ece370ca80af1d7b68ed165bd747b-3f579da7eab0ec4d4696b5d0b31cdd84.py'
Evaluation Failed: [Errno 2] No such file or directory: '/a/mm/out_nneval_tmp_pid_300/nn/tmp/GenFractalNet-483eaf2a3c5d66f797edbbe6d9b19321-a8e54a7cb55afe1ceb380b4bfdf66e5a.py'
Error during training: No module named 'out_nneval_tmp_pid_300.nn.tmp.GenFractalNet-822ece370ca80af1d7b68ed165bd747b-3f579da7eab0ec4d4696b5d0b31cdd84'
Eval Fail: [Errno 2] No such file or directory: '/a/mm/out_nneval_tmp_pid_300/nn/tmp/GenFractalNet-822ece370ca80af1d7b68ed165bd747b-3f579da7eab0ec4d4696b5d0b31cdd84.py'
  - Cleaned up temp file: /a/mm/ab/gpt/brute/ga/meta_evolution/ga_fractal_arch_cifar10/_tmp_GenFractalNet-822ece370ca80af1d7b68ed165bd747b.py
  Evaluating Individual 19/20 ---- Generation: 4/5
  - Evaluating unique arch (checksum: 483eaf2a...)
Evaluating /a/mm/out_nneval_tmp_pid_300/nn/tmp/GenFractalNet-483eaf2a3c5d66f797edbbe6d9b19321-a8e54a7cb55afe1ceb380b4bfdf66e5a.py...
Error analyzing complexity for /a/mm/out_nneval_tmp_pid_300/nn/tmp/GenFractalNet-483eaf2a3c5d66f797edbbe6d9b19321-a8e54a7cb55afe1ceb380b4bfdf66e5a.py: [Errno 2] No such file or directory: '/a/mm/out_nneval_tmp_pid_300/nn/tmp/GenFractalNet-483eaf2a3c5d66f797edbbe6d9b19321-a8e54a7cb55afe1ceb380b4bfdf66e5a.py'
Traceback (most recent call last):
  File "/a/mm/ab/nn/util/Train.py", line 538, in train_new
    trainer = Train(
              ^^^^^^
  File "/a/mm/ab/nn/util/Train.py", line 214, in __init__
    model_net = get_attr(nn_module, 'Net')
                ^^^^^^^^^^^^^^^^^^^^^^^^^^
  File "/a/mm/ab/nn/util/db/Util.py", line 24, in get_attr
    return get_obj_attr(__import__(mod, fromlist=[f]), f)
                        ^^^^^^^^^^^^^^^^^^^^^^^^^^^^^
ModuleNotFoundError: No module named 'out_nneval_tmp_pid_300.nn.tmp.GenFractalNet-483eaf2a3c5d66f797edbbe6d9b19321-a8e54a7cb55afe1ceb380b4bfdf66e5a'

During handling of the above exception, another exception occurred:

Traceback (most recent call last):
  File "/a/mm/ab/gpt/brute/ga/meta_evolution/run_fractal_evolution.py", line 253, in fitness_function
    result = evaluator.evaluate(filepath)
             ^^^^^^^^^^^^^^^^^^^^^^^^^^^^
  File "/a/mm/ab/gpt/util/Eval.py", line 107, in evaluate
    return api.check_nn(
           ^^^^^^^^^^^^^
  File "/a/mm/ab/nn/api.py", line 105, in check_nn
    return Train.train_new(nn_code, task, dataset, metric, prm, save_to_db=save_to_db, prefix=prefix, save_path=save_path, export_onnx=export_onnx,
           ^^^^^^^^^^^^^^^^^^^^^^^^^^^^^^^^^^^^^^^^^^^^^^^^^^^^^^^^^^^^^^^^^^^^^^^^^^^^^^^^^^^^^^^^^^^^^^^^^^^^^^^^^^^^^^^^^^^^^^^^^^^^^^^^^^^^^^^^
  File "/a/mm/ab/nn/util/Train.py", line 565, in train_new
    remove(temp_file_path)
FileNotFoundError: [Errno 2] No such file or directory: '/a/mm/out_nneval_tmp_pid_300/nn/tmp/GenFractalNet-483eaf2a3c5d66f797edbbe6d9b19321-a8e54a7cb55afe1ceb380b4bfdf66e5a.py'
Evaluation Failed: [Errno 2] No such file or directory: '/a/mm/out_nneval_tmp_pid_300/nn/tmp/GenFractalNet-22466b9c19537308b88385d167cab7a7-6e996ae1ad7df242fc9f6b10706a9925.py'
Error during training: No module named 'out_nneval_tmp_pid_300.nn.tmp.GenFractalNet-483eaf2a3c5d66f797edbbe6d9b19321-a8e54a7cb55afe1ceb380b4bfdf66e5a'
Eval Fail: [Errno 2] No such file or directory: '/a/mm/out_nneval_tmp_pid_300/nn/tmp/GenFractalNet-483eaf2a3c5d66f797edbbe6d9b19321-a8e54a7cb55afe1ceb380b4bfdf66e5a.py'
  - Cleaned up temp file: /a/mm/ab/gpt/brute/ga/meta_evolution/ga_fractal_arch_cifar10/_tmp_GenFractalNet-483eaf2a3c5d66f797edbbe6d9b19321.py
  Evaluating Individual 20/20 ---- Generation: 4/5
  - Evaluating unique arch (checksum: 22466b9c...)
Evaluating /a/mm/out_nneval_tmp_pid_300/nn/tmp/GenFractalNet-22466b9c19537308b88385d167cab7a7-6e996ae1ad7df242fc9f6b10706a9925.py...
Error analyzing complexity for /a/mm/out_nneval_tmp_pid_300/nn/tmp/GenFractalNet-22466b9c19537308b88385d167cab7a7-6e996ae1ad7df242fc9f6b10706a9925.py: [Errno 2] No such file or directory: '/a/mm/out_nneval_tmp_pid_300/nn/tmp/GenFractalNet-22466b9c19537308b88385d167cab7a7-6e996ae1ad7df242fc9f6b10706a9925.py'
Traceback (most recent call last):
  File "/a/mm/ab/nn/util/Train.py", line 538, in train_new
    trainer = Train(
              ^^^^^^
  File "/a/mm/ab/nn/util/Train.py", line 214, in __init__
    model_net = get_attr(nn_module, 'Net')
                ^^^^^^^^^^^^^^^^^^^^^^^^^^
  File "/a/mm/ab/nn/util/db/Util.py", line 24, in get_attr
    return get_obj_attr(__import__(mod, fromlist=[f]), f)
                        ^^^^^^^^^^^^^^^^^^^^^^^^^^^^^
ModuleNotFoundError: No module named 'out_nneval_tmp_pid_300.nn.tmp.GenFractalNet-22466b9c19537308b88385d167cab7a7-6e996ae1ad7df242fc9f6b10706a9925'

During handling of the above exception, another exception occurred:

Traceback (most recent call last):
  File "/a/mm/ab/gpt/brute/ga/meta_evolution/run_fractal_evolution.py", line 253, in fitness_function
    result = evaluator.evaluate(filepath)
             ^^^^^^^^^^^^^^^^^^^^^^^^^^^^
  File "/a/mm/ab/gpt/util/Eval.py", line 107, in evaluate
    return api.check_nn(
           ^^^^^^^^^^^^^
  File "/a/mm/ab/nn/api.py", line 105, in check_nn
    return Train.train_new(nn_code, task, dataset, metric, prm, save_to_db=save_to_db, prefix=prefix, save_path=save_path, export_onnx=export_onnx,
           ^^^^^^^^^^^^^^^^^^^^^^^^^^^^^^^^^^^^^^^^^^^^^^^^^^^^^^^^^^^^^^^^^^^^^^^^^^^^^^^^^^^^^^^^^^^^^^^^^^^^^^^^^^^^^^^^^^^^^^^^^^^^^^^^^^^^^^^^
  File "/a/mm/ab/nn/util/Train.py", line 565, in train_new
    remove(temp_file_path)
FileNotFoundError: [Errno 2] No such file or directory: '/a/mm/out_nneval_tmp_pid_300/nn/tmp/GenFractalNet-22466b9c19537308b88385d167cab7a7-6e996ae1ad7df242fc9f6b10706a9925.py'
Evaluation Failed: [Errno 2] No such file or directory: '/a/mm/out_nneval_tmp_pid_300/nn/tmp/GenFractalNet-7883e5e6311dfa5ecd7cf4c487e819db-f5b4521df83eb9c46708d117ea4ed348.py'
Error during training: No module named 'out_nneval_tmp_pid_300.nn.tmp.GenFractalNet-22466b9c19537308b88385d167cab7a7-6e996ae1ad7df242fc9f6b10706a9925'
Eval Fail: [Errno 2] No such file or directory: '/a/mm/out_nneval_tmp_pid_300/nn/tmp/GenFractalNet-22466b9c19537308b88385d167cab7a7-6e996ae1ad7df242fc9f6b10706a9925.py'
  - Cleaned up temp file: /a/mm/ab/gpt/brute/ga/meta_evolution/ga_fractal_arch_cifar10/_tmp_GenFractalNet-22466b9c19537308b88385d167cab7a7.py


 >>> GENERATION 5 <<<

  Evaluating Individual 6/20 ---- Generation: 5/5
  - Evaluating unique arch (checksum: 7883e5e6...)
Evaluating /a/mm/out_nneval_tmp_pid_300/nn/tmp/GenFractalNet-7883e5e6311dfa5ecd7cf4c487e819db-f5b4521df83eb9c46708d117ea4ed348.py...
Error analyzing complexity for /a/mm/out_nneval_tmp_pid_300/nn/tmp/GenFractalNet-7883e5e6311dfa5ecd7cf4c487e819db-f5b4521df83eb9c46708d117ea4ed348.py: [Errno 2] No such file or directory: '/a/mm/out_nneval_tmp_pid_300/nn/tmp/GenFractalNet-7883e5e6311dfa5ecd7cf4c487e819db-f5b4521df83eb9c46708d117ea4ed348.py'
Traceback (most recent call last):
  File "/a/mm/ab/nn/util/Train.py", line 538, in train_new
    trainer = Train(
              ^^^^^^
  File "/a/mm/ab/nn/util/Train.py", line 214, in __init__
    model_net = get_attr(nn_module, 'Net')
                ^^^^^^^^^^^^^^^^^^^^^^^^^^
  File "/a/mm/ab/nn/util/db/Util.py", line 24, in get_attr
    return get_obj_attr(__import__(mod, fromlist=[f]), f)
                        ^^^^^^^^^^^^^^^^^^^^^^^^^^^^^
ModuleNotFoundError: No module named 'out_nneval_tmp_pid_300.nn.tmp.GenFractalNet-7883e5e6311dfa5ecd7cf4c487e819db-f5b4521df83eb9c46708d117ea4ed348'

During handling of the above exception, another exception occurred:

Traceback (most recent call last):
  File "/a/mm/ab/gpt/brute/ga/meta_evolution/run_fractal_evolution.py", line 253, in fitness_function
    result = evaluator.evaluate(filepath)
             ^^^^^^^^^^^^^^^^^^^^^^^^^^^^
  File "/a/mm/ab/gpt/util/Eval.py", line 107, in evaluate
    return api.check_nn(
           ^^^^^^^^^^^^^
  File "/a/mm/ab/nn/api.py", line 105, in check_nn
    return Train.train_new(nn_code, task, dataset, metric, prm, save_to_db=save_to_db, prefix=prefix, save_path=save_path, export_onnx=export_onnx,
           ^^^^^^^^^^^^^^^^^^^^^^^^^^^^^^^^^^^^^^^^^^^^^^^^^^^^^^^^^^^^^^^^^^^^^^^^^^^^^^^^^^^^^^^^^^^^^^^^^^^^^^^^^^^^^^^^^^^^^^^^^^^^^^^^^^^^^^^^
  File "/a/mm/ab/nn/util/Train.py", line 565, in train_new
    remove(temp_file_path)
FileNotFoundError: [Errno 2] No such file or directory: '/a/mm/out_nneval_tmp_pid_300/nn/tmp/GenFractalNet-7883e5e6311dfa5ecd7cf4c487e819db-f5b4521df83eb9c46708d117ea4ed348.py'
Model instantiation succeeded.
The training environment is set up successfully, using the following device: cuda.
Simulated training data created successfully.
Training step executed successfully.
Error during training: No module named 'out_nneval_tmp_pid_300.nn.tmp.GenFractalNet-7883e5e6311dfa5ecd7cf4c487e819db-f5b4521df83eb9c46708d117ea4ed348'
Eval Fail: [Errno 2] No such file or directory: '/a/mm/out_nneval_tmp_pid_300/nn/tmp/GenFractalNet-7883e5e6311dfa5ecd7cf4c487e819db-f5b4521df83eb9c46708d117ea4ed348.py'
  - Cleaned up temp file: /a/mm/ab/gpt/brute/ga/meta_evolution/ga_fractal_arch_cifar10/_tmp_GenFractalNet-7883e5e6311dfa5ecd7cf4c487e819db.py
  Evaluating Individual 7/20 ---- Generation: 5/5
  - Evaluating unique arch (checksum: aca63435...)
Evaluating /a/mm/out_nneval_tmp_pid_300/nn/tmp/GenFractalNet-aca63435c18768a3e110f467e62d5fe9-9017cec0d24c54b5292fcc673f663da4.py...
Traceback (most recent call last):
  File "/a/mm/ab/nn/util/Train.py", line 538, in train_new
    trainer = Train(
              ^^^^^^
  File "/a/mm/ab/nn/util/Train.py", line 214, in __init__
    model_net = get_attr(nn_module, 'Net')
                ^^^^^^^^^^^^^^^^^^^^^^^^^^
  File "/a/mm/ab/nn/util/db/Util.py", line 24, in get_attr
    return get_obj_attr(__import__(mod, fromlist=[f]), f)
                        ^^^^^^^^^^^^^^^^^^^^^^^^^^^^^
ModuleNotFoundError: No module named 'out_nneval_tmp_pid_300.nn.tmp.GenFractalNet-aca63435c18768a3e110f467e62d5fe9-9017cec0d24c54b5292fcc673f663da4'

During handling of the above exception, another exception occurred:

Traceback (most recent call last):
  File "/a/mm/ab/gpt/brute/ga/meta_evolution/run_fractal_evolution.py", line 253, in fitness_function
    result = evaluator.evaluate(filepath)
             ^^^^^^^^^^^^^^^^^^^^^^^^^^^^
  File "/a/mm/ab/gpt/util/Eval.py", line 107, in evaluate
    return api.check_nn(
           ^^^^^^^^^^^^^
  File "/a/mm/ab/nn/api.py", line 105, in check_nn
    return Train.train_new(nn_code, task, dataset, metric, prm, save_to_db=save_to_db, prefix=prefix, save_path=save_path, export_onnx=export_onnx,
           ^^^^^^^^^^^^^^^^^^^^^^^^^^^^^^^^^^^^^^^^^^^^^^^^^^^^^^^^^^^^^^^^^^^^^^^^^^^^^^^^^^^^^^^^^^^^^^^^^^^^^^^^^^^^^^^^^^^^^^^^^^^^^^^^^^^^^^^^
  File "/a/mm/ab/nn/util/Train.py", line 565, in train_new
    remove(temp_file_path)
FileNotFoundError: [Errno 2] No such file or directory: '/a/mm/out_nneval_tmp_pid_300/nn/tmp/GenFractalNet-aca63435c18768a3e110f467e62d5fe9-9017cec0d24c54b5292fcc673f663da4.py'
Evaluation Failed: [Errno 2] No such file or directory: '/a/mm/out_nneval_tmp_pid_300/nn/tmp/GenFractalNet-456292594c8c3fbea2241c5961a45311-fa10ff91c4ff1dd2ac647e8f4743fdc8.py'
Error during training: No module named 'out_nneval_tmp_pid_300.nn.tmp.GenFractalNet-aca63435c18768a3e110f467e62d5fe9-9017cec0d24c54b5292fcc673f663da4'
Eval Fail: [Errno 2] No such file or directory: '/a/mm/out_nneval_tmp_pid_300/nn/tmp/GenFractalNet-aca63435c18768a3e110f467e62d5fe9-9017cec0d24c54b5292fcc673f663da4.py'
  - Cleaned up temp file: /a/mm/ab/gpt/brute/ga/meta_evolution/ga_fractal_arch_cifar10/_tmp_GenFractalNet-aca63435c18768a3e110f467e62d5fe9.py
  Evaluating Individual 8/20 ---- Generation: 5/5
  - Evaluating unique arch (checksum: 45629259...)
Evaluating /a/mm/out_nneval_tmp_pid_300/nn/tmp/GenFractalNet-456292594c8c3fbea2241c5961a45311-fa10ff91c4ff1dd2ac647e8f4743fdc8.py...
Error analyzing complexity for /a/mm/out_nneval_tmp_pid_300/nn/tmp/GenFractalNet-456292594c8c3fbea2241c5961a45311-fa10ff91c4ff1dd2ac647e8f4743fdc8.py: [Errno 2] No such file or directory: '/a/mm/out_nneval_tmp_pid_300/nn/tmp/GenFractalNet-456292594c8c3fbea2241c5961a45311-fa10ff91c4ff1dd2ac647e8f4743fdc8.py'
Traceback (most recent call last):
  File "/a/mm/ab/nn/util/Train.py", line 538, in train_new
    trainer = Train(
              ^^^^^^
  File "/a/mm/ab/nn/util/Train.py", line 214, in __init__
    model_net = get_attr(nn_module, 'Net')
                ^^^^^^^^^^^^^^^^^^^^^^^^^^
  File "/a/mm/ab/nn/util/db/Util.py", line 24, in get_attr
    return get_obj_attr(__import__(mod, fromlist=[f]), f)
                        ^^^^^^^^^^^^^^^^^^^^^^^^^^^^^
ModuleNotFoundError: No module named 'out_nneval_tmp_pid_300.nn.tmp.GenFractalNet-456292594c8c3fbea2241c5961a45311-fa10ff91c4ff1dd2ac647e8f4743fdc8'

During handling of the above exception, another exception occurred:

Traceback (most recent call last):
  File "/a/mm/ab/gpt/brute/ga/meta_evolution/run_fractal_evolution.py", line 253, in fitness_function
    result = evaluator.evaluate(filepath)
             ^^^^^^^^^^^^^^^^^^^^^^^^^^^^
  File "/a/mm/ab/gpt/util/Eval.py", line 107, in evaluate
    return api.check_nn(
           ^^^^^^^^^^^^^
  File "/a/mm/ab/nn/api.py", line 105, in check_nn
    return Train.train_new(nn_code, task, dataset, metric, prm, save_to_db=save_to_db, prefix=prefix, save_path=save_path, export_onnx=export_onnx,
           ^^^^^^^^^^^^^^^^^^^^^^^^^^^^^^^^^^^^^^^^^^^^^^^^^^^^^^^^^^^^^^^^^^^^^^^^^^^^^^^^^^^^^^^^^^^^^^^^^^^^^^^^^^^^^^^^^^^^^^^^^^^^^^^^^^^^^^^^
  File "/a/mm/ab/nn/util/Train.py", line 565, in train_new
    remove(temp_file_path)
FileNotFoundError: [Errno 2] No such file or directory: '/a/mm/out_nneval_tmp_pid_300/nn/tmp/GenFractalNet-456292594c8c3fbea2241c5961a45311-fa10ff91c4ff1dd2ac647e8f4743fdc8.py'
Evaluation Failed: [Errno 2] No such file or directory: '/a/mm/out_nneval_tmp_pid_300/nn/tmp/GenFractalNet-14e9814aa77601c389b4c9f6c04c59d4-a11d170aafe235046d5fca6e2098cb1b.py'
Error during training: No module named 'out_nneval_tmp_pid_300.nn.tmp.GenFractalNet-456292594c8c3fbea2241c5961a45311-fa10ff91c4ff1dd2ac647e8f4743fdc8'
Eval Fail: [Errno 2] No such file or directory: '/a/mm/out_nneval_tmp_pid_300/nn/tmp/GenFractalNet-456292594c8c3fbea2241c5961a45311-fa10ff91c4ff1dd2ac647e8f4743fdc8.py'
  - Cleaned up temp file: /a/mm/ab/gpt/brute/ga/meta_evolution/ga_fractal_arch_cifar10/_tmp_GenFractalNet-456292594c8c3fbea2241c5961a45311.py
  Evaluating Individual 9/20 ---- Generation: 5/5
  - Evaluating unique arch (checksum: 14e9814a...)
Evaluating /a/mm/out_nneval_tmp_pid_300/nn/tmp/GenFractalNet-14e9814aa77601c389b4c9f6c04c59d4-a11d170aafe235046d5fca6e2098cb1b.py...
Error analyzing complexity for /a/mm/out_nneval_tmp_pid_300/nn/tmp/GenFractalNet-14e9814aa77601c389b4c9f6c04c59d4-a11d170aafe235046d5fca6e2098cb1b.py: [Errno 2] No such file or directory: '/a/mm/out_nneval_tmp_pid_300/nn/tmp/GenFractalNet-14e9814aa77601c389b4c9f6c04c59d4-a11d170aafe235046d5fca6e2098cb1b.py'
Traceback (most recent call last):
  File "/a/mm/ab/nn/util/Train.py", line 538, in train_new
    trainer = Train(
              ^^^^^^
  File "/a/mm/ab/nn/util/Train.py", line 214, in __init__
    model_net = get_attr(nn_module, 'Net')
                ^^^^^^^^^^^^^^^^^^^^^^^^^^
  File "/a/mm/ab/nn/util/db/Util.py", line 24, in get_attr
    return get_obj_attr(__import__(mod, fromlist=[f]), f)
                        ^^^^^^^^^^^^^^^^^^^^^^^^^^^^^
ModuleNotFoundError: No module named 'out_nneval_tmp_pid_300.nn.tmp.GenFractalNet-14e9814aa77601c389b4c9f6c04c59d4-a11d170aafe235046d5fca6e2098cb1b'

During handling of the above exception, another exception occurred:

Traceback (most recent call last):
  File "/a/mm/ab/gpt/brute/ga/meta_evolution/run_fractal_evolution.py", line 253, in fitness_function
    result = evaluator.evaluate(filepath)
             ^^^^^^^^^^^^^^^^^^^^^^^^^^^^
  File "/a/mm/ab/gpt/util/Eval.py", line 107, in evaluate
    return api.check_nn(
           ^^^^^^^^^^^^^
  File "/a/mm/ab/nn/api.py", line 105, in check_nn
    return Train.train_new(nn_code, task, dataset, metric, prm, save_to_db=save_to_db, prefix=prefix, save_path=save_path, export_onnx=export_onnx,
           ^^^^^^^^^^^^^^^^^^^^^^^^^^^^^^^^^^^^^^^^^^^^^^^^^^^^^^^^^^^^^^^^^^^^^^^^^^^^^^^^^^^^^^^^^^^^^^^^^^^^^^^^^^^^^^^^^^^^^^^^^^^^^^^^^^^^^^^^
  File "/a/mm/ab/nn/util/Train.py", line 565, in train_new
    remove(temp_file_path)
FileNotFoundError: [Errno 2] No such file or directory: '/a/mm/out_nneval_tmp_pid_300/nn/tmp/GenFractalNet-14e9814aa77601c389b4c9f6c04c59d4-a11d170aafe235046d5fca6e2098cb1b.py'
Evaluation Failed: [Errno 2] No such file or directory: '/a/mm/out_nneval_tmp_pid_300/nn/tmp/GenFractalNet-d1d9bfcc80e89415e7d1553faf4df399-c72ea7632244ac67a11b9e33c08a51d9.py'
Error during training: No module named 'out_nneval_tmp_pid_300.nn.tmp.GenFractalNet-14e9814aa77601c389b4c9f6c04c59d4-a11d170aafe235046d5fca6e2098cb1b'
Eval Fail: [Errno 2] No such file or directory: '/a/mm/out_nneval_tmp_pid_300/nn/tmp/GenFractalNet-14e9814aa77601c389b4c9f6c04c59d4-a11d170aafe235046d5fca6e2098cb1b.py'
  - Cleaned up temp file: /a/mm/ab/gpt/brute/ga/meta_evolution/ga_fractal_arch_cifar10/_tmp_GenFractalNet-14e9814aa77601c389b4c9f6c04c59d4.py
  Evaluating Individual 10/20 ---- Generation: 5/5
  - Evaluating unique arch (checksum: d1d9bfcc...)
Evaluating /a/mm/out_nneval_tmp_pid_300/nn/tmp/GenFractalNet-d1d9bfcc80e89415e7d1553faf4df399-c72ea7632244ac67a11b9e33c08a51d9.py...
Error analyzing complexity for /a/mm/out_nneval_tmp_pid_300/nn/tmp/GenFractalNet-d1d9bfcc80e89415e7d1553faf4df399-c72ea7632244ac67a11b9e33c08a51d9.py: [Errno 2] No such file or directory: '/a/mm/out_nneval_tmp_pid_300/nn/tmp/GenFractalNet-d1d9bfcc80e89415e7d1553faf4df399-c72ea7632244ac67a11b9e33c08a51d9.py'
Traceback (most recent call last):
  File "/a/mm/ab/nn/util/Train.py", line 538, in train_new
    trainer = Train(
              ^^^^^^
  File "/a/mm/ab/nn/util/Train.py", line 214, in __init__
    model_net = get_attr(nn_module, 'Net')
                ^^^^^^^^^^^^^^^^^^^^^^^^^^
  File "/a/mm/ab/nn/util/db/Util.py", line 24, in get_attr
    return get_obj_attr(__import__(mod, fromlist=[f]), f)
                        ^^^^^^^^^^^^^^^^^^^^^^^^^^^^^
ModuleNotFoundError: No module named 'out_nneval_tmp_pid_300.nn.tmp.GenFractalNet-d1d9bfcc80e89415e7d1553faf4df399-c72ea7632244ac67a11b9e33c08a51d9'

During handling of the above exception, another exception occurred:

Traceback (most recent call last):
  File "/a/mm/ab/gpt/brute/ga/meta_evolution/run_fractal_evolution.py", line 253, in fitness_function
    result = evaluator.evaluate(filepath)
             ^^^^^^^^^^^^^^^^^^^^^^^^^^^^
  File "/a/mm/ab/gpt/util/Eval.py", line 107, in evaluate
    return api.check_nn(
           ^^^^^^^^^^^^^
  File "/a/mm/ab/nn/api.py", line 105, in check_nn
    return Train.train_new(nn_code, task, dataset, metric, prm, save_to_db=save_to_db, prefix=prefix, save_path=save_path, export_onnx=export_onnx,
           ^^^^^^^^^^^^^^^^^^^^^^^^^^^^^^^^^^^^^^^^^^^^^^^^^^^^^^^^^^^^^^^^^^^^^^^^^^^^^^^^^^^^^^^^^^^^^^^^^^^^^^^^^^^^^^^^^^^^^^^^^^^^^^^^^^^^^^^^
  File "/a/mm/ab/nn/util/Train.py", line 565, in train_new
    remove(temp_file_path)
FileNotFoundError: [Errno 2] No such file or directory: '/a/mm/out_nneval_tmp_pid_300/nn/tmp/GenFractalNet-d1d9bfcc80e89415e7d1553faf4df399-c72ea7632244ac67a11b9e33c08a51d9.py'
Evaluation Failed: [Errno 2] No such file or directory: '/a/mm/out_nneval_tmp_pid_300/nn/tmp/GenFractalNet-7bb666a181d2d40373b27b60eb584c04-add219dee25675b881d4369d3b1dc177.py'
Error during training: No module named 'out_nneval_tmp_pid_300.nn.tmp.GenFractalNet-d1d9bfcc80e89415e7d1553faf4df399-c72ea7632244ac67a11b9e33c08a51d9'
Eval Fail: [Errno 2] No such file or directory: '/a/mm/out_nneval_tmp_pid_300/nn/tmp/GenFractalNet-d1d9bfcc80e89415e7d1553faf4df399-c72ea7632244ac67a11b9e33c08a51d9.py'
  - Cleaned up temp file: /a/mm/ab/gpt/brute/ga/meta_evolution/ga_fractal_arch_cifar10/_tmp_GenFractalNet-d1d9bfcc80e89415e7d1553faf4df399.py
  Evaluating Individual 11/20 ---- Generation: 5/5
  - Evaluating unique arch (checksum: 7bb666a1...)
Evaluating /a/mm/out_nneval_tmp_pid_300/nn/tmp/GenFractalNet-7bb666a181d2d40373b27b60eb584c04-add219dee25675b881d4369d3b1dc177.py...
Error analyzing complexity for /a/mm/out_nneval_tmp_pid_300/nn/tmp/GenFractalNet-7bb666a181d2d40373b27b60eb584c04-add219dee25675b881d4369d3b1dc177.py: [Errno 2] No such file or directory: '/a/mm/out_nneval_tmp_pid_300/nn/tmp/GenFractalNet-7bb666a181d2d40373b27b60eb584c04-add219dee25675b881d4369d3b1dc177.py'
Traceback (most recent call last):
  File "/a/mm/ab/nn/util/Train.py", line 538, in train_new
    trainer = Train(
              ^^^^^^
  File "/a/mm/ab/nn/util/Train.py", line 214, in __init__
    model_net = get_attr(nn_module, 'Net')
                ^^^^^^^^^^^^^^^^^^^^^^^^^^
  File "/a/mm/ab/nn/util/db/Util.py", line 24, in get_attr
    return get_obj_attr(__import__(mod, fromlist=[f]), f)
                        ^^^^^^^^^^^^^^^^^^^^^^^^^^^^^
ModuleNotFoundError: No module named 'out_nneval_tmp_pid_300.nn.tmp.GenFractalNet-7bb666a181d2d40373b27b60eb584c04-add219dee25675b881d4369d3b1dc177'

During handling of the above exception, another exception occurred:

Traceback (most recent call last):
  File "/a/mm/ab/gpt/brute/ga/meta_evolution/run_fractal_evolution.py", line 253, in fitness_function
    result = evaluator.evaluate(filepath)
             ^^^^^^^^^^^^^^^^^^^^^^^^^^^^
  File "/a/mm/ab/gpt/util/Eval.py", line 107, in evaluate
    return api.check_nn(
           ^^^^^^^^^^^^^
  File "/a/mm/ab/nn/api.py", line 105, in check_nn
    return Train.train_new(nn_code, task, dataset, metric, prm, save_to_db=save_to_db, prefix=prefix, save_path=save_path, export_onnx=export_onnx,
           ^^^^^^^^^^^^^^^^^^^^^^^^^^^^^^^^^^^^^^^^^^^^^^^^^^^^^^^^^^^^^^^^^^^^^^^^^^^^^^^^^^^^^^^^^^^^^^^^^^^^^^^^^^^^^^^^^^^^^^^^^^^^^^^^^^^^^^^^
  File "/a/mm/ab/nn/util/Train.py", line 565, in train_new
    remove(temp_file_path)
FileNotFoundError: [Errno 2] No such file or directory: '/a/mm/out_nneval_tmp_pid_300/nn/tmp/GenFractalNet-7bb666a181d2d40373b27b60eb584c04-add219dee25675b881d4369d3b1dc177.py'
Evaluation Failed: [Errno 2] No such file or directory: '/a/mm/out_nneval_tmp_pid_300/nn/tmp/GenFractalNet-a67fc1e42b9b1489d2d026d47395415c-1738378fe3e0e805a3b0ce10d17a04f7.py'
Error during training: No module named 'out_nneval_tmp_pid_300.nn.tmp.GenFractalNet-7bb666a181d2d40373b27b60eb584c04-add219dee25675b881d4369d3b1dc177'
Eval Fail: [Errno 2] No such file or directory: '/a/mm/out_nneval_tmp_pid_300/nn/tmp/GenFractalNet-7bb666a181d2d40373b27b60eb584c04-add219dee25675b881d4369d3b1dc177.py'
  - Cleaned up temp file: /a/mm/ab/gpt/brute/ga/meta_evolution/ga_fractal_arch_cifar10/_tmp_GenFractalNet-7bb666a181d2d40373b27b60eb584c04.py
  Evaluating Individual 12/20 ---- Generation: 5/5
  - Evaluating unique arch (checksum: a67fc1e4...)
Evaluating /a/mm/out_nneval_tmp_pid_300/nn/tmp/GenFractalNet-a67fc1e42b9b1489d2d026d47395415c-1738378fe3e0e805a3b0ce10d17a04f7.py...
Error analyzing complexity for /a/mm/out_nneval_tmp_pid_300/nn/tmp/GenFractalNet-a67fc1e42b9b1489d2d026d47395415c-1738378fe3e0e805a3b0ce10d17a04f7.py: [Errno 2] No such file or directory: '/a/mm/out_nneval_tmp_pid_300/nn/tmp/GenFractalNet-a67fc1e42b9b1489d2d026d47395415c-1738378fe3e0e805a3b0ce10d17a04f7.py'
Traceback (most recent call last):
  File "/a/mm/ab/nn/util/Train.py", line 538, in train_new
    trainer = Train(
              ^^^^^^
  File "/a/mm/ab/nn/util/Train.py", line 214, in __init__
    model_net = get_attr(nn_module, 'Net')
                ^^^^^^^^^^^^^^^^^^^^^^^^^^
  File "/a/mm/ab/nn/util/db/Util.py", line 24, in get_attr
    return get_obj_attr(__import__(mod, fromlist=[f]), f)
                        ^^^^^^^^^^^^^^^^^^^^^^^^^^^^^
ModuleNotFoundError: No module named 'out_nneval_tmp_pid_300.nn.tmp.GenFractalNet-a67fc1e42b9b1489d2d026d47395415c-1738378fe3e0e805a3b0ce10d17a04f7'

During handling of the above exception, another exception occurred:

Traceback (most recent call last):
  File "/a/mm/ab/gpt/brute/ga/meta_evolution/run_fractal_evolution.py", line 253, in fitness_function
    result = evaluator.evaluate(filepath)
             ^^^^^^^^^^^^^^^^^^^^^^^^^^^^
  File "/a/mm/ab/gpt/util/Eval.py", line 107, in evaluate
    return api.check_nn(
           ^^^^^^^^^^^^^
  File "/a/mm/ab/nn/api.py", line 105, in check_nn
    return Train.train_new(nn_code, task, dataset, metric, prm, save_to_db=save_to_db, prefix=prefix, save_path=save_path, export_onnx=export_onnx,
           ^^^^^^^^^^^^^^^^^^^^^^^^^^^^^^^^^^^^^^^^^^^^^^^^^^^^^^^^^^^^^^^^^^^^^^^^^^^^^^^^^^^^^^^^^^^^^^^^^^^^^^^^^^^^^^^^^^^^^^^^^^^^^^^^^^^^^^^^
  File "/a/mm/ab/nn/util/Train.py", line 565, in train_new
    remove(temp_file_path)
FileNotFoundError: [Errno 2] No such file or directory: '/a/mm/out_nneval_tmp_pid_300/nn/tmp/GenFractalNet-a67fc1e42b9b1489d2d026d47395415c-1738378fe3e0e805a3b0ce10d17a04f7.py'
Evaluation Failed: [Errno 2] No such file or directory: '/a/mm/out_nneval_tmp_pid_300/nn/tmp/GenFractalNet-ff7c8121a9dcd0172917342957465e6b-acb6020bb45df61ec852187dfdeb987d.py'
Error during training: No module named 'out_nneval_tmp_pid_300.nn.tmp.GenFractalNet-a67fc1e42b9b1489d2d026d47395415c-1738378fe3e0e805a3b0ce10d17a04f7'
Eval Fail: [Errno 2] No such file or directory: '/a/mm/out_nneval_tmp_pid_300/nn/tmp/GenFractalNet-a67fc1e42b9b1489d2d026d47395415c-1738378fe3e0e805a3b0ce10d17a04f7.py'
  - Cleaned up temp file: /a/mm/ab/gpt/brute/ga/meta_evolution/ga_fractal_arch_cifar10/_tmp_GenFractalNet-a67fc1e42b9b1489d2d026d47395415c.py
  Evaluating Individual 13/20 ---- Generation: 5/5
  - Evaluating unique arch (checksum: ff7c8121...)
Evaluating /a/mm/out_nneval_tmp_pid_300/nn/tmp/GenFractalNet-ff7c8121a9dcd0172917342957465e6b-acb6020bb45df61ec852187dfdeb987d.py...
Error analyzing complexity for /a/mm/out_nneval_tmp_pid_300/nn/tmp/GenFractalNet-ff7c8121a9dcd0172917342957465e6b-acb6020bb45df61ec852187dfdeb987d.py: [Errno 2] No such file or directory: '/a/mm/out_nneval_tmp_pid_300/nn/tmp/GenFractalNet-ff7c8121a9dcd0172917342957465e6b-acb6020bb45df61ec852187dfdeb987d.py'
Traceback (most recent call last):
  File "/a/mm/ab/nn/util/Train.py", line 538, in train_new
    trainer = Train(
              ^^^^^^
  File "/a/mm/ab/nn/util/Train.py", line 214, in __init__
    model_net = get_attr(nn_module, 'Net')
                ^^^^^^^^^^^^^^^^^^^^^^^^^^
  File "/a/mm/ab/nn/util/db/Util.py", line 24, in get_attr
    return get_obj_attr(__import__(mod, fromlist=[f]), f)
                        ^^^^^^^^^^^^^^^^^^^^^^^^^^^^^
ModuleNotFoundError: No module named 'out_nneval_tmp_pid_300.nn.tmp.GenFractalNet-ff7c8121a9dcd0172917342957465e6b-acb6020bb45df61ec852187dfdeb987d'

During handling of the above exception, another exception occurred:

Traceback (most recent call last):
  File "/a/mm/ab/gpt/brute/ga/meta_evolution/run_fractal_evolution.py", line 253, in fitness_function
    result = evaluator.evaluate(filepath)
             ^^^^^^^^^^^^^^^^^^^^^^^^^^^^
  File "/a/mm/ab/gpt/util/Eval.py", line 107, in evaluate
    return api.check_nn(
           ^^^^^^^^^^^^^
  File "/a/mm/ab/nn/api.py", line 105, in check_nn
    return Train.train_new(nn_code, task, dataset, metric, prm, save_to_db=save_to_db, prefix=prefix, save_path=save_path, export_onnx=export_onnx,
           ^^^^^^^^^^^^^^^^^^^^^^^^^^^^^^^^^^^^^^^^^^^^^^^^^^^^^^^^^^^^^^^^^^^^^^^^^^^^^^^^^^^^^^^^^^^^^^^^^^^^^^^^^^^^^^^^^^^^^^^^^^^^^^^^^^^^^^^^
  File "/a/mm/ab/nn/util/Train.py", line 565, in train_new
    remove(temp_file_path)
FileNotFoundError: [Errno 2] No such file or directory: '/a/mm/out_nneval_tmp_pid_300/nn/tmp/GenFractalNet-ff7c8121a9dcd0172917342957465e6b-acb6020bb45df61ec852187dfdeb987d.py'
Evaluation Failed: [Errno 2] No such file or directory: '/a/mm/out_nneval_tmp_pid_300/nn/tmp/GenFractalNet-483a16bb3ad0a160c2cd4bd7aafe5b18-db870cc4ce5b5113b8c971aabdcece2c.py'
Error during training: No module named 'out_nneval_tmp_pid_300.nn.tmp.GenFractalNet-ff7c8121a9dcd0172917342957465e6b-acb6020bb45df61ec852187dfdeb987d'
Eval Fail: [Errno 2] No such file or directory: '/a/mm/out_nneval_tmp_pid_300/nn/tmp/GenFractalNet-ff7c8121a9dcd0172917342957465e6b-acb6020bb45df61ec852187dfdeb987d.py'
  - Cleaned up temp file: /a/mm/ab/gpt/brute/ga/meta_evolution/ga_fractal_arch_cifar10/_tmp_GenFractalNet-ff7c8121a9dcd0172917342957465e6b.py
  Evaluating Individual 14/20 ---- Generation: 5/5
  - Evaluating unique arch (checksum: 483a16bb...)
Evaluating /a/mm/out_nneval_tmp_pid_300/nn/tmp/GenFractalNet-483a16bb3ad0a160c2cd4bd7aafe5b18-db870cc4ce5b5113b8c971aabdcece2c.py...
Error analyzing complexity for /a/mm/out_nneval_tmp_pid_300/nn/tmp/GenFractalNet-483a16bb3ad0a160c2cd4bd7aafe5b18-db870cc4ce5b5113b8c971aabdcece2c.py: [Errno 2] No such file or directory: '/a/mm/out_nneval_tmp_pid_300/nn/tmp/GenFractalNet-483a16bb3ad0a160c2cd4bd7aafe5b18-db870cc4ce5b5113b8c971aabdcece2c.py'
Traceback (most recent call last):
  File "/a/mm/ab/nn/util/Train.py", line 538, in train_new
    trainer = Train(
              ^^^^^^
  File "/a/mm/ab/nn/util/Train.py", line 214, in __init__
    model_net = get_attr(nn_module, 'Net')
                ^^^^^^^^^^^^^^^^^^^^^^^^^^
  File "/a/mm/ab/nn/util/db/Util.py", line 24, in get_attr
    return get_obj_attr(__import__(mod, fromlist=[f]), f)
                        ^^^^^^^^^^^^^^^^^^^^^^^^^^^^^
ModuleNotFoundError: No module named 'out_nneval_tmp_pid_300.nn.tmp.GenFractalNet-483a16bb3ad0a160c2cd4bd7aafe5b18-db870cc4ce5b5113b8c971aabdcece2c'

During handling of the above exception, another exception occurred:

Traceback (most recent call last):
  File "/a/mm/ab/gpt/brute/ga/meta_evolution/run_fractal_evolution.py", line 253, in fitness_function
    result = evaluator.evaluate(filepath)
             ^^^^^^^^^^^^^^^^^^^^^^^^^^^^
  File "/a/mm/ab/gpt/util/Eval.py", line 107, in evaluate
    return api.check_nn(
           ^^^^^^^^^^^^^
  File "/a/mm/ab/nn/api.py", line 105, in check_nn
    return Train.train_new(nn_code, task, dataset, metric, prm, save_to_db=save_to_db, prefix=prefix, save_path=save_path, export_onnx=export_onnx,
           ^^^^^^^^^^^^^^^^^^^^^^^^^^^^^^^^^^^^^^^^^^^^^^^^^^^^^^^^^^^^^^^^^^^^^^^^^^^^^^^^^^^^^^^^^^^^^^^^^^^^^^^^^^^^^^^^^^^^^^^^^^^^^^^^^^^^^^^^
  File "/a/mm/ab/nn/util/Train.py", line 565, in train_new
    remove(temp_file_path)
FileNotFoundError: [Errno 2] No such file or directory: '/a/mm/out_nneval_tmp_pid_300/nn/tmp/GenFractalNet-483a16bb3ad0a160c2cd4bd7aafe5b18-db870cc4ce5b5113b8c971aabdcece2c.py'
Evaluation Failed: [Errno 2] No such file or directory: '/a/mm/out_nneval_tmp_pid_300/nn/tmp/GenFractalNet-5e1829e2796b0f2671fcb7f80025a9d6-db4f08b549021ae814b058aee139d17f.py'
Error during training: No module named 'out_nneval_tmp_pid_300.nn.tmp.GenFractalNet-483a16bb3ad0a160c2cd4bd7aafe5b18-db870cc4ce5b5113b8c971aabdcece2c'
Eval Fail: [Errno 2] No such file or directory: '/a/mm/out_nneval_tmp_pid_300/nn/tmp/GenFractalNet-483a16bb3ad0a160c2cd4bd7aafe5b18-db870cc4ce5b5113b8c971aabdcece2c.py'
  - Cleaned up temp file: /a/mm/ab/gpt/brute/ga/meta_evolution/ga_fractal_arch_cifar10/_tmp_GenFractalNet-483a16bb3ad0a160c2cd4bd7aafe5b18.py
  Evaluating Individual 15/20 ---- Generation: 5/5
  - Evaluating unique arch (checksum: 5e1829e2...)
Evaluating /a/mm/out_nneval_tmp_pid_300/nn/tmp/GenFractalNet-5e1829e2796b0f2671fcb7f80025a9d6-db4f08b549021ae814b058aee139d17f.py...
Error analyzing complexity for /a/mm/out_nneval_tmp_pid_300/nn/tmp/GenFractalNet-5e1829e2796b0f2671fcb7f80025a9d6-db4f08b549021ae814b058aee139d17f.py: [Errno 2] No such file or directory: '/a/mm/out_nneval_tmp_pid_300/nn/tmp/GenFractalNet-5e1829e2796b0f2671fcb7f80025a9d6-db4f08b549021ae814b058aee139d17f.py'
Traceback (most recent call last):
  File "/a/mm/ab/nn/util/Train.py", line 538, in train_new
    trainer = Train(
              ^^^^^^
  File "/a/mm/ab/nn/util/Train.py", line 214, in __init__
    model_net = get_attr(nn_module, 'Net')
                ^^^^^^^^^^^^^^^^^^^^^^^^^^
  File "/a/mm/ab/nn/util/db/Util.py", line 24, in get_attr
    return get_obj_attr(__import__(mod, fromlist=[f]), f)
                        ^^^^^^^^^^^^^^^^^^^^^^^^^^^^^
ModuleNotFoundError: No module named 'out_nneval_tmp_pid_300.nn.tmp.GenFractalNet-5e1829e2796b0f2671fcb7f80025a9d6-db4f08b549021ae814b058aee139d17f'

During handling of the above exception, another exception occurred:

Traceback (most recent call last):
  File "/a/mm/ab/gpt/brute/ga/meta_evolution/run_fractal_evolution.py", line 253, in fitness_function
    result = evaluator.evaluate(filepath)
             ^^^^^^^^^^^^^^^^^^^^^^^^^^^^
  File "/a/mm/ab/gpt/util/Eval.py", line 107, in evaluate
    return api.check_nn(
           ^^^^^^^^^^^^^
  File "/a/mm/ab/nn/api.py", line 105, in check_nn
    return Train.train_new(nn_code, task, dataset, metric, prm, save_to_db=save_to_db, prefix=prefix, save_path=save_path, export_onnx=export_onnx,
           ^^^^^^^^^^^^^^^^^^^^^^^^^^^^^^^^^^^^^^^^^^^^^^^^^^^^^^^^^^^^^^^^^^^^^^^^^^^^^^^^^^^^^^^^^^^^^^^^^^^^^^^^^^^^^^^^^^^^^^^^^^^^^^^^^^^^^^^^
  File "/a/mm/ab/nn/util/Train.py", line 565, in train_new
    remove(temp_file_path)
FileNotFoundError: [Errno 2] No such file or directory: '/a/mm/out_nneval_tmp_pid_300/nn/tmp/GenFractalNet-5e1829e2796b0f2671fcb7f80025a9d6-db4f08b549021ae814b058aee139d17f.py'
Evaluation Failed: [Errno 2] No such file or directory: '/a/mm/out_nneval_tmp_pid_300/nn/tmp/GenFractalNet-982ed9dbdd8ea10982e5996a266f9959-7398109f89b0bf904ae99c3cf234b662.py'
Error during training: No module named 'out_nneval_tmp_pid_300.nn.tmp.GenFractalNet-5e1829e2796b0f2671fcb7f80025a9d6-db4f08b549021ae814b058aee139d17f'
Eval Fail: [Errno 2] No such file or directory: '/a/mm/out_nneval_tmp_pid_300/nn/tmp/GenFractalNet-5e1829e2796b0f2671fcb7f80025a9d6-db4f08b549021ae814b058aee139d17f.py'
  - Cleaned up temp file: /a/mm/ab/gpt/brute/ga/meta_evolution/ga_fractal_arch_cifar10/_tmp_GenFractalNet-5e1829e2796b0f2671fcb7f80025a9d6.py
  Evaluating Individual 16/20 ---- Generation: 5/5
  - Evaluating unique arch (checksum: 982ed9db...)
Evaluating /a/mm/out_nneval_tmp_pid_300/nn/tmp/GenFractalNet-982ed9dbdd8ea10982e5996a266f9959-7398109f89b0bf904ae99c3cf234b662.py...
Error analyzing complexity for /a/mm/out_nneval_tmp_pid_300/nn/tmp/GenFractalNet-982ed9dbdd8ea10982e5996a266f9959-7398109f89b0bf904ae99c3cf234b662.py: [Errno 2] No such file or directory: '/a/mm/out_nneval_tmp_pid_300/nn/tmp/GenFractalNet-982ed9dbdd8ea10982e5996a266f9959-7398109f89b0bf904ae99c3cf234b662.py'
Traceback (most recent call last):
  File "/a/mm/ab/nn/util/Train.py", line 538, in train_new
    trainer = Train(
              ^^^^^^
  File "/a/mm/ab/nn/util/Train.py", line 214, in __init__
    model_net = get_attr(nn_module, 'Net')
                ^^^^^^^^^^^^^^^^^^^^^^^^^^
  File "/a/mm/ab/nn/util/db/Util.py", line 24, in get_attr
    return get_obj_attr(__import__(mod, fromlist=[f]), f)
                        ^^^^^^^^^^^^^^^^^^^^^^^^^^^^^
ModuleNotFoundError: No module named 'out_nneval_tmp_pid_300.nn.tmp.GenFractalNet-982ed9dbdd8ea10982e5996a266f9959-7398109f89b0bf904ae99c3cf234b662'

During handling of the above exception, another exception occurred:

Traceback (most recent call last):
  File "/a/mm/ab/gpt/brute/ga/meta_evolution/run_fractal_evolution.py", line 253, in fitness_function
    result = evaluator.evaluate(filepath)
             ^^^^^^^^^^^^^^^^^^^^^^^^^^^^
  File "/a/mm/ab/gpt/util/Eval.py", line 107, in evaluate
    return api.check_nn(
           ^^^^^^^^^^^^^
  File "/a/mm/ab/nn/api.py", line 105, in check_nn
    return Train.train_new(nn_code, task, dataset, metric, prm, save_to_db=save_to_db, prefix=prefix, save_path=save_path, export_onnx=export_onnx,
           ^^^^^^^^^^^^^^^^^^^^^^^^^^^^^^^^^^^^^^^^^^^^^^^^^^^^^^^^^^^^^^^^^^^^^^^^^^^^^^^^^^^^^^^^^^^^^^^^^^^^^^^^^^^^^^^^^^^^^^^^^^^^^^^^^^^^^^^^
  File "/a/mm/ab/nn/util/Train.py", line 565, in train_new
    remove(temp_file_path)
FileNotFoundError: [Errno 2] No such file or directory: '/a/mm/out_nneval_tmp_pid_300/nn/tmp/GenFractalNet-982ed9dbdd8ea10982e5996a266f9959-7398109f89b0bf904ae99c3cf234b662.py'
Evaluation Failed: [Errno 2] No such file or directory: '/a/mm/out_nneval_tmp_pid_300/nn/tmp/GenFractalNet-a28cae795f4ae309c101d219716748e0-759ef0014e48441a40841068d6e723e7.py'
Error during training: No module named 'out_nneval_tmp_pid_300.nn.tmp.GenFractalNet-982ed9dbdd8ea10982e5996a266f9959-7398109f89b0bf904ae99c3cf234b662'
Eval Fail: [Errno 2] No such file or directory: '/a/mm/out_nneval_tmp_pid_300/nn/tmp/GenFractalNet-982ed9dbdd8ea10982e5996a266f9959-7398109f89b0bf904ae99c3cf234b662.py'
  - Cleaned up temp file: /a/mm/ab/gpt/brute/ga/meta_evolution/ga_fractal_arch_cifar10/_tmp_GenFractalNet-982ed9dbdd8ea10982e5996a266f9959.py
  Evaluating Individual 17/20 ---- Generation: 5/5
  - Evaluating unique arch (checksum: a28cae79...)
Evaluating /a/mm/out_nneval_tmp_pid_300/nn/tmp/GenFractalNet-a28cae795f4ae309c101d219716748e0-759ef0014e48441a40841068d6e723e7.py...
Error analyzing complexity for /a/mm/out_nneval_tmp_pid_300/nn/tmp/GenFractalNet-a28cae795f4ae309c101d219716748e0-759ef0014e48441a40841068d6e723e7.py: [Errno 2] No such file or directory: '/a/mm/out_nneval_tmp_pid_300/nn/tmp/GenFractalNet-a28cae795f4ae309c101d219716748e0-759ef0014e48441a40841068d6e723e7.py'
Traceback (most recent call last):
  File "/a/mm/ab/nn/util/Train.py", line 538, in train_new
    trainer = Train(
              ^^^^^^
  File "/a/mm/ab/nn/util/Train.py", line 214, in __init__
    model_net = get_attr(nn_module, 'Net')
                ^^^^^^^^^^^^^^^^^^^^^^^^^^
  File "/a/mm/ab/nn/util/db/Util.py", line 24, in get_attr
    return get_obj_attr(__import__(mod, fromlist=[f]), f)
                        ^^^^^^^^^^^^^^^^^^^^^^^^^^^^^
ModuleNotFoundError: No module named 'out_nneval_tmp_pid_300.nn.tmp.GenFractalNet-a28cae795f4ae309c101d219716748e0-759ef0014e48441a40841068d6e723e7'

During handling of the above exception, another exception occurred:

Traceback (most recent call last):
  File "/a/mm/ab/gpt/brute/ga/meta_evolution/run_fractal_evolution.py", line 253, in fitness_function
    result = evaluator.evaluate(filepath)
             ^^^^^^^^^^^^^^^^^^^^^^^^^^^^
  File "/a/mm/ab/gpt/util/Eval.py", line 107, in evaluate
    return api.check_nn(
           ^^^^^^^^^^^^^
  File "/a/mm/ab/nn/api.py", line 105, in check_nn
    return Train.train_new(nn_code, task, dataset, metric, prm, save_to_db=save_to_db, prefix=prefix, save_path=save_path, export_onnx=export_onnx,
           ^^^^^^^^^^^^^^^^^^^^^^^^^^^^^^^^^^^^^^^^^^^^^^^^^^^^^^^^^^^^^^^^^^^^^^^^^^^^^^^^^^^^^^^^^^^^^^^^^^^^^^^^^^^^^^^^^^^^^^^^^^^^^^^^^^^^^^^^
  File "/a/mm/ab/nn/util/Train.py", line 565, in train_new
    remove(temp_file_path)
FileNotFoundError: [Errno 2] No such file or directory: '/a/mm/out_nneval_tmp_pid_300/nn/tmp/GenFractalNet-a28cae795f4ae309c101d219716748e0-759ef0014e48441a40841068d6e723e7.py'
Evaluation Failed: [Errno 2] No such file or directory: '/a/mm/out_nneval_tmp_pid_300/nn/tmp/GenFractalNet-583ce6c4c0d075e72a05e0abbde4b6bf-df92df5dcc4dd545d4b89e9eb249cc9b.py'
Error during training: No module named 'out_nneval_tmp_pid_300.nn.tmp.GenFractalNet-a28cae795f4ae309c101d219716748e0-759ef0014e48441a40841068d6e723e7'
Eval Fail: [Errno 2] No such file or directory: '/a/mm/out_nneval_tmp_pid_300/nn/tmp/GenFractalNet-a28cae795f4ae309c101d219716748e0-759ef0014e48441a40841068d6e723e7.py'
  - Cleaned up temp file: /a/mm/ab/gpt/brute/ga/meta_evolution/ga_fractal_arch_cifar10/_tmp_GenFractalNet-a28cae795f4ae309c101d219716748e0.py
  Evaluating Individual 18/20 ---- Generation: 5/5
  - Evaluating unique arch (checksum: 583ce6c4...)
Evaluating /a/mm/out_nneval_tmp_pid_300/nn/tmp/GenFractalNet-583ce6c4c0d075e72a05e0abbde4b6bf-df92df5dcc4dd545d4b89e9eb249cc9b.py...
Error analyzing complexity for /a/mm/out_nneval_tmp_pid_300/nn/tmp/GenFractalNet-583ce6c4c0d075e72a05e0abbde4b6bf-df92df5dcc4dd545d4b89e9eb249cc9b.py: [Errno 2] No such file or directory: '/a/mm/out_nneval_tmp_pid_300/nn/tmp/GenFractalNet-583ce6c4c0d075e72a05e0abbde4b6bf-df92df5dcc4dd545d4b89e9eb249cc9b.py'
Traceback (most recent call last):
  File "/a/mm/ab/nn/util/Train.py", line 538, in train_new
    trainer = Train(
              ^^^^^^
  File "/a/mm/ab/nn/util/Train.py", line 214, in __init__
    model_net = get_attr(nn_module, 'Net')
                ^^^^^^^^^^^^^^^^^^^^^^^^^^
  File "/a/mm/ab/nn/util/db/Util.py", line 24, in get_attr
    return get_obj_attr(__import__(mod, fromlist=[f]), f)
                        ^^^^^^^^^^^^^^^^^^^^^^^^^^^^^
ModuleNotFoundError: No module named 'out_nneval_tmp_pid_300.nn.tmp.GenFractalNet-583ce6c4c0d075e72a05e0abbde4b6bf-df92df5dcc4dd545d4b89e9eb249cc9b'

During handling of the above exception, another exception occurred:

Traceback (most recent call last):
  File "/a/mm/ab/gpt/brute/ga/meta_evolution/run_fractal_evolution.py", line 253, in fitness_function
    result = evaluator.evaluate(filepath)
             ^^^^^^^^^^^^^^^^^^^^^^^^^^^^
  File "/a/mm/ab/gpt/util/Eval.py", line 107, in evaluate
    return api.check_nn(
           ^^^^^^^^^^^^^
  File "/a/mm/ab/nn/api.py", line 105, in check_nn
    return Train.train_new(nn_code, task, dataset, metric, prm, save_to_db=save_to_db, prefix=prefix, save_path=save_path, export_onnx=export_onnx,
           ^^^^^^^^^^^^^^^^^^^^^^^^^^^^^^^^^^^^^^^^^^^^^^^^^^^^^^^^^^^^^^^^^^^^^^^^^^^^^^^^^^^^^^^^^^^^^^^^^^^^^^^^^^^^^^^^^^^^^^^^^^^^^^^^^^^^^^^^
  File "/a/mm/ab/nn/util/Train.py", line 565, in train_new
    remove(temp_file_path)
FileNotFoundError: [Errno 2] No such file or directory: '/a/mm/out_nneval_tmp_pid_300/nn/tmp/GenFractalNet-583ce6c4c0d075e72a05e0abbde4b6bf-df92df5dcc4dd545d4b89e9eb249cc9b.py'
Evaluation Failed: [Errno 2] No such file or directory: '/a/mm/out_nneval_tmp_pid_300/nn/tmp/GenFractalNet-1886e67c90fd37f92d78b46c1f7a3cc0-9cd659e50c19578181a70b09e1378428.py'
Error during training: No module named 'out_nneval_tmp_pid_300.nn.tmp.GenFractalNet-583ce6c4c0d075e72a05e0abbde4b6bf-df92df5dcc4dd545d4b89e9eb249cc9b'
Eval Fail: [Errno 2] No such file or directory: '/a/mm/out_nneval_tmp_pid_300/nn/tmp/GenFractalNet-583ce6c4c0d075e72a05e0abbde4b6bf-df92df5dcc4dd545d4b89e9eb249cc9b.py'
  - Cleaned up temp file: /a/mm/ab/gpt/brute/ga/meta_evolution/ga_fractal_arch_cifar10/_tmp_GenFractalNet-583ce6c4c0d075e72a05e0abbde4b6bf.py
  Evaluating Individual 19/20 ---- Generation: 5/5
  - Evaluating unique arch (checksum: 1886e67c...)
Evaluating /a/mm/out_nneval_tmp_pid_300/nn/tmp/GenFractalNet-1886e67c90fd37f92d78b46c1f7a3cc0-9cd659e50c19578181a70b09e1378428.py...
Error analyzing complexity for /a/mm/out_nneval_tmp_pid_300/nn/tmp/GenFractalNet-1886e67c90fd37f92d78b46c1f7a3cc0-9cd659e50c19578181a70b09e1378428.py: [Errno 2] No such file or directory: '/a/mm/out_nneval_tmp_pid_300/nn/tmp/GenFractalNet-1886e67c90fd37f92d78b46c1f7a3cc0-9cd659e50c19578181a70b09e1378428.py'
Traceback (most recent call last):
  File "/a/mm/ab/nn/util/Train.py", line 538, in train_new
    trainer = Train(
              ^^^^^^
  File "/a/mm/ab/nn/util/Train.py", line 214, in __init__
    model_net = get_attr(nn_module, 'Net')
                ^^^^^^^^^^^^^^^^^^^^^^^^^^
  File "/a/mm/ab/nn/util/db/Util.py", line 24, in get_attr
    return get_obj_attr(__import__(mod, fromlist=[f]), f)
                        ^^^^^^^^^^^^^^^^^^^^^^^^^^^^^
ModuleNotFoundError: No module named 'out_nneval_tmp_pid_300.nn.tmp.GenFractalNet-1886e67c90fd37f92d78b46c1f7a3cc0-9cd659e50c19578181a70b09e1378428'

During handling of the above exception, another exception occurred:

Traceback (most recent call last):
  File "/a/mm/ab/gpt/brute/ga/meta_evolution/run_fractal_evolution.py", line 253, in fitness_function
    result = evaluator.evaluate(filepath)
             ^^^^^^^^^^^^^^^^^^^^^^^^^^^^
  File "/a/mm/ab/gpt/util/Eval.py", line 107, in evaluate
    return api.check_nn(
           ^^^^^^^^^^^^^
  File "/a/mm/ab/nn/api.py", line 105, in check_nn
    return Train.train_new(nn_code, task, dataset, metric, prm, save_to_db=save_to_db, prefix=prefix, save_path=save_path, export_onnx=export_onnx,
           ^^^^^^^^^^^^^^^^^^^^^^^^^^^^^^^^^^^^^^^^^^^^^^^^^^^^^^^^^^^^^^^^^^^^^^^^^^^^^^^^^^^^^^^^^^^^^^^^^^^^^^^^^^^^^^^^^^^^^^^^^^^^^^^^^^^^^^^^
  File "/a/mm/ab/nn/util/Train.py", line 565, in train_new
    remove(temp_file_path)
FileNotFoundError: [Errno 2] No such file or directory: '/a/mm/out_nneval_tmp_pid_300/nn/tmp/GenFractalNet-1886e67c90fd37f92d78b46c1f7a3cc0-9cd659e50c19578181a70b09e1378428.py'
Evaluation Failed: [Errno 2] No such file or directory: '/a/mm/out_nneval_tmp_pid_300/nn/tmp/GenFractalNet-7d35dc0428154f3dbc120c498441de1c-d21a6f7200f721444b17be41b03433ba.py'
Error during training: No module named 'out_nneval_tmp_pid_300.nn.tmp.GenFractalNet-1886e67c90fd37f92d78b46c1f7a3cc0-9cd659e50c19578181a70b09e1378428'
Eval Fail: [Errno 2] No such file or directory: '/a/mm/out_nneval_tmp_pid_300/nn/tmp/GenFractalNet-1886e67c90fd37f92d78b46c1f7a3cc0-9cd659e50c19578181a70b09e1378428.py'
  - Cleaned up temp file: /a/mm/ab/gpt/brute/ga/meta_evolution/ga_fractal_arch_cifar10/_tmp_GenFractalNet-1886e67c90fd37f92d78b46c1f7a3cc0.py
  Evaluating Individual 20/20 ---- Generation: 5/5
  - Evaluating unique arch (checksum: 7d35dc04...)
Evaluating /a/mm/out_nneval_tmp_pid_300/nn/tmp/GenFractalNet-7d35dc0428154f3dbc120c498441de1c-d21a6f7200f721444b17be41b03433ba.py...
Error analyzing complexity for /a/mm/out_nneval_tmp_pid_300/nn/tmp/GenFractalNet-7d35dc0428154f3dbc120c498441de1c-d21a6f7200f721444b17be41b03433ba.py: [Errno 2] No such file or directory: '/a/mm/out_nneval_tmp_pid_300/nn/tmp/GenFractalNet-7d35dc0428154f3dbc120c498441de1c-d21a6f7200f721444b17be41b03433ba.py'
Traceback (most recent call last):
  File "/a/mm/ab/nn/util/Train.py", line 538, in train_new
    trainer = Train(
              ^^^^^^
  File "/a/mm/ab/nn/util/Train.py", line 214, in __init__
    model_net = get_attr(nn_module, 'Net')
                ^^^^^^^^^^^^^^^^^^^^^^^^^^
  File "/a/mm/ab/nn/util/db/Util.py", line 24, in get_attr
    return get_obj_attr(__import__(mod, fromlist=[f]), f)
                        ^^^^^^^^^^^^^^^^^^^^^^^^^^^^^
ModuleNotFoundError: No module named 'out_nneval_tmp_pid_300.nn.tmp.GenFractalNet-7d35dc0428154f3dbc120c498441de1c-d21a6f7200f721444b17be41b03433ba'

During handling of the above exception, another exception occurred:

Traceback (most recent call last):
  File "/a/mm/ab/gpt/brute/ga/meta_evolution/run_fractal_evolution.py", line 253, in fitness_function
    result = evaluator.evaluate(filepath)
             ^^^^^^^^^^^^^^^^^^^^^^^^^^^^
  File "/a/mm/ab/gpt/util/Eval.py", line 107, in evaluate
    return api.check_nn(
           ^^^^^^^^^^^^^
  File "/a/mm/ab/nn/api.py", line 105, in check_nn
    return Train.train_new(nn_code, task, dataset, metric, prm, save_to_db=save_to_db, prefix=prefix, save_path=save_path, export_onnx=export_onnx,
           ^^^^^^^^^^^^^^^^^^^^^^^^^^^^^^^^^^^^^^^^^^^^^^^^^^^^^^^^^^^^^^^^^^^^^^^^^^^^^^^^^^^^^^^^^^^^^^^^^^^^^^^^^^^^^^^^^^^^^^^^^^^^^^^^^^^^^^^^
  File "/a/mm/ab/nn/util/Train.py", line 565, in train_new
    remove(temp_file_path)
FileNotFoundError: [Errno 2] No such file or directory: '/a/mm/out_nneval_tmp_pid_300/nn/tmp/GenFractalNet-7d35dc0428154f3dbc120c498441de1c-d21a6f7200f721444b17be41b03433ba.py'
Error during training: No module named 'out_nneval_tmp_pid_300.nn.tmp.GenFractalNet-7d35dc0428154f3dbc120c498441de1c-d21a6f7200f721444b17be41b03433ba'
Eval Fail: [Errno 2] No such file or directory: '/a/mm/out_nneval_tmp_pid_300/nn/tmp/GenFractalNet-7d35dc0428154f3dbc120c498441de1c-d21a6f7200f721444b17be41b03433ba.py'
  - Cleaned up temp file: /a/mm/ab/gpt/brute/ga/meta_evolution/ga_fractal_arch_cifar10/_tmp_GenFractalNet-7d35dc0428154f3dbc120c498441de1c.py
[Best] Saved best model to /a/mm/ab/gpt/brute/ga/meta_evolution/best_fractal_model.py
[Best] Copying stats from /a/mm/ab/gpt/brute/ga/meta_evolution/stats_cifar10/img-classification_cifar-10_acc_GenFractalNet-75cab5925e552e6ca10a56a5065dd333...
[Best] Saved best stats to /a/mm/ab/gpt/brute/ga/meta_evolution/best_fractal_stats_cifar10/img-classification_cifar-10_acc_GenFractalNet-75cab5925e552e6ca10a56a5065dd333
[Best] Saved best info metadata to /a/mm/ab/gpt/brute/ga/meta_evolution/best_fractal_info.json
PEAK_ACCURACY: 64.0300
TOP3_MEAN: 59.8033
ARCHIVE_SIZE: 8
[Meta] Median Top-3 Quality over 1 runs: 59.8033
[Meta] GPU cleanup attempted (gc + empty_cache)
   [RL] PRIMARY: +64.03% SOTA Improvement! Bonus: 20.8742
   [RL] SECONDARY: Top-3 Quality (59.80%). Bonus: 0.8970
   [RL] TERTIARY: Archive Novelty (8 cells updated). Bonus: 4.0000
   [RL] Total Reward: 15.0000
[Meta] --> NEW GLOBAL SOTA! 64.03% (was 0.00%)
[Meta] --> ARCHIVE EXPANDED! 8 cells (was 0)
--> SUCCESS. Updating Baseline (EMA) & Fine-tuning on Success.
[Meta] GPU cleanup attempted (gc + empty_cache)
[LoRA] Fine-tune start (replay buffer: 1 items, batch: 1)
[LoRA] Training on 1 examples...
`use_cache=True` is incompatible with gradient checkpointing. Setting `use_cache=False`.
/a/prg/.pyenv/versions/ve/lib/python3.12/site-packages/torch/_dynamo/eval_frame.py:838: UserWarning: torch.utils.checkpoint: the use_reentrant parameter should be passed explicitly. In version 2.5 we will raise an exception if use_reentrant is not passed. use_reentrant=False is recommended, but if you need to preserve the current default behavior, you can pass use_reentrant=True. Refer to docs for more details on the differences between the two variants.
  return fn(*args, **kwargs)
[LoRA] Epoch 1/1 - Loss: 0.3092
[LoRA] Fine-tune complete
[LoRA] Adapter save start
[LoRA] Adapter save complete
--> Saved version history with accuracy: /a/mm/ab/gpt/brute/ga/meta_evolution/ga_history_backup_cifar10/genetic_algorithm_attempt3_combine_genes_acc_64.03.py
--> Saved CoT trace: /a/mm/ab/gpt/brute/ga/meta_evolution/ga_history_backup_cifar10/genetic_algorithm_attempt3_combine_genes_acc_64.03_thinking.txt
[Meta] ✓ Success #1/10 achieved on attempt 3

=== Attempt 4 | Successes: 1/10 — Evolving: mutate_gene ===

[Meta] Evolving: mutate_gene
--- [DEBUG] Input Code ---
### mutate_gene ###
    def mutate_gene(self, gene_name, current_value, possible_values):
        if possible_values:
            return random.choice(possible_values)
        return current_value

-------------------------
[Meta] Generation Temperature: 0.73
--- [DEBUG] Raw Response ---
<thinking>
To enhance the performance of the Quality-Diversity Genetic Algorithm (QD-GA) for optimizing FractalNet architectures on CIFAR-10, we need to carefully design the mutation strategy. Our goal is to introduce diversity while prioritizing robust architectures that can survive heavy path-dropping during the short 1-epoch evaluation.

**Key Points:**
1. **Active Stochastic Depth:** Since the search space enforces active FractalDropPath (`dropout_prob` > 0.0), mutations should focus on maintaining and enhancing the robustness of these architectures.
2. **Fast Convergence:** We aim to produce architectures that converge quickly during the 1-epoch speedrun. Mutations should favor parameters that lead to early convergence.
3. **Diversity Injection:** To prevent premature convergence, mutations should aggressively introduce diversity by exploring different configurations.

**Strategy:**
1. **Mutation Rate Adjustment:** Increase the mutation rate for genes that influence robustness and convergence speed.
2. **Gene-specific Mutation Logic:** Implement different mutation logic for each gene type, focusing on maintaining and enhancing robust architectures.

**Implementation Plan:**
1. **For numeric genes (`dropout_prob`, `fc_dropout`, `lr`, `momentum`):**
   - Introduce small perturbations towards the current value to maintain robustness.
   - Use inversion to explore complementary values.
   
2. **For categorical genes (`activation`, `kernel_size`, `pooling_type`, `conv_type`, `norm_type`, `optimizer_type`):**
   - Select complementary or alternative options to ensure diversity.
   - Maintain a balance between exploration and exploitation by sometimes choosing the current value.

**Mathematical Reasoning:**
- **Numeric Genes:** Small perturbations towards the current value help maintain robust architectures. Inversion ensures exploration of complementary values.
- **Categorical Genes:** Complementary or alternative options ensure diversity. Maintaining the current value allows for exploitation of known good configurations.

</thinking>

```python
    def mutate_gene(self, gene_name, current_value, possible_values):
        if possible_values:
            if gene_name in ['dropout_prob', 'fc_dropout', 'lr', 'momentum']:
                # Introduce small perturbation towards the current value
                perturbation = random.choice([-0.01, 0.01]) if current_value > 0 else random.choice([-0.01, 0.01])
                new_value = current_value + perturbation
                # Ensure new value is within valid range
                new_value = min(max(new_value, 0), 1)
                # Invert to explore complementary values
                inv_value = 1 - new_value
                return random.choice([new_value, inv_value])
            else:
                # Select complementary or alternative options
                complement = random.choice([v for v in possible_values if v != current_value])
                return random.choice([complement, current_value])
        return current_value
```
--------------------------
[Meta] Runtime smoke test FAILED: Smoke test: mutate produced '0.79' for gene 'dropout_prob', not in search space [0.1, 0.15, 0.2, 0.25, 0.3, 0.4, 0.5]
---> Reverting file and skipping benchmark.
   [RL] Penalty: Invalid Syntax/Crash.
--> FAILURE/REGRESSION. Skipping fine-tuning to encourage creativity.
[Meta] GPU cleanup attempted (gc + empty_cache)
--> Reverting File.
[Meta] ✗ Attempt 4 failed — retrying (failures: 1/10, successes so far: 1/10)

=== Attempt 5 | Successes: 1/10 — Evolving: mutate_gene ===

[Meta] Evolving: mutate_gene
--- [DEBUG] Input Code ---
### mutate_gene ###
    def mutate_gene(self, gene_name, current_value, possible_values):
        if possible_values:
            return random.choice(possible_values)
        return current_value

-------------------------
[Meta] Generation Temperature: 0.68
--- [DEBUG] Raw Response ---
<thinking>
To enhance the diversity and robustness of the generated architectures, we need to modify the `mutate_gene` method. Instead of randomly selecting a value from the possible values, we should introduce more sophisticated mutations that leverage the existing values and encourage exploration of complementary configurations. This can help in discovering novel architectures that might perform well despite being heavily dropped during the short 1-epoch evaluation.

For parameters like dropout probability, learning rate, and momentum, we can introduce mutations that either slightly adjust the value or invert it. This encourages exploration of architectures that might perform well even when some paths are dropped. For other parameters, we can also introduce mutations that select complementary values.

Let's break down the changes:
1. **Dropout Probability and Momentum**: These parameters should be adjusted by a small percentage towards their current value or inverted.
2. **Learning Rate**: A small adjustment towards its current value or inverted.
3. **Other Parameters**: Select complementary values from the possible values.

This approach ensures that the mutations are both informed by the current state and exploratory.
</thinking>

```python
    def mutate_gene(self, gene_name, current_value, possible_values):
        if possible_values:
            if gene_name in ['dropout_prob', 'fc_dropout', 'lr', 'momentum']:
                # Introduce small perturbation towards the current value
                perturbation = random.choice([-0.01, 0.01]) if current_value > 0 else random.choice([-0.01, 0.01])
                new_value = current_value + perturbation
                # Ensure new value is within valid range
                new_value = min(max(new_value, 0), 1)
                # Invert to explore complementary values
                inv_value = 1 - new_value
                return random.choice([new_value, inv_value])
            else:
                # Select complementary or alternative options
                complement = [x for x in possible_values if x != current_value][0]
                return random.choice([current_value, complement])
        return current_value
```
--------------------------
[Meta] Runtime smoke test FAILED: Smoke test: mutate produced '0.16' for gene 'dropout_prob', not in search space [0.1, 0.15, 0.2, 0.25, 0.3, 0.4, 0.5]
---> Reverting file and skipping benchmark.
   [RL] Penalty: Invalid Syntax/Crash.
--> FAILURE/REGRESSION. Skipping fine-tuning to encourage creativity.
[Meta] GPU cleanup attempted (gc + empty_cache)
--> Reverting File.
[Meta] ✗ Attempt 5 failed — retrying (failures: 2/10, successes so far: 1/10)

=== Attempt 6 | Successes: 1/10 — Evolving: mutate_gene ===

[Meta] Evolving: mutate_gene
--- [DEBUG] Input Code ---
### mutate_gene ###
    def mutate_gene(self, gene_name, current_value, possible_values):
        if possible_values:
            return random.choice(possible_values)
        return current_value

-------------------------
[Meta] Generation Temperature: 0.62
--- [DEBUG] Raw Response ---
<thinking>
To improve the `mutate_gene` operator for the Quality-Diversity Genetic Algorithm (MAP-Elites) optimizing PyTorch Neural Network architectures (FractalNet) for CIFAR-10, we need to focus on strategies that promote diversity and exploration while ensuring that the mutations remain within the valid search space. Given the constraints, we will use existing gene values and avoid inventing new values. We will also leverage the fact that some activations, pooling types, and learning rates have been performing well historically.

**Key Strategies:**
1. **Diverse Mutations**: Introduce mutations that can lead to novel architectures and hyperparameter combinations.
2. **Exploitation vs. Exploration**: Balance exploitation of known good configurations with exploration of new ones.
3. **Prevention of Premature Convergence**: Use techniques to ensure that the GA does not get stuck in local optima.

**Approach:**
1. **For numeric genes (`dropout_prob`, `fc_dropout`, `lr`, `momentum`)**, introduce mutations that either slightly adjust the current value or invert it to explore complementary values.
2. **For categorical genes (`activation`, `kernel_size`, `pooling_type`, `conv_type`, `norm_type`, `optimizer_type`)**, select complementary or alternative options from the search space.
3. **Ensure Diversity**: Sample from both the archive and the population to ensure that the new architecture is diverse and not too similar to existing ones.

</thinking>

```python
    def mutate_gene(self, gene_name, current_value, possible_values):
        if possible_values:
            if gene_name in ['dropout_prob', 'fc_dropout', 'lr', 'momentum']:
                # Introduce small perturbation towards the current value
                perturbation = random.choice([-0.01, 0.01]) if current_value > 0 else random.choice([-0.01, 0.01])
                new_value = current_value + perturbation
                # Ensure new value is within valid range
                new_value = min(max(new_value, 0), 1)
                # Invert to explore complementary values
                inv_value = 1 - new_value
                return random.choice([new_value, inv_value])
            else:
                # Select complementary or alternative options
                complements = [v for v in possible_values if v != current_value]
                if complements:
                    return random.choice(complements)
                return current_value
        return current_value
```
--------------------------
[Meta] Runtime smoke test FAILED: Smoke test: mutate produced '0.39' for gene 'dropout_prob', not in search space [0.1, 0.15, 0.2, 0.25, 0.3, 0.4, 0.5]
---> Reverting file and skipping benchmark.
   [RL] Penalty: Invalid Syntax/Crash.
--> FAILURE/REGRESSION. Skipping fine-tuning to encourage creativity.
[Meta] GPU cleanup attempted (gc + empty_cache)
--> Reverting File.
[Meta] ✗ Attempt 6 failed — retrying (failures: 3/10, successes so far: 1/10)

=== Attempt 7 | Successes: 1/10 — Evolving: mutate_gene ===

[Meta] Evolving: mutate_gene
--- [DEBUG] Input Code ---
### mutate_gene ###
    def mutate_gene(self, gene_name, current_value, possible_values):
        if possible_values:
            return random.choice(possible_values)
        return current_value

-------------------------
[Meta] Generation Temperature: 0.57
--- [DEBUG] Raw Response ---
<thinking> 
To enhance the diversity and exploration capabilities of the Genetic Algorithm, we need to introduce more sophisticated mutation strategies. Given that the current mutation strategy simply selects a random value from the possible values, it may lead to premature convergence. Instead, we can use techniques such as momentum tracking, inversion, and hybridization to ensure that the mutations are both diverse and effective.

For the `mutate_gene` method, we will implement the following changes:
1. **Momentum Tracking**: Maintain a history of recent mutations and use this history to guide future mutations. This helps in exploring areas of the search space that have been promising.
2. **Inversion**: Occasionally invert the gene value to explore the opposite side of the search space.
3. **Hybridization**: Combine elements from multiple parents to generate new offspring, ensuring that the new architecture is a blend of existing successful designs.

By combining these strategies, we aim to break the global SOTA peak accuracy and discover novel, high-performing architectures.
</thinking>

```python
    def mutate_gene(self, gene_name, current_value, possible_values):
        if possible_values:
            if gene_name in ['dropout_prob', 'fc_dropout', 'lr', 'momentum']:
                # Momentum tracking
                if hasattr(self, f'mutation_history_{gene_name}'):
                    history = getattr(self, f'mutation_history_{gene_name}')
                    last_value = history[-1]
                    new_value = last_value + (current_value - last_value) * 0.75
                else:
                    new_value = current_value
                
                # Ensure new value is within valid range
                new_value = min(max(new_value, 0), 1)
                
                # Invert to explore complementary values
                inv_value = 1 - new_value
                
                # Hybridize with a random parent's value
                parent_values = [p[gene_name] for p in self.population]
                hybrid_value = (new_value + random.choice(parent_values)) / 2
                
                return random.choice([new_value, inv_value, hybrid_value])
            
            else:
                # Select complementary or alternative options
                complements = [v for v in self.search_space[gene_name] if v != current_value]
                return random.choice(complements)
        
        return current_value
```
--------------------------
[Meta] Runtime smoke test FAILED: Cannot choose from an empty sequence
---> Reverting file and skipping benchmark.
   [RL] Penalty: Invalid Syntax/Crash.
--> FAILURE/REGRESSION. Skipping fine-tuning to encourage creativity.
[Meta] GPU cleanup attempted (gc + empty_cache)
--> Reverting File.
[Meta] ✗ Attempt 7 failed — retrying (failures: 4/10, successes so far: 1/10)

=== Attempt 8 | Successes: 1/10 — Evolving: mutate_gene ===

[Meta] Evolving: mutate_gene
--- [DEBUG] Input Code ---
### mutate_gene ###
    def mutate_gene(self, gene_name, current_value, possible_values):
        if possible_values:
            return random.choice(possible_values)
        return current_value

-------------------------
[Meta] Generation Temperature: 0.51
--- [DEBUG] Raw Response ---
<thinking> 
To enhance the quality and diversity of the generated architectures, we need to focus on several key points:
1. **Maintain Robustness**: Since the evaluations are done over only one epoch, we should ensure that mutations do not lead to overly fragile architectures. This can be achieved by maintaining the dropout probability at higher levels and ensuring that other parameters do not deviate too much from their current values.
2. **Explore Novel Architectures**: We should introduce more variability in the architecture parameters while ensuring that they remain within the feasible range. This can be done by combining parents in a way that introduces novel combinations of parameters.
3. **Prevent Premature Convergence**: By introducing more diversity through inversion and hybridization, we can explore uncharted regions of the search space and potentially discover better-performing architectures.

Given these considerations, we will modify the `mutate_gene` function to incorporate these principles.
</thinking>

```python
    def mutate_gene(self, gene_name, current_value, possible_values):
        if possible_values:
            if gene_name in ['dropout_prob', 'fc_dropout', 'lr', 'momentum']:
                # Maintain robustness by keeping dropout probability high
                if gene_name == 'dropout_prob':
                    return random.choice([0.1, 0.15, 0.2, 0.25, 0.3, 0.4, 0.5])
                # Introduce small perturbations but maintain feasibility
                else:
                    perturbation = random.choice([-0.01, 0.01]) if current_value > 0 else random.choice([-0.01, 0.01])
                    new_value = current_value + perturbation
                    # Ensure new value is within valid range
                    new_value = min(max(new_value, 0), 1)
                    # Invert to explore complementary values
                    inv_value = 1 - new_value
                    return random.choice([new_value, inv_value])
            elif gene_name in ['activation', 'kernel_size', 'pooling_type', 'conv_type', 'norm_type', 'optimizer_type']:
                # Select complementary or alternative options
                complements = [v for v in self.search_space[gene_name] if v != current_value]
                if complements:
                    return random.choice(complements)
                else:
                    return current_value
            else:
                raise ValueError(f'Unknown gene name: {gene_name}')
        return current_value
```
--------------------------
[Meta] Runtime smoke test FAILED: Unknown gene name: n_columns
---> Reverting file and skipping benchmark.
   [RL] Penalty: Invalid Syntax/Crash.
--> FAILURE/REGRESSION. Skipping fine-tuning to encourage creativity.
[Meta] GPU cleanup attempted (gc + empty_cache)
--> Reverting File.
[Meta] ✗ Attempt 8 failed — retrying (failures: 5/10, successes so far: 1/10)

=== Attempt 9 | Successes: 1/10 — Evolving: mutate_gene ===

[Meta] Evolving: mutate_gene
--- [DEBUG] Input Code ---
### mutate_gene ###
    def mutate_gene(self, gene_name, current_value, possible_values):
        if possible_values:
            return random.choice(possible_values)
        return current_value

-------------------------
[Meta] Generation Temperature: 0.46
--- [DEBUG] Raw Response ---
<thinking>
To enhance the exploration of diverse architectures while maintaining robustness, we need to introduce more sophisticated mutation strategies. Specifically, we should focus on diversifying the `dropout_prob`, `lr`, and `momentum` parameters, which are critical for fast-convergence and model stability. We'll use a combination of momentum tracking, inversion, and strategic sampling to ensure that the mutations lead to novel and potentially high-performing architectures.
</thinking>

```python
    def mutate_gene(self, gene_name, current_value, possible_values):
        if possible_values:
            if gene_name in ['dropout_prob', 'fc_dropout', 'lr', 'momentum']:
                # Momentum tracking
                if hasattr(self, f'mutation_history_{gene_name}'):
                    history = getattr(self, f'mutation_history_{gene_name}')
                    last_value = history[-1]
                    new_value = last_value + (current_value - last_value) * 0.75
                else:
                    new_value = current_value
                
                # Ensure new value is within valid range
                new_value = min(max(new_value, 0), 1)
                
                # Invert to explore complementary values
                inv_value = 1 - new_value
                
                # Choose between the original and inverted value
                if random.random() < 0.5:
                    new_value = inv_value
                
                # Update mutation history
                setattr(self, f'mutation_history_{gene_name}', history + [new_value])
                
                return new_value
            else:
                # For other categorical genes, simply choose a random value
                return random.choice(possible_values)
        return current_value
```
--------------------------
[Meta] Runtime smoke test FAILED: cannot access local variable 'history' where it is not associated with a value
---> Reverting file and skipping benchmark.
   [RL] Penalty: Invalid Syntax/Crash.
--> FAILURE/REGRESSION. Skipping fine-tuning to encourage creativity.
[Meta] GPU cleanup attempted (gc + empty_cache)
--> Reverting File.
[Meta] ✗ Attempt 9 failed — retrying (failures: 6/10, successes so far: 1/10)

=== Attempt 10 | Successes: 1/10 — Evolving: mutate_gene ===

[Meta] Evolving: mutate_gene
--- [DEBUG] Input Code ---
### mutate_gene ###
    def mutate_gene(self, gene_name, current_value, possible_values):
        if possible_values:
            return random.choice(possible_values)
        return current_value

-------------------------
[Meta] Generation Temperature: 0.40
--- [DEBUG] Raw Response ---
<thinking>
To enhance the performance of the Quality-Diversity Genetic Algorithm (MAP-Elites) for optimizing PyTorch Neural Network architectures (FractalNet) for CIFAR-10, we need to focus on creating diverse and robust architectures. Given the constraints and objectives, we should prioritize mutations that introduce variability while maintaining the structural integrity of the network. Here’s a step-by-step plan:

1. **Maintain Robustness**: Since the search space includes dropout probabilities greater than 0.0, we should ensure that mutations do not drastically alter these values, which could lead to underfitting or overfitting.
2. **Explore Novel Architectures**: We should introduce mutations that can potentially discover new, high-performing architectures by exploring different combinations of parameters.
3. **Fast Convergence**: Mutations should be designed to quickly converge to promising solutions without compromising the diversity required by MAP-Elites.

Given these considerations, we will modify the `mutate_gene` method to:
- Maintain dropout probabilities close to their current values.
- Introduce small perturbations to other parameters while ensuring they remain within valid ranges.
- Use momentum tracking to guide mutations towards previously successful configurations.

This approach ensures that the GA maintains a balance between exploration and exploitation, leading to a more diverse and effective search space.
</thinking>

```python
    def mutate_gene(self, gene_name, current_value, possible_values):
        if possible_values:
            if gene_name in ['dropout_prob', 'fc_dropout', 'lr', 'momentum']:
                # Maintain robustness by keeping dropout probability high
                if gene_name == 'dropout_prob':
                    return random.choice([0.1, 0.15, 0.2, 0.25, 0.3, 0.4, 0.5])
                # Introduce small perturbations but maintain feasibility
                else:
                    perturbation = random.choice([-0.01, 0.01]) if current_value > 0 else random.choice([-0.01, 0.01])
                    new_value = current_value + perturbation
                    # Ensure new value is within valid range
                    new_value = min(max(new_value, 0), 1)
                    # Invert to explore complementary values
                    inv_value = 1 - new_value
                    return random.choice([new_value, inv_value])
            elif gene_name in ['activation', 'kernel_size', 'pooling_type', 'conv_type', 'norm_type', 'optimizer_type']:
                # Explore different options while maintaining diversity
                return random.choice(possible_values)
        return current_value
```
--------------------------
[Meta] Runtime smoke test FAILED: Smoke test: mutate produced '0.81' for gene 'fc_dropout', not in search space [0.05, 0.1, 0.15, 0.2, 0.25, 0.3, 0.4, 0.5]
---> Reverting file and skipping benchmark.
   [RL] Penalty: Invalid Syntax/Crash.
--> FAILURE/REGRESSION. Skipping fine-tuning to encourage creativity.
[Meta] GPU cleanup attempted (gc + empty_cache)
--> Reverting File.
[Meta] ✗ Attempt 10 failed — retrying (failures: 7/10, successes so far: 1/10)

=== Attempt 11 | Successes: 1/10 — Evolving: mutate_gene ===

[Meta] Evolving: mutate_gene
--- [DEBUG] Input Code ---
### mutate_gene ###
    def mutate_gene(self, gene_name, current_value, possible_values):
        if possible_values:
            return random.choice(possible_values)
        return current_value

-------------------------
[Meta] Generation Temperature: 0.40
--- [DEBUG] Raw Response ---
<thinking>
To enhance the exploration of the search space and avoid premature convergence, we need to introduce more diverse mutations while maintaining the robustness of the architecture. Specifically, for parameters like `dropout_prob`, `fc_dropout`, `lr`, and `momentum`, we can use momentum tracking to generate new values that are closer to the current ones but still diverse. For categorical parameters like `activation`, `kernel_size`, etc., we can invert the current value to explore complementary options.

We will also ensure that the new values are always within the valid range for each parameter type.
</thinking>

```python
    def mutate_gene(self, gene_name, current_value, possible_values):
        if possible_values:
            if gene_name in ['dropout_prob', 'fc_dropout', 'lr', 'momentum']:
                # Momentum tracking
                if hasattr(self, f'mutation_history_{gene_name}'):
                    history = getattr(self, f'mutation_history_{gene_name}')
                    last_value = history[-1]
                    new_value = last_value + (current_value - last_value) * 0.75
                else:
                    new_value = current_value
                
                # Ensure new value is within valid range
                if gene_name == 'dropout_prob' or gene_name == 'fc_dropout' or gene_name == 'lr' or gene_name == 'momentum':
                    new_value = min(max(new_value, 0), 1)
                elif gene_name == 'activation' or gene_name == 'kernel_size' or gene_name == 'pooling_type' or gene_name == 'conv_type' or gene_name == 'norm_type' or gene_name == 'optimizer_type':
                    choices = self.search_space[gene_name]
                    inv_choice = random.choice(choices)
                    new_value = random.choice([current_value, inv_choice])
                
                # Store new value in history
                if hasattr(self, f'mutation_history_{gene_name}'):
                    history.append(new_value)
                else:
                    setattr(self, f'mutation_history_{gene_name}', [new_value])
                
                return new_value
            else:
                return random.choice(possible_values)
        return current_value
```
--------------------------
[Meta] Runtime smoke test FAILED: Smoke test: crossover produced '-0.2' for gene 'fc_dropout', not in search space [0.05, 0.1, 0.15, 0.2, 0.25, 0.3, 0.4, 0.5]
---> Reverting file and skipping benchmark.
   [RL] Penalty: Invalid Syntax/Crash.
--> FAILURE/REGRESSION. Skipping fine-tuning to encourage creativity.
[Meta] GPU cleanup attempted (gc + empty_cache)
--> Reverting File.
[Meta] ✗ Attempt 11 failed — retrying (failures: 8/10, successes so far: 1/10)

=== Attempt 12 | Successes: 1/10 — Evolving: mutate_gene ===

[Meta] Evolving: mutate_gene
--- [DEBUG] Input Code ---
### mutate_gene ###
    def mutate_gene(self, gene_name, current_value, possible_values):
        if possible_values:
            return random.choice(possible_values)
        return current_value

-------------------------
[Meta] Generation Temperature: 0.40
--- [DEBUG] Raw Response ---
<thinking>
To enhance the diversity and robustness of the evolved architectures, we need to modify the `mutate_gene` method. Instead of simply choosing a random value from the possible values, we should introduce more sophisticated mutation strategies. Specifically, we can use momentum tracking to ensure that mutations are consistent with previously observed changes, while also introducing some randomness to explore new areas of the search space.

For genes related to dropout probabilities, learning rates, and momentum, we can use momentum tracking to smooth out the mutations and avoid overshooting the optimal values. For other genes, we can use a combination of inversion and random selection to ensure that the mutations are diverse and unlikely to converge prematurely.

We will also ensure that the mutations respect the constraints of the search space, such as ensuring that dropout probabilities remain between 0 and 1, and that learning rates and momentum values remain positive.
</thinking>

```python
    def mutate_gene(self, gene_name, current_value, possible_values):
        if possible_values:
            if gene_name in ['dropout_prob', 'fc_dropout', 'lr', 'momentum']:
                # Momentum tracking
                if hasattr(self, f'mutation_history_{gene_name}'):
                    history = getattr(self, f'mutation_history_{gene_name}')
                    last_value = history[-1]
                    new_value = last_value + (current_value - last_value) * 0.75
                else:
                    new_value = current_value
                
                # Ensure new value is within valid range
                if gene_name == 'dropout_prob' or gene_name == 'fc_dropout':
                    new_value = min(max(new_value, 0), 1)
                elif gene_name == 'lr' or gene_name == 'momentum':
                    new_value = max(new_value, 0)
                
                # Store new value in history
                if hasattr(self, f'mutation_history_{gene_name}'):
                    history.append(new_value)
                else:
                    setattr(self, f'mutation_history_{gene_name}', [new_value])
                
                return new_value
            else:
                # Inversion and random selection
                choices = self.search_space[gene_name]
                inv_choice = random.choice(choices)
                return random.choice([current_value, inv_choice])
        return current_value
```
--------------------------
[Meta] Runtime smoke test FAILED: Smoke test: crossover produced '-0.325' for gene 'dropout_prob', not in search space [0.1, 0.15, 0.2, 0.25, 0.3, 0.4, 0.5]
---> Reverting file and skipping benchmark.
   [RL] Penalty: Invalid Syntax/Crash.
--> FAILURE/REGRESSION. Skipping fine-tuning to encourage creativity.
[Meta] GPU cleanup attempted (gc + empty_cache)
--> Reverting File.
[Meta] ✗ Attempt 12 failed — retrying (failures: 9/10, successes so far: 1/10)

=== Attempt 13 | Successes: 1/10 — Evolving: mutate_gene ===

[Meta] Evolving: mutate_gene
--- [DEBUG] Input Code ---
### mutate_gene ###
    def mutate_gene(self, gene_name, current_value, possible_values):
        if possible_values:
            return random.choice(possible_values)
        return current_value

-------------------------
[Meta] Generation Temperature: 0.40
--- [DEBUG] Raw Response ---
<thinking>
To enhance the performance of the Quality-Diversity Genetic Algorithm (MAP-Elites) for optimizing PyTorch Neural Network architectures (FractalNet) for CIFAR-10, we need to focus on creating diverse and high-performing architectures. Given the constraints and objectives, we should aim to introduce mutations that lead to novel and potentially better-performing architectures while ensuring that the mutations are guided by the existing knowledge of the best performing architectures.

Here's our plan:
1. **Momentum Tracking**: Use momentum tracking to guide mutations towards previously successful values, but also introduce randomness to explore new areas.
2. **Gene Inversion**: Introduce gene inversion to create novel architectures that are distinct from the parent architectures.
3. **Hybridization**: Combine elements from both parent architectures to create more complex and potentially higher-performing architectures.

Let's implement these strategies in the `mutate_gene` method.
</thinking>

```python
    def mutate_gene(self, gene_name, current_value, possible_values):
        if possible_values:
            if gene_name in ['dropout_prob', 'fc_dropout', 'lr', 'momentum']:
                # Momentum tracking
                if hasattr(self, f'mutation_history_{gene_name}'):
                    history = getattr(self, f'mutation_history_{gene_name}')
                    last_value = history[-1]
                    new_value = last_value + (current_value - last_value) * 0.75
                else:
                    new_value = current_value
                
                # Ensure new value is within valid range
                if gene_name == 'dropout_prob' or gene_name == 'fc_dropout':
                    new_value = min(max(new_value, 0), 1)
                elif gene_name == 'lr':
                    new_value = min(max(new_value, 0.0001), 0.1)
                elif gene_name == 'momentum':
                    new_value = min(max(new_value, 0.7), 0.99)
                
                # Introduce randomness
                if random.random() < 0.1:
                    new_value = random.choice(possible_values)
                
                # Store new value in history
                if hasattr(self, f'mutation_history_{gene_name}'):
                    history.append(new_value)
                else:
                    setattr(self, f'mutation_history_{gene_name}', [new_value])
                
                return new_value
            elif gene_name in ['n_columns', 'n_blocks', 'base_channels']:
                # Hybridization
                if random.random() < 0.5:
                    return random.choice(possible_values)
                else:
                    return current_value
            elif gene_name in ['activation', 'kernel_size', 'pooling_type', 'conv_type', 'norm_type', 'optimizer_type']:
                # Gene inversion
                if random.random() < 0.5:
                    return random.choice(possible_values)
                else:
                    return current_value
        return current_value
```
--------------------------
[Meta] Runtime smoke test FAILED: Smoke test: crossover produced '-0.25' for gene 'dropout_prob', not in search space [0.1, 0.15, 0.2, 0.25, 0.3, 0.4, 0.5]
---> Reverting file and skipping benchmark.
   [RL] Penalty: Invalid Syntax/Crash.
--> FAILURE/REGRESSION. Skipping fine-tuning to encourage creativity.
[Meta] GPU cleanup attempted (gc + empty_cache)
--> Reverting File.
[Meta] ✗ Attempt 13 failed — retrying (failures: 10/10, successes so far: 1/10)
[Meta] ⚠️ Reached max consecutive failures (10) for m, u, t, a, t, e, _, g, e, n, e. Skipping to next component.

=== Attempt 14 | Successes: 1/10 — Evolving: select_competitor ===

[Meta] Evolving: select_competitor
--- [DEBUG] Input Code ---
### select_competitor ###
    def select_competitor(self, competitors):
        return max(competitors, key=lambda x: x['fitness'] if x['fitness'] is not None else -1)

-------------------------
[Meta] Generation Temperature: 0.40
--- [DEBUG] Raw Response ---
<thinking>
To enhance the exploration of the search space and avoid premature convergence, we need to modify the `select_competitor` method. Instead of simply selecting the competitor with the highest fitness, we should introduce more diversity by sampling from both the current population and the MAP-Elites archive. This will help the algorithm explore new regions of the search space and potentially discover better solutions.

We can achieve this by combining elements from both the population and the archive. Specifically, we can take a weighted average of the fitness scores from the population and the archive, where the weights reflect the relative importance of each source. This way, the algorithm will consider both recent and historical data when making selection decisions.

Additionally, we can introduce a small probability of selecting a completely random competitor to further diversify the search process.
</thinking>

```python
    def select_competitor(self, competitors):
        # Define the weight for population vs archive
        pop_weight = 0.7
        arch_weight = 0.3

        # Calculate the weighted fitness scores
        pop_total_fitness = sum(max(comp['fitness'], 1e-10) for comp in competitors if comp['source'] == 'population')
        arch_total_fitness = sum(max(comp['fitness'], 1e-10) for comp in competitors if comp['source'] == 'archive')

        # Sample from the population with higher probability
        if random.random() < pop_weight / (pop_weight + arch_weight):
            selected = random.choices([comp for comp in competitors if comp['source'] == 'population'], weights=[max(comp['fitness'], 1e-10) for comp in competitors if comp['source'] == 'population'], k=1)[0]
        else:
            selected = random.choices([comp for comp in competitors if comp['source'] == 'archive'], weights=[max(comp['fitness'], 1e-10) for comp in competitors if comp['source'] == 'archive'], k=1)[0]

        # Introduce a small probability of selecting a random competitor
        if random.random() < 0.05:
            selected = random.choice(competitors)

        return selected
```
--------------------------
[Meta] Runtime smoke test FAILED: 'source'
---> Reverting file and skipping benchmark.
   [RL] Penalty: Invalid Syntax/Crash.
--> FAILURE/REGRESSION. Skipping fine-tuning to encourage creativity.
[Meta] GPU cleanup attempted (gc + empty_cache)
--> Reverting File.
[Meta] ✗ Attempt 14 failed — retrying (failures: 1/10, successes so far: 1/10)

=== Attempt 15 | Successes: 1/10 — Evolving: select_competitor ===

[Meta] Evolving: select_competitor
--- [DEBUG] Input Code ---
### select_competitor ###
    def select_competitor(self, competitors):
        return max(competitors, key=lambda x: x['fitness'] if x['fitness'] is not None else -1)

-------------------------
[Meta] Generation Temperature: 0.40
--- [DEBUG] Raw Response ---
<thinking>
To improve the performance of the Quality-Diversity Genetic Algorithm (MAP-Elites) for optimizing PyTorch Neural Network architectures (FractalNet) for CIFAR-10, we need to enhance the selection process. The current `select_competitor` function simply selects the competitor with the highest fitness. However, this approach does not encourage exploration and can lead to premature convergence. 

To address this, we will modify the `select_competitor` function to balance exploitation and exploration. We will give more weight to competitors from the population and less weight to those from the archive. This will ensure that the algorithm continues to explore new architectures while also exploiting promising ones.

We will also introduce a mechanism to handle cases where all fitnesses are zero, which could happen if no evaluations have been completed yet.

Here's the plan:
1. Define weights for population and archive competitors.
2. Calculate the total fitness for both populations.
3. Sample a competitor from either the population or the archive based on their weights.
4. Handle the case where all fitnesses are zero.

This approach should help the algorithm break the Global SOTA peak accuracy and discover novel, high-performing architectures.
</thinking>

```python
    def select_competitor(self, competitors):
        # Define the weight for population vs archive
        pop_weight = 0.7
        arch_weight = 0.3

        # Calculate the total fitness for both populations
        pop_total_fitness = sum(max(comp['fitness'], 1e-10) for comp in competitors if comp['source'] == 'population')
        arch_total_fitness = sum(max(comp['fitness'], 1e-10) for comp in competitors if comp['source'] == 'archive')

        # Sample from the population with higher probability
        if random.random() < pop_weight / (pop_weight + arch_weight):
            selected = random.choices([comp for comp in competitors if comp['source'] == 'population'], weights=[max(comp['fitness'], 1e-10) for comp in competitors if comp['source'] == 'population'], k=1)[0]
        else:
            selected = random.choices([comp for comp in competitors if comp['source'] == 'archive'], weights=[max(comp['fitness'], 1e-10) for comp in competitors if comp['source'] == 'archive'], k=1)[0]

        return selected
```
--------------------------
[Meta] Runtime smoke test FAILED: 'source'
---> Reverting file and skipping benchmark.
   [RL] Penalty: Invalid Syntax/Crash.
--> FAILURE/REGRESSION. Skipping fine-tuning to encourage creativity.
[Meta] GPU cleanup attempted (gc + empty_cache)
--> Reverting File.
[Meta] ✗ Attempt 15 failed — retrying (failures: 2/10, successes so far: 1/10)

=== Attempt 16 | Successes: 1/10 — Evolving: select_competitor ===

[Meta] Evolving: select_competitor
--- [DEBUG] Input Code ---
### select_competitor ###
    def select_competitor(self, competitors):
        return max(competitors, key=lambda x: x['fitness'] if x['fitness'] is not None else -1)

-------------------------
[Meta] Generation Temperature: 0.40
--- [DEBUG] Raw Response ---
<thinking>
To enhance the exploration of the search space and avoid premature convergence, we can introduce a more diverse selection mechanism. Instead of simply selecting the competitor with the highest fitness, we can sample from both the population and the archive with different probabilities. This way, we balance exploitation (using good solutions found so far) and exploration (trying out new and potentially better solutions).

We will also incorporate a momentum-based approach where the selection probability is influenced by the historical performance of the solutions. Solutions that have shown consistent good performance over multiple generations should have a higher chance of being selected.

Additionally, we will ensure that the selection process does not favor duplicates by sampling heavily from the archive when the population's best solution is not sufficiently diverse.
</thinking>

```python
    def select_competitor(self, competitors):
        # Define the weight for population vs archive
        pop_weight = 0.7
        arch_weight = 0.3

        # Calculate the total fitness for both populations
        pop_total_fitness = sum(max(comp['fitness'], 1e-10) for comp in competitors if comp['source'] == 'population')
        arch_total_fitness = sum(max(comp['fitness'], 1e-10) for comp in competitors if comp['source'] == 'archive')

        # Ensure we don't divide by zero
        if pop_total_fitness <= 0:
            pop_total_fitness = 1
        if arch_total_fitness <= 0:
            arch_total_fitness = 1

        # Sample from the population with higher probability
        if random.random() < pop_weight / (pop_weight + arch_weight):
            selected = random.choices(
                [comp for comp in competitors if comp['source'] == 'population'],
                weights=[max(comp['fitness'], 1e-10) for comp in competitors if comp['source'] == 'population'],
                k=1
            )[0]
        else:
            selected = random.choices(
                [comp for comp in competitors if comp['source'] == 'archive'],
                weights=[max(comp['fitness'], 1e-10) for comp in competitors if comp['source'] == 'archive'],
                k=1
            )[0]

        return selected
```
--------------------------
[Meta] Runtime smoke test FAILED: 'source'
---> Reverting file and skipping benchmark.
   [RL] Penalty: Invalid Syntax/Crash.
--> FAILURE/REGRESSION. Skipping fine-tuning to encourage creativity.
[Meta] GPU cleanup attempted (gc + empty_cache)
--> Reverting File.
[Meta] ✗ Attempt 16 failed — retrying (failures: 3/10, successes so far: 1/10)

=== Attempt 17 | Successes: 1/10 — Evolving: select_competitor ===

[Meta] Evolving: select_competitor
--- [DEBUG] Input Code ---
### select_competitor ###
    def select_competitor(self, competitors):
        return max(competitors, key=lambda x: x['fitness'] if x['fitness'] is not None else -1)

-------------------------
[Meta] Generation Temperature: 0.40
--- [DEBUG] Raw Response ---
<thinking>
To enhance the performance of the Quality-Diversity Genetic Algorithm (MAP-Elites) for optimizing PyTorch Neural Network architectures (FractalNet) for CIFAR-10, we need to focus on strategies that promote diversity and exploration. The current `select_competitor` function simply selects the competitor with the highest fitness, which can lead to premature convergence. Instead, we should incorporate elements of stochastic depth and diversity sampling to ensure that the algorithm explores a broader range of architectures and hyperparameter combinations.

We will modify the `select_competitor` function to sample from both the population and the archive, giving each a weighted chance based on their fitness. This approach will help the algorithm discover novel, high-performing architectures that might otherwise be overlooked due to the dominance of the best-performing individuals.

Additionally, we will introduce a mechanism to favor architectures that exhibit robustness against dropout, which is crucial given the active dropout enforced in the search space.
</thinking>

```python
    def select_competitor(self, competitors):
        # Define the weight for population vs archive
        pop_weight = 0.7
        arch_weight = 0.3

        # Calculate the total fitness for both populations
        pop_total_fitness = sum(max(comp['fitness'], 1e-10) for comp in competitors if comp['source'] == 'population')
        arch_total_fitness = sum(max(comp['fitness'], 1e-10) for comp in competitors if comp['source'] == 'archive')

        # Ensure we don't divide by zero
        if pop_total_fitness <= 0:
            pop_total_fitness = 1
        if arch_total_fitness <= 0:
            arch_total_fitness = 1

        # Sample from the population with higher probability
        if random.random() < pop_weight / (pop_weight + arch_weight):
            selected = random.choices(
                [comp for comp in competitors if comp['source'] == 'population'],
                weights=[max(comp['fitness'], 1e-10) for comp in competitors if comp['source'] == 'population'],
                k=1
            )[0]
        else:
            selected = random.choices(
                [comp for comp in competitors if comp['source'] == 'archive'],
                weights=[max(comp['fitness'], 1e-10) for comp in competitors if comp['source'] == 'archive'],
                k=1
            )[0]

        # Favor architectures with higher dropout probability for robustness
        if selected['chromosome']['dropout_prob'] > 0.2:
            selected['fitness'] *= 1.1

        return selected
```
--------------------------
[Meta] Runtime smoke test FAILED: 'source'
---> Reverting file and skipping benchmark.
   [RL] Penalty: Invalid Syntax/Crash.
--> FAILURE/REGRESSION. Skipping fine-tuning to encourage creativity.
[Meta] GPU cleanup attempted (gc + empty_cache)
--> Reverting File.
[Meta] ✗ Attempt 17 failed — retrying (failures: 4/10, successes so far: 1/10)

=== Attempt 18 | Successes: 1/10 — Evolving: select_competitor ===

[Meta] Evolving: select_competitor
--- [DEBUG] Input Code ---
### select_competitor ###
    def select_competitor(self, competitors):
        return max(competitors, key=lambda x: x['fitness'] if x['fitness'] is not None else -1)

-------------------------
[Meta] Generation Temperature: 0.40
--- [DEBUG] Raw Response ---
<thinking>
To enhance the exploration of diverse architectures while maintaining a focus on high-performing models, I'll modify the `select_competitor` method to incorporate a weighted selection strategy. This approach will give more emphasis to competitors from the archive, ensuring that the GA doesn't prematurely converge to suboptimal solutions. Additionally, I'll introduce a mechanism to balance the exploration of new architectures against exploitation of known good ones.

By combining elements of both roulette wheel selection and tournament selection, we can achieve a better balance between exploration and exploitation. The roulette wheel selection will allow for a higher chance of selecting highly performing architectures from the archive, while the tournament selection will encourage the exploration of new architectures.

This combined approach should help the GA break through the current global SOTA peak accuracy and discover novel, high-performing architectures.
</thinking>

```python
    def select_competitor(self, competitors):
        # Define the weight for population vs archive
        pop_weight = 0.3
        arch_weight = 0.7

        # Separate competitors into population and archive groups
        pop_competitors = [comp for comp in competitors if comp['source'] == 'population']
        arch_competitors = [comp for comp in competitors if comp['source'] == 'archive']

        # Calculate the total fitness for both populations
        pop_total_fitness = sum(max(comp['fitness'], 1e-10) for comp in pop_competitors)
        arch_total_fitness = sum(max(comp['fitness'], 1e-10) for comp in arch_competitors)

        # Ensure we don't divide by zero
        if pop_total_fitness <= 0:
            pop_total_fitness = 1
        if arch_total_fitness <= 0:
            arch_total_fitness = 1

        # Sample from the population with higher probability
        if random.random() < pop_weight / (pop_weight + arch_weight):
            selected = random.choices(pop_competitors, weights=[comp['fitness'] for comp in pop_competitors], k=1)[0]
        else:
            selected = random.choices(arch_competitors, weights=[comp['fitness'] for comp in arch_competitors], k=1)[0]

        return selected
```
--------------------------
[Meta] Runtime smoke test FAILED: 'source'
---> Reverting file and skipping benchmark.
   [RL] Penalty: Invalid Syntax/Crash.
--> FAILURE/REGRESSION. Skipping fine-tuning to encourage creativity.
[Meta] GPU cleanup attempted (gc + empty_cache)
--> Reverting File.
[Meta] ✗ Attempt 18 failed — retrying (failures: 5/10, successes so far: 1/10)

=== Attempt 19 | Successes: 1/10 — Evolving: select_competitor ===

[Meta] Evolving: select_competitor
--- [DEBUG] Input Code ---
### select_competitor ###
    def select_competitor(self, competitors):
        return max(competitors, key=lambda x: x['fitness'] if x['fitness'] is not None else -1)

-------------------------
[Meta] Generation Temperature: 0.40
--- [DEBUG] Raw Response ---
<thinking>
To enhance the exploration of the search space and avoid premature convergence, I'll introduce a strategy that combines elements from both the population and the archive. This approach ensures that the algorithm can discover novel architectures while also leveraging existing knowledge.

The proposed method will:
1. Sample competitors from both the population and the archive.
2. Assign weights to these samples based on their fitness and novelty.
3. Select the competitor with the highest weighted fitness.

This strategy should help in expanding the frontier of what the GA has seen by encouraging exploration of less explored regions while still benefiting from the best solutions found so far.
</thinking>

```python
    def select_competitor(self, competitors):
        # Define the weight for population vs archive
        pop_weight = 0.7
        arch_weight = 0.3

        # Separate competitors into population and archive groups
        pop_competitors = [comp for comp in competitors if comp['source'] == 'population']
        arch_competitors = [comp for comp in competitors if comp['source'] == 'archive']

        # Calculate the total fitness for both populations
        pop_total_fitness = sum(max(comp['fitness'], 1e-10) for comp in pop_competitors)
        arch_total_fitness = sum(max(comp['fitness'], 1e-10) for comp in arch_competitors)

        # Ensure we don't divide by zero
        if pop_total_fitness <= 0:
            pop_total_fitness = 1
        if arch_total_fitness <= 0:
            arch_total_fitness = 1

        # Sample from the population with higher probability
        if random.random() < pop_weight / (pop_weight + arch_weight):
            selected = random.choices(pop_competitors, weights=[max(comp['fitness'], 1e-10) / pop_total_fitness for comp in pop_competitors], k=1)[0]
        else:
            selected = random.choices(arch_competitors, weights=[max(comp['fitness'], 1e-10) / arch_total_fitness for comp in arch_competitors], k=1)[0]

        return selected
```
--------------------------
[Meta] Runtime smoke test FAILED: 'source'
---> Reverting file and skipping benchmark.
   [RL] Penalty: Invalid Syntax/Crash.
--> FAILURE/REGRESSION. Skipping fine-tuning to encourage creativity.
[Meta] GPU cleanup attempted (gc + empty_cache)
--> Reverting File.
[Meta] ✗ Attempt 19 failed — retrying (failures: 6/10, successes so far: 1/10)

=== Attempt 20 | Successes: 1/10 — Evolving: select_competitor ===

[Meta] Evolving: select_competitor
--- [DEBUG] Input Code ---
### select_competitor ###
    def select_competitor(self, competitors):
        return max(competitors, key=lambda x: x['fitness'] if x['fitness'] is not None else -1)

-------------------------
[Meta] Generation Temperature: 0.40
--- [DEBUG] Raw Response ---
<thinking>
To enhance the exploration of the search space and avoid premature convergence, we need to modify the `select_competitor` method to balance between exploitation and exploration. Instead of simply selecting the competitor with the highest fitness, we can introduce a mechanism that considers both the fitness and the novelty of the competitors. This can be achieved by assigning weights to the fitness and novelty scores and then combining them to determine the selection probability.

We will also ensure that the selection process favors architectures that have not been seen before, thus promoting diversity in the population. This can be done by incorporating a penalty for competitors that have already been added to the archive.

By implementing these changes, we aim to break the global SOTA peak accuracy and discover novel, high-performing architectures that populate empty cells in the MAP-Elites Behavioral Archive.
</thinking>

```python
    def select_competitor(self, competitors):
        # Define the weight for population vs archive
        pop_weight = 0.7
        arch_weight = 0.3

        # Separate competitors into population and archive groups
        pop_competitors = [comp for comp in competitors if comp['source'] == 'population']
        arch_competitors = [comp for comp in competitors if comp['source'] == 'archive']

        # Calculate the total fitness for both populations
        pop_total_fitness = sum(max(comp['fitness'], 1e-10) for comp in pop_competitors)
        arch_total_fitness = sum(max(comp['fitness'], 1e-10) for comp in arch_competitors)

        # Ensure we don't divide by zero
        if pop_total_fitness <= 0:
            pop_total_fitness = 1
        if arch_total_fitness <= 0:
            arch_total_fitness = 1

        # Normalize the fitness scores
        pop_avg_fitness = pop_total_fitness / len(pop_competitors)
        arch_avg_fitness = arch_total_fitness / len(arch_competitors)

        # Select a competitor based on the combined fitness and novelty scores
        selected_competitor = None
        max_score = -1
        for competitor in competitors:
            if competitor['source'] == 'population':
                fitness_score = pop_avg_fitness * pop_weight
            else:
                fitness_score = arch_avg_fitness * arch_weight

            novelty_score = 1 / (1 + competitor['novelty'])
            score = fitness_score + novelty_score

            if score > max_score:
                max_score = score
                selected_competitor = competitor

        return selected_competitor
```
--------------------------
[Meta] Runtime smoke test FAILED: 'source'
---> Reverting file and skipping benchmark.
   [RL] Penalty: Invalid Syntax/Crash.
--> FAILURE/REGRESSION. Skipping fine-tuning to encourage creativity.
[Meta] GPU cleanup attempted (gc + empty_cache)
--> Reverting File.
[Meta] ✗ Attempt 20 failed — retrying (failures: 7/10, successes so far: 1/10)

=== Attempt 21 | Successes: 1/10 — Evolving: select_competitor ===

[Meta] Evolving: select_competitor
--- [DEBUG] Input Code ---
### select_competitor ###
    def select_competitor(self, competitors):
        return max(competitors, key=lambda x: x['fitness'] if x['fitness'] is not None else -1)

-------------------------
[Meta] Generation Temperature: 0.40
--- [DEBUG] Raw Response ---
<thinking>
To enhance the exploration of the search space and avoid premature convergence, I'll modify the `select_competitor` method to balance the selection between the population and the archive. This ensures that the algorithm doesn't get stuck in local optima by frequently selecting the same individuals. Additionally, I'll introduce a mechanism to diversify the selection process by considering both recent and historical solutions.

By combining elements from both the population and the archive, we can potentially discover novel architectures that have not been explored before but could still perform well. This approach leverages the strengths of both approaches while mitigating their weaknesses.

Here's the plan:
1. Sample a subset of competitors from both the population and the archive.
2. Combine these samples into a single pool.
3. Select the competitor with the highest fitness from this combined pool.

This method ensures that the algorithm remains diverse and continues to explore new areas of the search space.
</thinking>

```python
    def select_competitor(self, competitors):
        # Define the weight for population vs archive
        pop_weight = 0.7
        arch_weight = 0.3

        # Separate competitors into population and archive groups
        pop_competitors = [comp for comp in competitors if comp['source'] == 'population']
        arch_competitors = [comp for comp in competitors if comp['source'] == 'archive']

        # Calculate the total fitness for both populations
        pop_total_fitness = sum(max(comp['fitness'], 1e-10) for comp in pop_competitors)
        arch_total_fitness = sum(max(comp['fitness'], 1e-10) for comp in arch_competitors)

        # Ensure we don't divide by zero
        if pop_total_fitness <= 0:
            pop_total_fitness = 1
        if arch_total_fitness <= 0:
            arch_total_fitness = 1

        # Normalize weights based on fitness
        normalized_pop_weight = pop_weight / (pop_weight + arch_weight)
        normalized_arch_weight = arch_weight / (pop_weight + arch_weight)

        # Create a combined pool of competitors
        combined_pool = []

        # Add weighted number of competitors from each group
        num_pop_to_add = int(normalized_pop_weight * len(pop_competitors))
        num_arch_to_add = int(normalized_arch_weight * len(arch_competitors))

        combined_pool.extend(random.sample(pop_competitors, num_pop_to_add))
        combined_pool.extend(random.sample(arch_competitors, num_arch_to_add))

        # Select the competitor with the highest fitness
        return max(combined_pool, key=lambda x: x['fitness'] if x['fitness'] is not None else -1)
```
--------------------------
[Meta] Runtime smoke test FAILED: 'source'
---> Reverting file and skipping benchmark.
   [RL] Penalty: Invalid Syntax/Crash.
--> FAILURE/REGRESSION. Skipping fine-tuning to encourage creativity.
[Meta] GPU cleanup attempted (gc + empty_cache)
--> Reverting File.
[Meta] ✗ Attempt 21 failed — retrying (failures: 8/10, successes so far: 1/10)

=== Attempt 22 | Successes: 1/10 — Evolving: select_competitor ===

[Meta] Evolving: select_competitor
--- [DEBUG] Input Code ---
### select_competitor ###
    def select_competitor(self, competitors):
        return max(competitors, key=lambda x: x['fitness'] if x['fitness'] is not None else -1)

-------------------------
[Meta] Generation Temperature: 0.40
--- [DEBUG] Raw Response ---
<thinking>
To enhance the performance of the Quality-Diversity Genetic Algorithm (MAP-Elites) for optimizing PyTorch Neural Network architectures (FractalNet) for CIFAR-10, we need to focus on selecting diverse and competitive individuals for reproduction. The current `select_competitor` function simply selects the competitor with the highest fitness, which may lead to premature convergence. Instead, we will introduce a more sophisticated selection mechanism that considers both the fitness and the diversity of the competitors.

We will use a weighted selection strategy where the probability of selecting an individual is proportional to its fitness but also inversely proportional to its rank. This ensures that higher-ranked individuals (i.e., those closer to the front of the Pareto frontier) have a higher chance of being selected, while still allowing lower-ranked individuals to contribute to the diversity of the population.

To achieve this, we will modify the `select_competitor` function to calculate a weighted fitness score for each competitor and then select one based on these scores. We will also ensure that the selection process does not favor individuals from the archive over those from the population, thereby maintaining a balance between exploitation and exploration.

By implementing this enhanced selection mechanism, we aim to break the global SOTA peak accuracy and discover novel, high-performing architectures to populate empty cells in the MAP-Elites Behavioral Archive.
</thinking>

```python
    def select_competitor(self, competitors):
        # Define weights for fitness and rank
        fitness_weight = 0.7
        rank_weight = 0.3

        # Sort competitors by fitness in descending order
        sorted_competitors = sorted(competitors, key=lambda x: x['fitness'] if x['fitness'] is not None else -1, reverse=True)

        # Calculate total fitness and rank
        total_fitness = sum(max(comp['fitness'], 1e-10) for comp in sorted_competitors)
        total_rank = len(sorted_competitors)

        # Ensure we don't divide by zero
        if total_fitness <= 0:
            total_fitness = 1

        # Select competitor based on weighted fitness and rank
        rand_val = random.random() * total_fitness
        cumulative_fitness = 0
        for competitor in sorted_competitors:
            competitor['weighted_fitness'] = fitness_weight * competitor['fitness'] + rank_weight * (total_rank - sorted_competitors.index(competitor))
            cumulative_fitness += competitor['weighted_fitness']
            if rand_val <= cumulative_fitness:
                return competitor

        # Fallback in case of numerical issues
        return random.choice(competitors)
```
--------------------------
[Meta] Runtime smoke test PASSED (all components validated).
[Meta] Benchmarking...

[Meta] Running Benchmark 1/1...
2026-07-13 21:16:00,465 - INFO - Note: detected 224 virtual cores but NumExpr set to maximum of 64, check "NUMEXPR_MAX_THREADS" environment variable.
2026-07-13 21:16:00,465 - INFO - Note: NumExpr detected 224 cores but "NUMEXPR_MAX_THREADS" not set, so enforcing safe limit of 16.
2026-07-13 21:16:00,465 - INFO - NumExpr defaulting to 16 threads.
Model instantiation succeeded.
The training environment is set up successfully, using the following device: cuda.
Simulated training data created successfully.
Training step executed successfully.
LEMUR root /a/mm
[Init] Loaded 128 existing checksums from stats/ (skipping duplicates)
[Run] Continuing evolution from gen 5 to 10


 >>> GENERATION 6 <<<

  Evaluating Individual 6/20 ---- Generation: 6/10
  - Duplicate 956a47a7: reusing cached fitness 52.52% (from fitness_cache)
  Evaluating Individual 7/20 ---- Generation: 6/10
  - Evaluating unique arch (checksum: 201104aa...)
Evaluating /a/mm/out_nneval_tmp_pid_1977/nn/tmp/GenFractalNet-201104aa5729f4a6726ed42960f10659-3c26902fadbab0ff16a7d6caaa09081c.py...
epoch 1

  0%|          | 0/782 [00:00<?, ?it/s]
  1%|          | 7/782 [00:00<00:11, 66.64it/s]
  3%|▎         | 22/782 [00:00<00:06, 111.10it/s]
  5%|▍         | 37/782 [00:00<00:05, 125.77it/s]
  7%|▋         | 52/782 [00:00<00:05, 132.39it/s]
  9%|▊         | 67/782 [00:00<00:05, 135.98it/s]
 10%|█         | 82/782 [00:00<00:05, 138.43it/s]
 12%|█▏        | 97/782 [00:00<00:04, 139.63it/s]
 14%|█▍        | 112/782 [00:00<00:04, 140.61it/s]
 16%|█▌        | 127/782 [00:00<00:04, 141.09it/s]
 18%|█▊        | 142/782 [00:01<00:04, 141.66it/s]
 20%|██        | 157/782 [00:01<00:04, 138.25it/s]
 22%|██▏       | 172/782 [00:01<00:04, 139.08it/s]
 24%|██▍       | 187/782 [00:01<00:04, 140.09it/s]
 26%|██▌       | 202/782 [00:01<00:04, 139.87it/s]
 28%|██▊       | 217/782 [00:01<00:04, 140.81it/s]
 30%|██▉       | 232/782 [00:01<00:03, 141.35it/s]
 32%|███▏      | 247/782 [00:01<00:03, 141.88it/s]
 34%|███▎      | 262/782 [00:01<00:03, 142.02it/s]
 35%|███▌      | 277/782 [00:02<00:03, 142.29it/s]
 37%|███▋      | 292/782 [00:02<00:03, 142.35it/s]
 39%|███▉      | 307/782 [00:02<00:03, 141.61it/s]
 41%|████      | 322/782 [00:02<00:03, 140.55it/s]
 43%|████▎     | 337/782 [00:02<00:03, 139.78it/s]
 45%|████▍     | 351/782 [00:02<00:03, 139.42it/s]
 47%|████▋     | 365/782 [00:02<00:02, 139.52it/s]
 48%|████▊     | 379/782 [00:02<00:02, 139.29it/s]
 50%|█████     | 393/782 [00:02<00:02, 138.51it/s]
 52%|█████▏    | 407/782 [00:02<00:02, 138.39it/s]
 54%|█████▍    | 421/782 [00:03<00:02, 137.27it/s]
 56%|█████▌    | 435/782 [00:03<00:02, 136.89it/s]
 57%|█████▋    | 449/782 [00:03<00:02, 137.28it/s]
 59%|█████▉    | 463/782 [00:03<00:02, 137.38it/s]
 61%|██████    | 477/782 [00:03<00:02, 137.80it/s]
 63%|██████▎   | 491/782 [00:03<00:02, 138.25it/s]
 65%|██████▍   | 505/782 [00:03<00:02, 138.05it/s]
 66%|██████▋   | 519/782 [00:03<00:01, 136.64it/s]
 68%|██████▊   | 533/782 [00:03<00:01, 135.77it/s]
 70%|██████▉   | 547/782 [00:03<00:01, 136.49it/s]
 72%|███████▏  | 561/782 [00:04<00:01, 137.43it/s]
 74%|███████▎  | 575/782 [00:04<00:01, 136.92it/s]
 75%|███████▌  | 589/782 [00:04<00:01, 137.52it/s]
 77%|███████▋  | 603/782 [00:04<00:01, 137.84it/s]
 79%|███████▉  | 617/782 [00:04<00:01, 137.00it/s]
 81%|████████  | 631/782 [00:04<00:01, 136.47it/s]
 82%|████████▏ | 645/782 [00:04<00:01, 136.36it/s]
 84%|████████▍ | 659/782 [00:04<00:00, 136.65it/s]
 86%|████████▌ | 673/782 [00:04<00:00, 135.91it/s]
 88%|████████▊ | 687/782 [00:04<00:00, 136.43it/s]
 90%|████████▉ | 702/782 [00:05<00:00, 137.74it/s]
 92%|█████████▏| 716/782 [00:05<00:00, 136.20it/s]
 93%|█████████▎| 730/782 [00:05<00:00, 137.21it/s]
 95%|█████████▌| 744/782 [00:05<00:00, 137.69it/s]
 97%|█████████▋| 758/782 [00:05<00:00, 137.94it/s]
 99%|█████████▊| 772/782 [00:05<00:00, 138.11it/s]
100%|██████████| 782/782 [00:05<00:00, 136.76it/s]
Model instantiation succeeded.
The training environment is set up successfully, using the following device: cuda.
Simulated training data created successfully.
Training step executed successfully.
  Train Loss: 1.2520, Test Loss: 1.2573
  Train Acc: 0.5718, Test Acc: 0.5708
  LR: 0.000001, Grad Norm: 1.7331, Throughput: 2617.7 samples/s
accuracy_to_time_metric 2.4647715016567338
  - Saved stats (fallback) to: /a/mm/ab/gpt/brute/ga/meta_evolution/stats_cifar10/img-classification_cifar-10_acc_GenFractalNet-201104aa5729f4a6726ed42960f10659/1.json
  - Model persisted to ga_fractal_arch_cifar10/ (stats verified: 1 JSON file(s))

  ========================================
  >>> FITNESS SCORE: 57.08%  (source: hyperparameters.accuracy, checksum: 201104aa5729f4a6726ed42960f10659)
  ========================================

  [Archive] Cell (2, 64) updated with fitness: 57.0800
  Evaluating Individual 8/20 ---- Generation: 6/10
  - Evaluating unique arch (checksum: b45e6910...)
Evaluating /a/mm/out_nneval_tmp_pid_1977/nn/tmp/GenFractalNet-b45e6910fd8468a0235395b01701b8b5-a10a5a0a5051e8421f30f93efdc1301f.py...
epoch 1

  0%|          | 0/782 [00:00<?, ?it/s]
  0%|          | 3/782 [00:00<00:26, 29.70it/s]
  2%|▏         | 12/782 [00:00<00:12, 61.00it/s]
  3%|▎         | 21/782 [00:00<00:10, 70.87it/s]
  4%|▍         | 30/782 [00:00<00:10, 75.17it/s]
  5%|▍         | 39/782 [00:00<00:09, 76.65it/s]
  6%|▌         | 47/782 [00:00<00:09, 77.27it/s]
  7%|▋         | 56/782 [00:00<00:09, 78.35it/s]
  8%|▊         | 65/782 [00:00<00:09, 78.95it/s]
  9%|▉         | 73/782 [00:00<00:09, 78.67it/s]
 10%|█         | 81/782 [00:01<00:08, 78.42it/s]
 11%|█▏        | 89/782 [00:01<00:08, 78.87it/s]
 12%|█▏        | 97/782 [00:01<00:08, 79.05it/s]
 14%|█▎        | 106/782 [00:01<00:08, 79.91it/s]
 15%|█▍        | 114/782 [00:01<00:08, 79.64it/s]
 16%|█▌        | 122/782 [00:01<00:08, 78.96it/s]
 17%|█▋        | 131/782 [00:01<00:08, 79.99it/s]
 18%|█▊        | 139/782 [00:01<00:08, 79.39it/s]
 19%|█▉        | 147/782 [00:01<00:08, 79.26it/s]
 20%|█▉        | 155/782 [00:02<00:07, 78.38it/s]
 21%|██        | 163/782 [00:02<00:07, 78.50it/s]
 22%|██▏       | 172/782 [00:02<00:07, 79.69it/s]
 23%|██▎       | 180/782 [00:02<00:07, 79.09it/s]
 24%|██▍       | 188/782 [00:02<00:07, 79.19it/s]
 25%|██▌       | 196/782 [00:02<00:07, 78.40it/s]
 26%|██▌       | 204/782 [00:02<00:07, 78.59it/s]
 27%|██▋       | 212/782 [00:02<00:07, 78.05it/s]
 28%|██▊       | 220/782 [00:02<00:07, 78.12it/s]
 29%|██▉       | 228/782 [00:02<00:07, 78.36it/s]
 30%|███       | 236/782 [00:03<00:06, 78.36it/s]
 31%|███       | 244/782 [00:03<00:06, 77.61it/s]
 32%|███▏      | 253/782 [00:03<00:06, 78.54it/s]
 34%|███▎      | 262/782 [00:03<00:06, 78.84it/s]
 35%|███▍      | 271/782 [00:03<00:06, 79.40it/s]
 36%|███▌      | 280/782 [00:03<00:06, 80.18it/s]
 37%|███▋      | 289/782 [00:03<00:06, 79.62it/s]
 38%|███▊      | 297/782 [00:03<00:06, 79.62it/s]
 39%|███▉      | 306/782 [00:03<00:05, 80.50it/s]
 40%|████      | 315/782 [00:04<00:05, 80.54it/s]
 41%|████▏     | 324/782 [00:04<00:05, 79.92it/s]
 42%|████▏     | 332/782 [00:04<00:05, 79.58it/s]
 43%|████▎     | 340/782 [00:04<00:05, 78.68it/s]
 45%|████▍     | 349/782 [00:04<00:05, 79.83it/s]
 46%|████▌     | 358/782 [00:04<00:05, 80.12it/s]
 47%|████▋     | 367/782 [00:04<00:05, 80.30it/s]
 48%|████▊     | 376/782 [00:04<00:05, 79.30it/s]
 49%|████▉     | 385/782 [00:04<00:04, 79.61it/s]
 50%|█████     | 394/782 [00:05<00:04, 80.59it/s]
 52%|█████▏    | 403/782 [00:05<00:04, 79.92it/s]
 53%|█████▎    | 412/782 [00:05<00:04, 80.35it/s]
 54%|█████▍    | 421/782 [00:05<00:04, 79.99it/s]
 55%|█████▍    | 430/782 [00:05<00:04, 80.68it/s]
 56%|█████▌    | 439/782 [00:05<00:04, 80.10it/s]
 57%|█████▋    | 448/782 [00:05<00:04, 79.99it/s]
 58%|█████▊    | 457/782 [00:05<00:04, 80.14it/s]
 60%|█████▉    | 466/782 [00:05<00:03, 80.48it/s]
 61%|██████    | 475/782 [00:06<00:03, 80.96it/s]
 62%|██████▏   | 484/782 [00:06<00:03, 80.06it/s]
 63%|██████▎   | 493/782 [00:06<00:03, 79.43it/s]
 64%|██████▍   | 501/782 [00:06<00:03, 78.79it/s]
 65%|██████▌   | 509/782 [00:06<00:03, 78.80it/s]
 66%|██████▌   | 517/782 [00:06<00:03, 78.90it/s]
 67%|██████▋   | 525/782 [00:06<00:03, 79.05it/s]
 68%|██████▊   | 534/782 [00:06<00:03, 79.84it/s]
 69%|██████▉   | 543/782 [00:06<00:02, 79.93it/s]
 71%|███████   | 552/782 [00:06<00:02, 80.28it/s]
 72%|███████▏  | 561/782 [00:07<00:02, 79.84it/s]
 73%|███████▎  | 569/782 [00:07<00:02, 79.86it/s]
 74%|███████▍  | 577/782 [00:07<00:02, 79.87it/s]
 75%|███████▍  | 586/782 [00:07<00:02, 79.75it/s]
 76%|███████▌  | 595/782 [00:07<00:02, 80.24it/s]
 77%|███████▋  | 604/782 [00:07<00:02, 80.07it/s]
 78%|███████▊  | 613/782 [00:07<00:02, 79.31it/s]
 79%|███████▉  | 621/782 [00:07<00:02, 79.00it/s]
 80%|████████  | 629/782 [00:07<00:01, 78.99it/s]
 82%|████████▏ | 638/782 [00:08<00:01, 80.31it/s]
 83%|████████▎ | 647/782 [00:08<00:01, 79.17it/s]
 84%|████████▍ | 656/782 [00:08<00:01, 79.16it/s]
 85%|████████▍ | 664/782 [00:08<00:01, 78.67it/s]
 86%|████████▌ | 673/782 [00:08<00:01, 79.22it/s]
 87%|████████▋ | 682/782 [00:08<00:01, 79.80it/s]
 88%|████████▊ | 691/782 [00:08<00:01, 81.10it/s]
 90%|████████▉ | 700/782 [00:08<00:01, 81.77it/s]
 91%|█████████ | 709/782 [00:08<00:00, 80.90it/s]
 92%|█████████▏| 718/782 [00:09<00:00, 80.88it/s]
 93%|█████████▎| 727/782 [00:09<00:00, 79.80it/s]
 94%|█████████▍| 736/782 [00:09<00:00, 79.94it/s]
 95%|█████████▌| 744/782 [00:09<00:00, 79.84it/s]
 96%|█████████▌| 752/782 [00:09<00:00, 79.60it/s]
 97%|█████████▋| 760/782 [00:09<00:00, 79.69it/s]
 98%|█████████▊| 769/782 [00:09<00:00, 80.22it/s]
 99%|█████████▉| 778/782 [00:09<00:00, 79.86it/s]
100%|██████████| 782/782 [00:09<00:00, 78.88it/s]
Model instantiation succeeded.
The training environment is set up successfully, using the following device: cuda.
Simulated training data created successfully.
Training step executed successfully.
  Train Loss: 1.1500, Test Loss: 1.1638
  Train Acc: 0.5972, Test Acc: 0.5912
  LR: 0.000001, Grad Norm: 2.6329, Throughput: 2160.7 samples/s
accuracy_to_time_metric 2.1226308233270488
  - Saved stats (fallback) to: /a/mm/ab/gpt/brute/ga/meta_evolution/stats_cifar10/img-classification_cifar-10_acc_GenFractalNet-b45e6910fd8468a0235395b01701b8b5/1.json
  - Model persisted to ga_fractal_arch_cifar10/ (stats verified: 1 JSON file(s))

  ========================================
  >>> FITNESS SCORE: 59.12%  (source: hyperparameters.accuracy, checksum: b45e6910fd8468a0235395b01701b8b5)
  ========================================

  Evaluating Individual 9/20 ---- Generation: 6/10
  - Evaluating unique arch (checksum: 74e9c255...)
Evaluating /a/mm/out_nneval_tmp_pid_1977/nn/tmp/GenFractalNet-74e9c255405deccca7da0b884062b1e1-6f1e0f1a61d95a8394549e21e59ec674.py...
epoch 1

  0%|          | 0/782 [00:00<?, ?it/s]
  1%|          | 7/782 [00:00<00:11, 66.49it/s]
  2%|▏         | 19/782 [00:00<00:08, 94.93it/s]
  4%|▍         | 31/782 [00:00<00:07, 103.37it/s]
  5%|▌         | 43/782 [00:00<00:06, 107.23it/s]
  7%|▋         | 57/782 [00:00<00:06, 118.46it/s]
  9%|▉         | 72/782 [00:00<00:05, 127.92it/s]
 11%|█         | 87/782 [00:00<00:05, 133.70it/s]
 13%|█▎        | 102/782 [00:00<00:04, 137.62it/s]
 15%|█▍        | 117/782 [00:00<00:04, 140.07it/s]
 17%|█▋        | 132/782 [00:01<00:04, 141.30it/s]
 19%|█▉        | 147/782 [00:01<00:04, 142.44it/s]
 21%|██        | 162/782 [00:01<00:04, 143.16it/s]
 23%|██▎       | 177/782 [00:01<00:04, 142.72it/s]
 25%|██▍       | 192/782 [00:01<00:04, 143.23it/s]
 26%|██▋       | 207/782 [00:01<00:04, 143.75it/s]
 28%|██▊       | 222/782 [00:01<00:03, 144.26it/s]
 30%|███       | 237/782 [00:01<00:03, 144.36it/s]
 32%|███▏      | 252/782 [00:01<00:03, 144.57it/s]
 34%|███▍      | 267/782 [00:01<00:03, 144.62it/s]
 36%|███▌      | 282/782 [00:02<00:03, 144.76it/s]
 38%|███▊      | 297/782 [00:02<00:03, 144.59it/s]
 40%|███▉      | 312/782 [00:02<00:03, 144.86it/s]
 42%|████▏     | 327/782 [00:02<00:03, 144.70it/s]
 44%|████▎     | 342/782 [00:02<00:03, 144.46it/s]
 46%|████▌     | 357/782 [00:02<00:02, 144.04it/s]
 48%|████▊     | 372/782 [00:02<00:02, 144.27it/s]
 49%|████▉     | 387/782 [00:02<00:02, 144.26it/s]
 51%|█████▏    | 402/782 [00:02<00:02, 144.64it/s]
 53%|█████▎    | 417/782 [00:03<00:02, 144.24it/s]
 55%|█████▌    | 432/782 [00:03<00:02, 144.35it/s]
 57%|█████▋    | 447/782 [00:03<00:02, 144.37it/s]
 59%|█████▉    | 462/782 [00:03<00:02, 144.30it/s]
 61%|██████    | 477/782 [00:03<00:02, 144.01it/s]
 63%|██████▎   | 492/782 [00:03<00:02, 143.75it/s]
 65%|██████▍   | 507/782 [00:03<00:01, 144.19it/s]
 67%|██████▋   | 522/782 [00:03<00:01, 144.34it/s]
 69%|██████▊   | 537/782 [00:03<00:01, 144.32it/s]
 71%|███████   | 552/782 [00:03<00:01, 144.13it/s]
 73%|███████▎  | 567/782 [00:04<00:01, 144.24it/s]
 74%|███████▍  | 582/782 [00:04<00:01, 143.99it/s]
 76%|███████▋  | 597/782 [00:04<00:01, 144.21it/s]
 78%|███████▊  | 612/782 [00:04<00:01, 144.38it/s]
 80%|████████  | 627/782 [00:04<00:01, 144.49it/s]
 82%|████████▏ | 642/782 [00:04<00:00, 144.30it/s]
 84%|████████▍ | 657/782 [00:04<00:00, 144.28it/s]
 86%|████████▌ | 672/782 [00:04<00:00, 144.49it/s]
 88%|████████▊ | 687/782 [00:04<00:00, 144.83it/s]
 90%|████████▉ | 702/782 [00:04<00:00, 144.79it/s]
 92%|█████████▏| 717/782 [00:05<00:00, 145.34it/s]
 94%|█████████▎| 732/782 [00:05<00:00, 144.39it/s]
 96%|█████████▌| 747/782 [00:05<00:00, 144.83it/s]
 97%|█████████▋| 762/782 [00:05<00:00, 144.80it/s]
 99%|█████████▉| 777/782 [00:05<00:00, 144.81it/s]
100%|██████████| 782/782 [00:05<00:00, 140.10it/s]
Model instantiation succeeded.
The training environment is set up successfully, using the following device: cuda.
Simulated training data created successfully.
Training step executed successfully.
  Train Loss: 1.6041, Test Loss: 1.5963
  Train Acc: 0.4155, Test Acc: 0.4160
  LR: 0.000000, Grad Norm: 0.3232, Throughput: 2609.7 samples/s
accuracy_to_time_metric 1.6493022062939258
  - Saved stats (fallback) to: /a/mm/ab/gpt/brute/ga/meta_evolution/stats_cifar10/img-classification_cifar-10_acc_GenFractalNet-74e9c255405deccca7da0b884062b1e1/1.json
  - Model persisted to ga_fractal_arch_cifar10/ (stats verified: 1 JSON file(s))

  ========================================
  >>> FITNESS SCORE: 41.60%  (source: hyperparameters.accuracy, checksum: 74e9c255405deccca7da0b884062b1e1)
  ========================================

  Evaluating Individual 10/20 ---- Generation: 6/10
  - Evaluating unique arch (checksum: fa3982dc...)
Evaluating /a/mm/out_nneval_tmp_pid_1977/nn/tmp/GenFractalNet-fa3982dccc83e83e409fa55bd8f97993-4e6e1f59b1cec7a5375b2a9db3a1267d.py...
epoch 1

  0%|          | 0/782 [00:00<?, ?it/s]
  1%|          | 9/782 [00:00<00:08, 87.98it/s]
  3%|▎         | 24/782 [00:00<00:06, 120.62it/s]
  5%|▍         | 39/782 [00:00<00:05, 131.45it/s]
  7%|▋         | 54/782 [00:00<00:05, 136.20it/s]
  9%|▉         | 69/782 [00:00<00:05, 138.88it/s]
 11%|█         | 84/782 [00:00<00:04, 140.66it/s]
 13%|█▎        | 99/782 [00:00<00:04, 141.63it/s]
 15%|█▍        | 114/782 [00:00<00:04, 142.37it/s]
 16%|█▋        | 129/782 [00:00<00:04, 142.74it/s]
 18%|█▊        | 144/782 [00:01<00:04, 143.15it/s]
 20%|██        | 159/782 [00:01<00:04, 143.31it/s]
 22%|██▏       | 174/782 [00:01<00:04, 143.51it/s]
 24%|██▍       | 189/782 [00:01<00:04, 143.29it/s]
 26%|██▌       | 204/782 [00:01<00:04, 143.23it/s]
 28%|██▊       | 219/782 [00:01<00:03, 142.91it/s]
 30%|██▉       | 234/782 [00:01<00:03, 142.83it/s]
 32%|███▏      | 249/782 [00:01<00:03, 142.81it/s]
 34%|███▍      | 264/782 [00:01<00:03, 143.20it/s]
 36%|███▌      | 279/782 [00:01<00:03, 143.23it/s]
 38%|███▊      | 294/782 [00:02<00:03, 143.53it/s]
 40%|███▉      | 309/782 [00:02<00:03, 143.53it/s]
 41%|████▏     | 324/782 [00:02<00:03, 143.52it/s]
 43%|████▎     | 339/782 [00:02<00:03, 143.73it/s]
 45%|████▌     | 354/782 [00:02<00:02, 143.63it/s]
 47%|████▋     | 369/782 [00:02<00:02, 143.76it/s]
 49%|████▉     | 384/782 [00:02<00:02, 143.66it/s]
 51%|█████     | 399/782 [00:02<00:02, 141.20it/s]
 53%|█████▎    | 414/782 [00:02<00:02, 141.50it/s]
 55%|█████▍    | 429/782 [00:03<00:02, 142.21it/s]
 57%|█████▋    | 444/782 [00:03<00:02, 142.79it/s]
 59%|█████▊    | 459/782 [00:03<00:02, 142.77it/s]
 61%|██████    | 474/782 [00:03<00:02, 142.71it/s]
 63%|██████▎   | 489/782 [00:03<00:02, 143.03it/s]
 64%|██████▍   | 504/782 [00:03<00:01, 143.07it/s]
 66%|██████▋   | 519/782 [00:03<00:01, 143.10it/s]
 68%|██████▊   | 534/782 [00:03<00:01, 143.21it/s]
 70%|███████   | 549/782 [00:03<00:01, 142.73it/s]
 72%|███████▏  | 564/782 [00:03<00:01, 143.06it/s]
 74%|███████▍  | 579/782 [00:04<00:01, 143.02it/s]
 76%|███████▌  | 594/782 [00:04<00:01, 143.06it/s]
 78%|███████▊  | 609/782 [00:04<00:01, 142.80it/s]
 80%|███████▉  | 624/782 [00:04<00:01, 143.01it/s]
 82%|████████▏ | 639/782 [00:04<00:00, 143.20it/s]
 84%|████████▎ | 654/782 [00:04<00:00, 143.03it/s]
 86%|████████▌ | 669/782 [00:04<00:00, 143.06it/s]
 87%|████████▋ | 684/782 [00:04<00:00, 143.47it/s]
 89%|████████▉ | 699/782 [00:04<00:00, 143.53it/s]
 91%|█████████▏| 714/782 [00:05<00:00, 143.95it/s]
 93%|█████████▎| 729/782 [00:05<00:00, 144.05it/s]
 95%|█████████▌| 744/782 [00:05<00:00, 143.69it/s]
 97%|█████████▋| 759/782 [00:05<00:00, 143.66it/s]
 99%|█████████▉| 774/782 [00:05<00:00, 143.83it/s]
100%|██████████| 782/782 [00:05<00:00, 141.63it/s]
Model instantiation succeeded.
The training environment is set up successfully, using the following device: cuda.
Simulated training data created successfully.
Training step executed successfully.
  Train Loss: 1.2608, Test Loss: 1.2648
  Train Acc: 0.5668, Test Acc: 0.5623
  LR: 0.000000, Grad Norm: 1.3528, Throughput: 2630.1 samples/s
accuracy_to_time_metric 2.4317805291256076
  - Saved stats (fallback) to: /a/mm/ab/gpt/brute/ga/meta_evolution/stats_cifar10/img-classification_cifar-10_acc_GenFractalNet-fa3982dccc83e83e409fa55bd8f97993/1.json
  - Model persisted to ga_fractal_arch_cifar10/ (stats verified: 1 JSON file(s))

  ========================================
  >>> FITNESS SCORE: 56.23%  (source: hyperparameters.accuracy, checksum: fa3982dccc83e83e409fa55bd8f97993)
  ========================================

  [Archive] Cell (2, 32) updated with fitness: 56.2300
  Evaluating Individual 11/20 ---- Generation: 6/10
  - Evaluating unique arch (checksum: fc3173b4...)
Evaluating /a/mm/out_nneval_tmp_pid_1977/nn/tmp/GenFractalNet-fc3173b49cfcae87b9d1db743208e848-1eb1102a71f7961d8cbdff51d07983bf.py...
epoch 1

  0%|          | 0/782 [00:00<?, ?it/s]
  1%|          | 5/782 [00:00<00:17, 45.42it/s]
  2%|▏         | 15/782 [00:00<00:10, 76.18it/s]
  3%|▎         | 26/782 [00:00<00:08, 87.20it/s]
  5%|▍         | 37/782 [00:00<00:08, 93.07it/s]
  6%|▌         | 48/782 [00:00<00:07, 96.10it/s]
  8%|▊         | 59/782 [00:00<00:07, 97.96it/s]
  9%|▉         | 70/782 [00:00<00:07, 98.65it/s]
 10%|█         | 81/782 [00:00<00:07, 100.12it/s]
 12%|█▏        | 92/782 [00:00<00:06, 101.00it/s]
 13%|█▎        | 103/782 [00:01<00:06, 100.85it/s]
 15%|█▍        | 114/782 [00:01<00:06, 101.43it/s]
 16%|█▌        | 125/782 [00:01<00:06, 101.43it/s]
 17%|█▋        | 136/782 [00:01<00:06, 102.07it/s]
 19%|█▉        | 147/782 [00:01<00:06, 100.93it/s]
 20%|██        | 158/782 [00:01<00:06, 101.75it/s]
 22%|██▏       | 169/782 [00:01<00:06, 100.94it/s]
 23%|██▎       | 180/782 [00:01<00:05, 100.94it/s]
 24%|██▍       | 191/782 [00:01<00:05, 100.53it/s]
 26%|██▌       | 202/782 [00:02<00:05, 99.90it/s] 
 27%|██▋       | 213/782 [00:02<00:05, 100.28it/s]
 29%|██▊       | 224/782 [00:02<00:05, 100.79it/s]
 30%|███       | 235/782 [00:02<00:05, 101.21it/s]
 31%|███▏      | 246/782 [00:02<00:05, 101.57it/s]
 33%|███▎      | 257/782 [00:02<00:05, 100.97it/s]
 34%|███▍      | 268/782 [00:02<00:05, 100.63it/s]
 36%|███▌      | 279/782 [00:02<00:05, 100.40it/s]
 37%|███▋      | 290/782 [00:02<00:04, 99.58it/s] 
 38%|███▊      | 300/782 [00:03<00:04, 99.49it/s]
 40%|███▉      | 310/782 [00:03<00:04, 98.82it/s]
 41%|████      | 321/782 [00:03<00:04, 99.39it/s]
 42%|████▏     | 332/782 [00:03<00:04, 100.41it/s]
 44%|████▍     | 343/782 [00:03<00:04, 101.12it/s]
 45%|████▌     | 354/782 [00:03<00:04, 100.58it/s]
 47%|████▋     | 365/782 [00:03<00:04, 101.41it/s]
 48%|████▊     | 376/782 [00:03<00:04, 100.63it/s]
 49%|████▉     | 387/782 [00:03<00:03, 100.55it/s]
 51%|█████     | 398/782 [00:04<00:03, 101.44it/s]
 52%|█████▏    | 409/782 [00:04<00:03, 101.00it/s]
 54%|█████▎    | 420/782 [00:04<00:03, 101.29it/s]
 55%|█████▌    | 431/782 [00:04<00:03, 101.73it/s]
 57%|█████▋    | 442/782 [00:04<00:03, 101.55it/s]
 58%|█████▊    | 453/782 [00:04<00:03, 101.37it/s]
 59%|█████▉    | 464/782 [00:04<00:03, 101.13it/s]
 61%|██████    | 475/782 [00:04<00:03, 101.28it/s]
 62%|██████▏   | 486/782 [00:04<00:02, 101.03it/s]
 64%|██████▎   | 497/782 [00:04<00:02, 101.14it/s]
 65%|██████▍   | 508/782 [00:05<00:02, 101.67it/s]
 66%|██████▋   | 519/782 [00:05<00:02, 100.71it/s]
 68%|██████▊   | 530/782 [00:05<00:02, 100.44it/s]
 69%|██████▉   | 541/782 [00:05<00:02, 101.03it/s]
 71%|███████   | 552/782 [00:05<00:02, 101.24it/s]
 72%|███████▏  | 563/782 [00:05<00:02, 100.06it/s]
 73%|███████▎  | 574/782 [00:05<00:02, 100.87it/s]
 75%|███████▍  | 585/782 [00:05<00:01, 101.17it/s]
 76%|███████▌  | 596/782 [00:05<00:01, 101.14it/s]
 78%|███████▊  | 607/782 [00:06<00:01, 101.43it/s]
 79%|███████▉  | 618/782 [00:06<00:01, 100.93it/s]
 80%|████████  | 629/782 [00:06<00:01, 101.50it/s]
 82%|████████▏ | 640/782 [00:06<00:01, 101.28it/s]
 83%|████████▎ | 651/782 [00:06<00:01, 100.45it/s]
 85%|████████▍ | 662/782 [00:06<00:01, 99.98it/s] 
 86%|████████▌ | 673/782 [00:06<00:01, 100.55it/s]
 87%|████████▋ | 684/782 [00:06<00:00, 100.95it/s]
 89%|████████▉ | 695/782 [00:06<00:00, 101.89it/s]
 90%|█████████ | 706/782 [00:07<00:00, 101.43it/s]
 92%|█████████▏| 717/782 [00:07<00:00, 101.19it/s]
 93%|█████████▎| 728/782 [00:07<00:00, 100.90it/s]
 95%|█████████▍| 739/782 [00:07<00:00, 101.29it/s]
 96%|█████████▌| 750/782 [00:07<00:00, 102.31it/s]
 97%|█████████▋| 761/782 [00:07<00:00, 101.41it/s]
 99%|█████████▊| 772/782 [00:07<00:00, 101.12it/s]
100%|██████████| 782/782 [00:07<00:00, 99.70it/s] 
Model instantiation succeeded.
The training environment is set up successfully, using the following device: cuda.
Simulated training data created successfully.
Training step executed successfully.
  Train Loss: 1.9231, Test Loss: 1.9181
  Train Acc: 0.2541, Test Acc: 0.2609
  LR: 0.000001, Grad Norm: 0.4515, Throughput: 2353.9 samples/s
accuracy_to_time_metric 0.757471539473711
  - Saved stats (fallback) to: /a/mm/ab/gpt/brute/ga/meta_evolution/stats_cifar10/img-classification_cifar-10_acc_GenFractalNet-fc3173b49cfcae87b9d1db743208e848/1.json
  - Model persisted to ga_fractal_arch_cifar10/ (stats verified: 1 JSON file(s))

  ========================================
  >>> FITNESS SCORE: 26.09%  (source: hyperparameters.accuracy, checksum: fc3173b49cfcae87b9d1db743208e848)
  ========================================

  Evaluating Individual 12/20 ---- Generation: 6/10
  - Evaluating unique arch (checksum: e5460db6...)
Evaluating /a/mm/out_nneval_tmp_pid_1977/nn/tmp/GenFractalNet-e5460db6abc15cb82b398bc50fd43f08-d7f3da094a4ef98f95fc27f7e8e46ce1.py...
epoch 1

  0%|          | 0/782 [00:00<?, ?it/s]
  1%|          | 9/782 [00:00<00:08, 88.18it/s]
  3%|▎         | 23/782 [00:00<00:06, 115.07it/s]
  5%|▍         | 37/782 [00:00<00:05, 124.55it/s]
  7%|▋         | 52/782 [00:00<00:05, 131.67it/s]
  9%|▊         | 67/782 [00:00<00:05, 135.79it/s]
 10%|█         | 82/782 [00:00<00:05, 137.98it/s]
 12%|█▏        | 97/782 [00:00<00:04, 139.71it/s]
 14%|█▍        | 112/782 [00:00<00:04, 140.83it/s]
 16%|█▌        | 127/782 [00:00<00:04, 141.18it/s]
 18%|█▊        | 142/782 [00:01<00:04, 140.30it/s]
 20%|██        | 157/782 [00:01<00:04, 141.16it/s]
 22%|██▏       | 172/782 [00:01<00:04, 141.68it/s]
 24%|██▍       | 187/782 [00:01<00:04, 142.18it/s]
 26%|██▌       | 202/782 [00:01<00:04, 142.36it/s]
 28%|██▊       | 217/782 [00:01<00:03, 142.65it/s]
 30%|██▉       | 232/782 [00:01<00:03, 142.88it/s]
 32%|███▏      | 247/782 [00:01<00:03, 143.06it/s]
 34%|███▎      | 262/782 [00:01<00:03, 142.82it/s]
 35%|███▌      | 277/782 [00:01<00:03, 142.98it/s]
 37%|███▋      | 292/782 [00:02<00:03, 143.00it/s]
 39%|███▉      | 307/782 [00:02<00:03, 142.91it/s]
 41%|████      | 322/782 [00:02<00:03, 143.15it/s]
 43%|████▎     | 337/782 [00:02<00:03, 142.80it/s]
 45%|████▌     | 352/782 [00:02<00:03, 142.62it/s]
 47%|████▋     | 367/782 [00:02<00:02, 142.69it/s]
 49%|████▉     | 382/782 [00:02<00:02, 142.63it/s]
 51%|█████     | 397/782 [00:02<00:02, 142.68it/s]
 53%|█████▎    | 412/782 [00:02<00:02, 142.46it/s]
 55%|█████▍    | 427/782 [00:03<00:02, 142.72it/s]
 57%|█████▋    | 442/782 [00:03<00:02, 142.69it/s]
 58%|█████▊    | 457/782 [00:03<00:02, 142.79it/s]
 60%|██████    | 472/782 [00:03<00:02, 142.84it/s]
 62%|██████▏   | 487/782 [00:03<00:02, 142.95it/s]
 64%|██████▍   | 502/782 [00:03<00:01, 143.23it/s]
 66%|██████▌   | 517/782 [00:03<00:01, 143.18it/s]
 68%|██████▊   | 532/782 [00:03<00:01, 143.01it/s]
 70%|██████▉   | 547/782 [00:03<00:01, 142.75it/s]
 72%|███████▏  | 562/782 [00:03<00:01, 141.39it/s]
 74%|███████▍  | 577/782 [00:04<00:01, 139.76it/s]
 76%|███████▌  | 592/782 [00:04<00:01, 140.79it/s]
 78%|███████▊  | 607/782 [00:04<00:01, 141.21it/s]
 80%|███████▉  | 622/782 [00:04<00:01, 141.95it/s]
 81%|████████▏ | 637/782 [00:04<00:01, 142.23it/s]
 83%|████████▎ | 652/782 [00:04<00:00, 142.10it/s]
 85%|████████▌ | 667/782 [00:04<00:00, 142.67it/s]
 87%|████████▋ | 682/782 [00:04<00:00, 142.75it/s]
 89%|████████▉ | 697/782 [00:04<00:00, 135.68it/s]
 91%|█████████ | 712/782 [00:05<00:00, 137.05it/s]
 93%|█████████▎| 727/782 [00:05<00:00, 138.86it/s]
 95%|█████████▍| 742/782 [00:05<00:00, 140.48it/s]
 97%|█████████▋| 757/782 [00:05<00:00, 141.61it/s]
 99%|█████████▊| 772/782 [00:05<00:00, 142.22it/s]
100%|██████████| 782/782 [00:05<00:00, 140.10it/s]
Model instantiation succeeded.
The training environment is set up successfully, using the following device: cuda.
Simulated training data created successfully.
Training step executed successfully.
  Train Loss: 1.2913, Test Loss: 1.2993
  Train Acc: 0.5353, Test Acc: 0.5302
  LR: 0.000000, Grad Norm: 0.5141, Throughput: 2640.6 samples/s
accuracy_to_time_metric 2.2719678623561284
  - Saved stats (fallback) to: /a/mm/ab/gpt/brute/ga/meta_evolution/stats_cifar10/img-classification_cifar-10_acc_GenFractalNet-e5460db6abc15cb82b398bc50fd43f08/1.json
  - Model persisted to ga_fractal_arch_cifar10/ (stats verified: 1 JSON file(s))

  ========================================
  >>> FITNESS SCORE: 53.02%  (source: hyperparameters.accuracy, checksum: e5460db6abc15cb82b398bc50fd43f08)
  ========================================

  Evaluating Individual 13/20 ---- Generation: 6/10
  - Evaluating unique arch (checksum: 930a3ed4...)
Evaluating /a/mm/out_nneval_tmp_pid_1977/nn/tmp/GenFractalNet-930a3ed40f55bc4796b51e7031d8cbbd-52d6fd0f8e000dc3e30256012df57e01.py...
epoch 1

  0%|          | 0/782 [00:00<?, ?it/s]
  1%|          | 7/782 [00:00<00:11, 67.45it/s]
  3%|▎         | 21/782 [00:00<00:07, 107.51it/s]
  4%|▍         | 35/782 [00:00<00:06, 118.86it/s]
  6%|▋         | 50/782 [00:00<00:05, 129.01it/s]
  8%|▊         | 65/782 [00:00<00:05, 134.68it/s]
 10%|█         | 80/782 [00:00<00:05, 138.14it/s]
 12%|█▏        | 95/782 [00:00<00:04, 140.30it/s]
 14%|█▍        | 110/782 [00:00<00:04, 140.95it/s]
 16%|█▌        | 125/782 [00:00<00:04, 140.93it/s]
 18%|█▊        | 140/782 [00:01<00:04, 139.84it/s]
 20%|█▉        | 154/782 [00:01<00:04, 139.79it/s]
 22%|██▏       | 169/782 [00:01<00:04, 140.04it/s]
 24%|██▎       | 184/782 [00:01<00:04, 139.97it/s]
 25%|██▌       | 199/782 [00:01<00:04, 140.07it/s]
 27%|██▋       | 214/782 [00:01<00:04, 140.18it/s]
 29%|██▉       | 229/782 [00:01<00:03, 140.02it/s]
 31%|███       | 244/782 [00:01<00:03, 139.91it/s]
 33%|███▎      | 259/782 [00:01<00:03, 140.00it/s]
 35%|███▍      | 273/782 [00:01<00:03, 139.54it/s]
 37%|███▋      | 287/782 [00:02<00:03, 139.06it/s]
 38%|███▊      | 301/782 [00:02<00:03, 138.59it/s]
 40%|████      | 316/782 [00:02<00:03, 139.24it/s]
 42%|████▏     | 330/782 [00:02<00:03, 139.06it/s]
 44%|████▍     | 345/782 [00:02<00:03, 139.42it/s]
 46%|████▌     | 360/782 [00:02<00:03, 139.88it/s]
 48%|████▊     | 375/782 [00:02<00:02, 140.23it/s]
 50%|████▉     | 390/782 [00:02<00:02, 140.50it/s]
 52%|█████▏    | 405/782 [00:02<00:02, 140.50it/s]
 54%|█████▎    | 420/782 [00:03<00:02, 140.85it/s]
 56%|█████▌    | 435/782 [00:03<00:02, 141.22it/s]
 58%|█████▊    | 450/782 [00:03<00:02, 141.47it/s]
 59%|█████▉    | 465/782 [00:03<00:02, 140.91it/s]
 61%|██████▏   | 480/782 [00:03<00:02, 141.34it/s]
 63%|██████▎   | 495/782 [00:03<00:02, 140.84it/s]
 65%|██████▌   | 510/782 [00:03<00:01, 140.21it/s]
 67%|██████▋   | 525/782 [00:03<00:01, 140.10it/s]
 69%|██████▉   | 540/782 [00:03<00:01, 139.75it/s]
 71%|███████   | 554/782 [00:04<00:01, 135.36it/s]
 73%|███████▎  | 568/782 [00:04<00:01, 136.35it/s]
 74%|███████▍  | 582/782 [00:04<00:01, 137.21it/s]
 76%|███████▌  | 596/782 [00:04<00:01, 137.77it/s]
 78%|███████▊  | 610/782 [00:04<00:01, 137.78it/s]
 80%|███████▉  | 624/782 [00:04<00:01, 138.29it/s]
 82%|████████▏ | 638/782 [00:04<00:01, 138.48it/s]
 83%|████████▎ | 652/782 [00:04<00:00, 138.49it/s]
 85%|████████▌ | 666/782 [00:04<00:00, 135.26it/s]
 87%|████████▋ | 680/782 [00:04<00:00, 135.91it/s]
 89%|████████▊ | 694/782 [00:05<00:00, 136.76it/s]
 91%|█████████ | 708/782 [00:05<00:00, 137.49it/s]
 92%|█████████▏| 722/782 [00:05<00:00, 138.11it/s]
 94%|█████████▍| 736/782 [00:05<00:00, 137.94it/s]
 96%|█████████▌| 750/782 [00:05<00:00, 138.23it/s]
 98%|█████████▊| 764/782 [00:05<00:00, 134.93it/s]
 99%|█████████▉| 778/782 [00:05<00:00, 136.16it/s]
100%|██████████| 782/782 [00:05<00:00, 136.87it/s]
Model instantiation succeeded.
The training environment is set up successfully, using the following device: cuda.
Simulated training data created successfully.
Training step executed successfully.
  Train Loss: 1.4331, Test Loss: 1.4339
  Train Acc: 0.4894, Test Acc: 0.4855
  LR: 0.000000, Grad Norm: 3.1223, Throughput: 2620.6 samples/s
accuracy_to_time_metric 2.0204176590036877
  - Saved stats (fallback) to: /a/mm/ab/gpt/brute/ga/meta_evolution/stats_cifar10/img-classification_cifar-10_acc_GenFractalNet-930a3ed40f55bc4796b51e7031d8cbbd/1.json
  - Model persisted to ga_fractal_arch_cifar10/ (stats verified: 1 JSON file(s))

  ========================================
  >>> FITNESS SCORE: 48.55%  (source: hyperparameters.accuracy, checksum: 930a3ed40f55bc4796b51e7031d8cbbd)
  ========================================

  [Archive] Cell (3, 16) updated with fitness: 48.5500
  Evaluating Individual 14/20 ---- Generation: 6/10
  - Evaluating unique arch (checksum: ad3172ee...)
Evaluating /a/mm/out_nneval_tmp_pid_1977/nn/tmp/GenFractalNet-ad3172ee70cc04c58612e7406ad8a9b6-34ed9390411ece1138708010cb77526c.py...
epoch 1

  0%|          | 0/782 [00:00<?, ?it/s]
  0%|          | 3/782 [00:00<00:31, 24.48it/s]
  1%|          | 7/782 [00:00<00:25, 30.44it/s]
  1%|▏         | 11/782 [00:00<00:24, 32.07it/s]
  2%|▏         | 15/782 [00:00<00:22, 33.92it/s]
  2%|▏         | 19/782 [00:00<00:21, 35.17it/s]
  3%|▎         | 23/782 [00:00<00:21, 34.50it/s]
  3%|▎         | 27/782 [00:00<00:21, 34.95it/s]
  4%|▍         | 31/782 [00:00<00:21, 34.74it/s]
  4%|▍         | 35/782 [00:01<00:21, 34.56it/s]
  5%|▍         | 39/782 [00:01<00:21, 34.76it/s]
  5%|▌         | 43/782 [00:01<00:21, 34.47it/s]
  6%|▌         | 48/782 [00:01<00:20, 36.68it/s]
  7%|▋         | 52/782 [00:01<00:19, 36.65it/s]
  7%|▋         | 56/782 [00:01<00:19, 36.48it/s]
  8%|▊         | 60/782 [00:01<00:20, 36.03it/s]
  8%|▊         | 64/782 [00:01<00:20, 34.97it/s]
  9%|▊         | 68/782 [00:01<00:20, 35.43it/s]
  9%|▉         | 72/782 [00:02<00:19, 35.50it/s]
 10%|▉         | 76/782 [00:02<00:20, 34.83it/s]
 10%|█         | 80/782 [00:02<00:19, 35.48it/s]
 11%|█         | 84/782 [00:02<00:19, 35.35it/s]
 11%|█▏        | 88/782 [00:02<00:19, 35.32it/s]
 12%|█▏        | 92/782 [00:02<00:20, 34.37it/s]
 12%|█▏        | 96/782 [00:02<00:19, 35.45it/s]
 13%|█▎        | 100/782 [00:02<00:19, 35.20it/s]
 13%|█▎        | 104/782 [00:02<00:19, 34.79it/s]
 14%|█▍        | 108/782 [00:03<00:19, 35.28it/s]
 14%|█▍        | 112/782 [00:03<00:19, 35.13it/s]
 15%|█▍        | 116/782 [00:03<00:18, 35.61it/s]
 15%|█▌        | 120/782 [00:03<00:18, 35.45it/s]
 16%|█▌        | 124/782 [00:03<00:18, 35.80it/s]
 16%|█▋        | 129/782 [00:03<00:17, 37.23it/s]
 17%|█▋        | 133/782 [00:03<00:17, 36.38it/s]
 18%|█▊        | 137/782 [00:03<00:18, 35.60it/s]
 18%|█▊        | 141/782 [00:04<00:18, 34.96it/s]
 19%|█▊        | 145/782 [00:04<00:18, 34.94it/s]
 19%|█▉        | 149/782 [00:04<00:17, 35.63it/s]
 20%|█▉        | 153/782 [00:04<00:17, 35.80it/s]
 20%|██        | 157/782 [00:04<00:17, 35.35it/s]
 21%|██        | 161/782 [00:04<00:17, 35.52it/s]
 21%|██        | 165/782 [00:04<00:17, 35.99it/s]
 22%|██▏       | 169/782 [00:04<00:16, 36.40it/s]
 22%|██▏       | 174/782 [00:04<00:16, 37.76it/s]
 23%|██▎       | 178/782 [00:05<00:16, 36.49it/s]
 23%|██▎       | 182/782 [00:05<00:16, 36.11it/s]
 24%|██▍       | 186/782 [00:05<00:16, 35.63it/s]
 24%|██▍       | 190/782 [00:05<00:16, 35.79it/s]
 25%|██▍       | 194/782 [00:05<00:16, 35.31it/s]
 25%|██▌       | 198/782 [00:05<00:16, 34.78it/s]
 26%|██▌       | 202/782 [00:05<00:16, 34.57it/s]
 26%|██▋       | 206/782 [00:05<00:16, 34.66it/s]
 27%|██▋       | 210/782 [00:05<00:16, 34.34it/s]
 27%|██▋       | 214/782 [00:06<00:16, 34.17it/s]
 28%|██▊       | 218/782 [00:06<00:16, 35.10it/s]
 28%|██▊       | 222/782 [00:06<00:15, 35.01it/s]
 29%|██▉       | 226/782 [00:06<00:15, 35.58it/s]
 29%|██▉       | 230/782 [00:06<00:15, 36.24it/s]
 30%|██▉       | 234/782 [00:06<00:15, 36.20it/s]
 30%|███       | 238/782 [00:06<00:14, 36.53it/s]
 31%|███       | 242/782 [00:06<00:14, 36.81it/s]
 31%|███▏      | 246/782 [00:06<00:15, 35.59it/s]
 32%|███▏      | 250/782 [00:07<00:15, 35.45it/s]
 32%|███▏      | 254/782 [00:07<00:15, 34.88it/s]
 33%|███▎      | 258/782 [00:07<00:15, 34.91it/s]
 34%|███▎      | 262/782 [00:07<00:15, 34.56it/s]
 34%|███▍      | 266/782 [00:07<00:14, 34.60it/s]
 35%|███▍      | 270/782 [00:07<00:14, 34.14it/s]
 35%|███▌      | 274/782 [00:07<00:14, 34.72it/s]
 36%|███▌      | 278/782 [00:07<00:14, 34.79it/s]
 36%|███▌      | 282/782 [00:08<00:14, 34.94it/s]
 37%|███▋      | 286/782 [00:08<00:14, 34.35it/s]
 37%|███▋      | 290/782 [00:08<00:14, 34.08it/s]
 38%|███▊      | 294/782 [00:08<00:14, 34.23it/s]
 38%|███▊      | 298/782 [00:08<00:14, 34.32it/s]
 39%|███▊      | 302/782 [00:08<00:14, 34.17it/s]
 39%|███▉      | 306/782 [00:08<00:13, 34.96it/s]
 40%|███▉      | 310/782 [00:08<00:13, 34.82it/s]
 40%|████      | 314/782 [00:08<00:13, 34.34it/s]
 41%|████      | 318/782 [00:09<00:13, 34.17it/s]
 41%|████      | 322/782 [00:09<00:13, 33.70it/s]
 42%|████▏     | 326/782 [00:09<00:13, 34.32it/s]
 42%|████▏     | 330/782 [00:09<00:12, 34.84it/s]
 43%|████▎     | 334/782 [00:09<00:12, 34.52it/s]
 43%|████▎     | 338/782 [00:09<00:12, 34.89it/s]
 44%|████▎     | 342/782 [00:09<00:12, 35.67it/s]
 44%|████▍     | 347/782 [00:09<00:11, 36.91it/s]
 45%|████▍     | 351/782 [00:09<00:11, 36.45it/s]
 45%|████▌     | 355/782 [00:10<00:11, 36.87it/s]
 46%|████▌     | 359/782 [00:10<00:11, 36.77it/s]
 46%|████▋     | 363/782 [00:10<00:11, 36.29it/s]
 47%|████▋     | 367/782 [00:10<00:11, 35.03it/s]
 47%|████▋     | 371/782 [00:10<00:11, 36.12it/s]
 48%|████▊     | 375/782 [00:10<00:11, 35.49it/s]
 48%|████▊     | 379/782 [00:10<00:11, 35.68it/s]
 49%|████▉     | 383/782 [00:10<00:11, 34.95it/s]
 49%|████▉     | 387/782 [00:10<00:11, 34.49it/s]
 50%|█████     | 391/782 [00:11<00:11, 34.52it/s]
 51%|█████     | 395/782 [00:11<00:11, 34.55it/s]
 51%|█████     | 399/782 [00:11<00:11, 34.45it/s]
 52%|█████▏    | 403/782 [00:11<00:10, 35.13it/s]
 52%|█████▏    | 407/782 [00:11<00:10, 35.15it/s]
 53%|█████▎    | 411/782 [00:11<00:10, 35.71it/s]
 53%|█████▎    | 415/782 [00:11<00:10, 36.14it/s]
 54%|█████▎    | 419/782 [00:11<00:10, 36.14it/s]
 54%|█████▍    | 423/782 [00:12<00:09, 35.90it/s]
 55%|█████▍    | 427/782 [00:12<00:10, 34.58it/s]
 55%|█████▌    | 431/782 [00:12<00:10, 34.05it/s]
 56%|█████▌    | 435/782 [00:12<00:10, 33.56it/s]
 56%|█████▌    | 439/782 [00:12<00:10, 33.53it/s]
 57%|█████▋    | 443/782 [00:12<00:10, 33.74it/s]
 57%|█████▋    | 447/782 [00:12<00:09, 34.72it/s]
 58%|█████▊    | 451/782 [00:12<00:09, 34.81it/s]
 58%|█████▊    | 455/782 [00:12<00:09, 35.40it/s]
 59%|█████▉    | 460/782 [00:13<00:08, 37.02it/s]
 59%|█████▉    | 464/782 [00:13<00:08, 35.56it/s]
 60%|█████▉    | 468/782 [00:13<00:08, 35.29it/s]
 60%|██████    | 472/782 [00:13<00:08, 34.90it/s]
 61%|██████    | 476/782 [00:13<00:08, 35.39it/s]
 61%|██████▏   | 480/782 [00:13<00:08, 35.99it/s]
 62%|██████▏   | 484/782 [00:13<00:08, 36.58it/s]
 62%|██████▏   | 488/782 [00:13<00:08, 36.19it/s]
 63%|██████▎   | 492/782 [00:13<00:08, 36.00it/s]
 63%|██████▎   | 496/782 [00:14<00:08, 35.16it/s]
 64%|██████▍   | 500/782 [00:14<00:08, 34.84it/s]
 64%|██████▍   | 504/782 [00:14<00:07, 34.77it/s]
 65%|██████▍   | 508/782 [00:14<00:07, 34.55it/s]
 65%|██████▌   | 512/782 [00:14<00:07, 35.17it/s]
 66%|██████▌   | 516/782 [00:14<00:07, 35.15it/s]
 66%|██████▋   | 520/782 [00:14<00:07, 34.64it/s]
 67%|██████▋   | 524/782 [00:14<00:07, 34.17it/s]
 68%|██████▊   | 528/782 [00:15<00:07, 33.52it/s]
 68%|██████▊   | 532/782 [00:15<00:07, 33.61it/s]
 69%|██████▊   | 536/782 [00:15<00:07, 34.46it/s]
 69%|██████▉   | 540/782 [00:15<00:07, 34.49it/s]
 70%|██████▉   | 544/782 [00:15<00:06, 34.30it/s]
 70%|███████   | 548/782 [00:15<00:06, 35.20it/s]
 71%|███████   | 552/782 [00:15<00:06, 36.25it/s]
 71%|███████   | 556/782 [00:15<00:06, 35.79it/s]
 72%|███████▏  | 560/782 [00:15<00:06, 35.26it/s]
 72%|███████▏  | 564/782 [00:16<00:06, 35.81it/s]
 73%|███████▎  | 568/782 [00:16<00:06, 35.14it/s]
 73%|███████▎  | 572/782 [00:16<00:06, 34.81it/s]
 74%|███████▎  | 576/782 [00:16<00:05, 34.63it/s]
 74%|███████▍  | 580/782 [00:16<00:05, 34.80it/s]
 75%|███████▍  | 584/782 [00:16<00:05, 35.37it/s]
 75%|███████▌  | 588/782 [00:16<00:05, 35.66it/s]
 76%|███████▌  | 592/782 [00:16<00:05, 35.43it/s]
 76%|███████▌  | 596/782 [00:16<00:05, 36.03it/s]
 77%|███████▋  | 600/782 [00:17<00:05, 35.14it/s]
 77%|███████▋  | 604/782 [00:17<00:05, 35.42it/s]
 78%|███████▊  | 608/782 [00:17<00:04, 35.74it/s]
 78%|███████▊  | 612/782 [00:17<00:04, 35.31it/s]
 79%|███████▉  | 616/782 [00:17<00:04, 34.91it/s]
 79%|███████▉  | 620/782 [00:17<00:04, 34.42it/s]
 80%|███████▉  | 624/782 [00:17<00:04, 34.19it/s]
 80%|████████  | 628/782 [00:17<00:04, 34.11it/s]
 81%|████████  | 632/782 [00:17<00:04, 34.07it/s]
 81%|████████▏ | 637/782 [00:18<00:04, 36.21it/s]
 82%|████████▏ | 641/782 [00:18<00:03, 35.38it/s]
 82%|████████▏ | 645/782 [00:18<00:03, 35.07it/s]
 83%|████████▎ | 649/782 [00:18<00:03, 35.31it/s]
 84%|████████▎ | 653/782 [00:18<00:03, 35.71it/s]
 84%|████████▍ | 657/782 [00:18<00:03, 36.39it/s]
 85%|████████▍ | 661/782 [00:18<00:03, 35.96it/s]
 85%|████████▌ | 665/782 [00:18<00:03, 34.58it/s]
 86%|████████▌ | 669/782 [00:19<00:03, 34.47it/s]
 86%|████████▌ | 673/782 [00:19<00:03, 34.73it/s]
 87%|████████▋ | 677/782 [00:19<00:03, 34.44it/s]
 87%|████████▋ | 681/782 [00:19<00:02, 34.43it/s]
 88%|████████▊ | 685/782 [00:19<00:02, 35.38it/s]
 88%|████████▊ | 689/782 [00:19<00:02, 34.94it/s]
 89%|████████▊ | 693/782 [00:19<00:02, 35.03it/s]
 89%|████████▉ | 697/782 [00:19<00:02, 35.02it/s]
 90%|████████▉ | 701/782 [00:19<00:02, 34.10it/s]
 90%|█████████ | 705/782 [00:20<00:02, 33.96it/s]
 91%|█████████ | 709/782 [00:20<00:02, 33.83it/s]
 91%|█████████ | 713/782 [00:20<00:02, 33.85it/s]
 92%|█████████▏| 717/782 [00:20<00:01, 34.38it/s]
 92%|█████████▏| 721/782 [00:20<00:01, 35.01it/s]
 93%|█████████▎| 725/782 [00:20<00:01, 35.51it/s]
 93%|█████████▎| 729/782 [00:20<00:01, 35.97it/s]
 94%|█████████▎| 733/782 [00:20<00:01, 35.95it/s]
 94%|█████████▍| 737/782 [00:20<00:01, 35.34it/s]
 95%|█████████▍| 741/782 [00:21<00:01, 36.21it/s]
 95%|█████████▌| 745/782 [00:21<00:01, 36.73it/s]
 96%|█████████▌| 749/782 [00:21<00:00, 36.57it/s]
 96%|█████████▋| 753/782 [00:21<00:00, 36.43it/s]
 97%|█████████▋| 757/782 [00:21<00:00, 36.21it/s]
 97%|█████████▋| 761/782 [00:21<00:00, 35.25it/s]
 98%|█████████▊| 765/782 [00:21<00:00, 35.06it/s]
 98%|█████████▊| 769/782 [00:21<00:00, 35.09it/s]
 99%|█████████▉| 773/782 [00:21<00:00, 35.04it/s]
 99%|█████████▉| 777/782 [00:22<00:00, 34.41it/s]
100%|█████████▉| 781/782 [00:22<00:00, 35.08it/s]
100%|██████████| 782/782 [00:22<00:00, 35.12it/s]
Model instantiation succeeded.
The training environment is set up successfully, using the following device: cuda.
Simulated training data created successfully.
Training step executed successfully.
  Train Loss: 1.8274, Test Loss: 1.8270
  Train Acc: 0.3211, Test Acc: 0.3303
  LR: 0.000000, Grad Norm: 0.3866, Throughput: 1133.0 samples/s
accuracy_to_time_metric 0.5218530036960639
  - Saved stats (fallback) to: /a/mm/ab/gpt/brute/ga/meta_evolution/stats_cifar10/img-classification_cifar-10_acc_GenFractalNet-ad3172ee70cc04c58612e7406ad8a9b6/1.json
  - Model persisted to ga_fractal_arch_cifar10/ (stats verified: 1 JSON file(s))

  ========================================
  >>> FITNESS SCORE: 33.03%  (source: hyperparameters.accuracy, checksum: ad3172ee70cc04c58612e7406ad8a9b6)
  ========================================

  Evaluating Individual 15/20 ---- Generation: 6/10
  - Evaluating unique arch (checksum: d30744df...)
Evaluating /a/mm/out_nneval_tmp_pid_1977/nn/tmp/GenFractalNet-d30744df4254c8adcfeb14ed51ca77eb-954f6bc41f6f984a617333757e0bd78c.py...
epoch 1

  0%|          | 0/782 [00:00<?, ?it/s]
  1%|          | 7/782 [00:00<00:11, 66.17it/s]
  2%|▏         | 19/782 [00:00<00:08, 94.80it/s]
  4%|▍         | 31/782 [00:00<00:07, 102.70it/s]
  5%|▌         | 43/782 [00:00<00:07, 104.85it/s]
  7%|▋         | 55/782 [00:00<00:06, 109.70it/s]
  9%|▊         | 68/782 [00:00<00:06, 114.62it/s]
 10%|█         | 81/782 [00:00<00:05, 118.97it/s]
 12%|█▏        | 94/782 [00:00<00:05, 121.91it/s]
 14%|█▎        | 107/782 [00:00<00:05, 121.20it/s]
 15%|█▌        | 120/782 [00:01<00:05, 121.63it/s]
 17%|█▋        | 133/782 [00:01<00:05, 122.74it/s]
 19%|█▊        | 146/782 [00:01<00:05, 121.96it/s]
 20%|██        | 159/782 [00:01<00:05, 122.20it/s]
 22%|██▏       | 172/782 [00:01<00:04, 122.34it/s]
 24%|██▎       | 185/782 [00:01<00:04, 121.95it/s]
 25%|██▌       | 198/782 [00:01<00:04, 121.84it/s]
 27%|██▋       | 211/782 [00:01<00:04, 121.92it/s]
 29%|██▊       | 224/782 [00:01<00:04, 122.66it/s]
 30%|███       | 237/782 [00:02<00:04, 121.76it/s]
 32%|███▏      | 250/782 [00:02<00:04, 121.40it/s]
 34%|███▎      | 263/782 [00:02<00:04, 122.89it/s]
 35%|███▌      | 276/782 [00:02<00:04, 123.24it/s]
 37%|███▋      | 289/782 [00:02<00:03, 123.41it/s]
 39%|███▊      | 302/782 [00:02<00:03, 123.08it/s]
 40%|████      | 315/782 [00:02<00:03, 122.63it/s]
 42%|████▏     | 328/782 [00:02<00:03, 121.48it/s]
 44%|████▎     | 341/782 [00:02<00:03, 122.51it/s]
 45%|████▌     | 354/782 [00:02<00:03, 122.78it/s]
 47%|████▋     | 367/782 [00:03<00:03, 123.26it/s]
 49%|████▊     | 380/782 [00:03<00:03, 124.20it/s]
 50%|█████     | 393/782 [00:03<00:03, 124.09it/s]
 52%|█████▏    | 406/782 [00:03<00:03, 123.01it/s]
 54%|█████▎    | 419/782 [00:03<00:02, 123.31it/s]
 55%|█████▌    | 432/782 [00:03<00:02, 122.54it/s]
 57%|█████▋    | 445/782 [00:03<00:02, 121.53it/s]
 59%|█████▊    | 458/782 [00:03<00:02, 121.86it/s]
 60%|██████    | 471/782 [00:03<00:02, 122.32it/s]
 62%|██████▏   | 484/782 [00:04<00:02, 121.48it/s]
 64%|██████▎   | 497/782 [00:04<00:02, 123.81it/s]
 65%|██████▌   | 510/782 [00:04<00:02, 123.33it/s]
 67%|██████▋   | 523/782 [00:04<00:02, 122.57it/s]
 69%|██████▊   | 536/782 [00:04<00:01, 123.31it/s]
 70%|███████   | 549/782 [00:04<00:01, 123.66it/s]
 72%|███████▏  | 562/782 [00:04<00:01, 124.76it/s]
 74%|███████▎  | 575/782 [00:04<00:01, 123.73it/s]
 75%|███████▌  | 588/782 [00:04<00:01, 124.28it/s]
 77%|███████▋  | 601/782 [00:04<00:01, 125.24it/s]
 79%|███████▊  | 614/782 [00:05<00:01, 126.21it/s]
 80%|████████  | 627/782 [00:05<00:01, 125.68it/s]
 82%|████████▏ | 640/782 [00:05<00:01, 125.29it/s]
 84%|████████▎ | 653/782 [00:05<00:01, 123.38it/s]
 85%|████████▌ | 666/782 [00:05<00:00, 123.86it/s]
 87%|████████▋ | 679/782 [00:05<00:00, 123.61it/s]
 88%|████████▊ | 692/782 [00:05<00:00, 123.40it/s]
 90%|█████████ | 705/782 [00:05<00:00, 122.87it/s]
 92%|█████████▏| 718/782 [00:05<00:00, 123.57it/s]
 93%|█████████▎| 731/782 [00:06<00:00, 123.73it/s]
 95%|█████████▌| 744/782 [00:06<00:00, 124.07it/s]
 97%|█████████▋| 757/782 [00:06<00:00, 124.96it/s]
 98%|█████████▊| 770/782 [00:06<00:00, 126.14it/s]
100%|██████████| 782/782 [00:06<00:00, 121.19it/s]
Model instantiation succeeded.
The training environment is set up successfully, using the following device: cuda.
Simulated training data created successfully.
Training step executed successfully.
  Train Loss: 1.1820, Test Loss: 1.1944
  Train Acc: 0.5793, Test Acc: 0.5741
  LR: 0.000000, Grad Norm: 5.0000, Throughput: 2514.6 samples/s
accuracy_to_time_metric 2.3842902260986496
  - Saved stats (fallback) to: /a/mm/ab/gpt/brute/ga/meta_evolution/stats_cifar10/img-classification_cifar-10_acc_GenFractalNet-d30744df4254c8adcfeb14ed51ca77eb/1.json
  - Model persisted to ga_fractal_arch_cifar10/ (stats verified: 1 JSON file(s))

  ========================================
  >>> FITNESS SCORE: 57.41%  (source: hyperparameters.accuracy, checksum: d30744df4254c8adcfeb14ed51ca77eb)
  ========================================

  [Archive] Cell (3, 64) updated with fitness: 57.4100
  Evaluating Individual 16/20 ---- Generation: 6/10
  - Evaluating unique arch (checksum: e0f1e03d...)
Evaluating /a/mm/out_nneval_tmp_pid_1977/nn/tmp/GenFractalNet-e0f1e03dcdcbb61c850819e28b492505-c034df2828b1837e010486e127d27bda.py...
epoch 1

  0%|          | 0/782 [00:00<?, ?it/s]
  1%|          | 7/782 [00:00<00:11, 66.48it/s]
  3%|▎         | 22/782 [00:00<00:06, 113.44it/s]
  5%|▍         | 37/782 [00:00<00:05, 127.29it/s]
  7%|▋         | 52/782 [00:00<00:05, 134.18it/s]
  9%|▊         | 67/782 [00:00<00:05, 138.15it/s]
 10%|█         | 82/782 [00:00<00:04, 140.34it/s]
 12%|█▏        | 97/782 [00:00<00:04, 142.07it/s]
 14%|█▍        | 112/782 [00:00<00:04, 143.24it/s]
 16%|█▌        | 127/782 [00:00<00:04, 143.29it/s]
 18%|█▊        | 142/782 [00:01<00:04, 143.65it/s]
 20%|██        | 157/782 [00:01<00:04, 144.10it/s]
 22%|██▏       | 172/782 [00:01<00:04, 144.02it/s]
 24%|██▍       | 187/782 [00:01<00:04, 143.92it/s]
 26%|██▌       | 202/782 [00:01<00:04, 144.09it/s]
 28%|██▊       | 217/782 [00:01<00:03, 143.37it/s]
 30%|██▉       | 232/782 [00:01<00:03, 143.08it/s]
 32%|███▏      | 247/782 [00:01<00:03, 143.31it/s]
 34%|███▎      | 262/782 [00:01<00:03, 143.29it/s]
 35%|███▌      | 277/782 [00:01<00:03, 143.70it/s]
 37%|███▋      | 292/782 [00:02<00:03, 143.73it/s]
 39%|███▉      | 307/782 [00:02<00:03, 143.57it/s]
 41%|████      | 322/782 [00:02<00:03, 143.63it/s]
 43%|████▎     | 337/782 [00:02<00:03, 143.96it/s]
 45%|████▌     | 352/782 [00:02<00:02, 144.40it/s]
 47%|████▋     | 367/782 [00:02<00:02, 143.81it/s]
 49%|████▉     | 382/782 [00:02<00:02, 144.13it/s]
 51%|█████     | 397/782 [00:02<00:02, 144.42it/s]
 53%|█████▎    | 412/782 [00:02<00:02, 144.65it/s]
 55%|█████▍    | 427/782 [00:03<00:02, 143.59it/s]
 57%|█████▋    | 442/782 [00:03<00:02, 144.02it/s]
 58%|█████▊    | 457/782 [00:03<00:02, 144.32it/s]
 60%|██████    | 472/782 [00:03<00:02, 144.43it/s]
 62%|██████▏   | 487/782 [00:03<00:02, 144.54it/s]
 64%|██████▍   | 502/782 [00:03<00:01, 143.86it/s]
 66%|██████▌   | 517/782 [00:03<00:01, 144.07it/s]
 68%|██████▊   | 532/782 [00:03<00:01, 144.26it/s]
 70%|██████▉   | 547/782 [00:03<00:01, 144.27it/s]
 72%|███████▏  | 562/782 [00:03<00:01, 143.46it/s]
 74%|███████▍  | 577/782 [00:04<00:01, 143.43it/s]
 76%|███████▌  | 592/782 [00:04<00:01, 143.22it/s]
 78%|███████▊  | 607/782 [00:04<00:01, 143.23it/s]
 80%|███████▉  | 622/782 [00:04<00:01, 142.96it/s]
 81%|████████▏ | 637/782 [00:04<00:01, 143.22it/s]
 83%|████████▎ | 652/782 [00:04<00:00, 142.45it/s]
 85%|████████▌ | 667/782 [00:04<00:00, 142.75it/s]
 87%|████████▋ | 682/782 [00:04<00:00, 142.21it/s]
 89%|████████▉ | 697/782 [00:04<00:00, 141.66it/s]
 91%|█████████ | 712/782 [00:05<00:00, 142.23it/s]
 93%|█████████▎| 727/782 [00:05<00:00, 142.61it/s]
 95%|█████████▍| 742/782 [00:05<00:00, 143.05it/s]
 97%|█████████▋| 757/782 [00:05<00:00, 143.30it/s]
 99%|█████████▊| 772/782 [00:05<00:00, 143.30it/s]
100%|██████████| 782/782 [00:05<00:00, 141.28it/s]
Model instantiation succeeded.
The training environment is set up successfully, using the following device: cuda.
Simulated training data created successfully.
Training step executed successfully.
  Train Loss: 1.7942, Test Loss: 1.7929
  Train Acc: 0.3733, Test Acc: 0.3735
  LR: 0.000000, Grad Norm: 3.1489, Throughput: 2654.9 samples/s
accuracy_to_time_metric 1.4522026609849454
  - Saved stats (fallback) to: /a/mm/ab/gpt/brute/ga/meta_evolution/stats_cifar10/img-classification_cifar-10_acc_GenFractalNet-e0f1e03dcdcbb61c850819e28b492505/1.json
  - Model persisted to ga_fractal_arch_cifar10/ (stats verified: 1 JSON file(s))

  ========================================
  >>> FITNESS SCORE: 37.35%  (source: hyperparameters.accuracy, checksum: e0f1e03dcdcbb61c850819e28b492505)
  ========================================

  Evaluating Individual 17/20 ---- Generation: 6/10
  - Evaluating unique arch (checksum: 71437f35...)
Evaluating /a/mm/out_nneval_tmp_pid_1977/nn/tmp/GenFractalNet-71437f352e43d0b6932a88f31009d5c0-79932c9a1dd8ababcb2f0f323d128a12.py...
epoch 1

  0%|          | 0/782 [00:00<?, ?it/s]
  1%|▏         | 10/782 [00:00<00:08, 94.62it/s]
  3%|▎         | 23/782 [00:00<00:06, 114.28it/s]
  5%|▍         | 38/782 [00:00<00:05, 126.78it/s]
  7%|▋         | 53/782 [00:00<00:05, 133.25it/s]
  9%|▊         | 68/782 [00:00<00:05, 136.59it/s]
 11%|█         | 83/782 [00:00<00:05, 138.18it/s]
 13%|█▎        | 98/782 [00:00<00:04, 140.34it/s]
 14%|█▍        | 113/782 [00:00<00:04, 141.26it/s]
 16%|█▋        | 128/782 [00:00<00:04, 142.18it/s]
 18%|█▊        | 143/782 [00:01<00:04, 142.82it/s]
 20%|██        | 158/782 [00:01<00:04, 143.17it/s]
 22%|██▏       | 173/782 [00:01<00:04, 143.62it/s]
 24%|██▍       | 188/782 [00:01<00:04, 143.47it/s]
 26%|██▌       | 203/782 [00:01<00:04, 141.79it/s]
 28%|██▊       | 218/782 [00:01<00:03, 141.94it/s]
 30%|██▉       | 233/782 [00:01<00:03, 142.61it/s]
 32%|███▏      | 248/782 [00:01<00:03, 142.90it/s]
 34%|███▎      | 263/782 [00:01<00:03, 142.68it/s]
 36%|███▌      | 278/782 [00:01<00:03, 142.74it/s]
 37%|███▋      | 293/782 [00:02<00:03, 143.05it/s]
 39%|███▉      | 308/782 [00:02<00:03, 143.06it/s]
 41%|████▏     | 323/782 [00:02<00:03, 143.56it/s]
 43%|████▎     | 338/782 [00:02<00:03, 143.45it/s]
 45%|████▌     | 353/782 [00:02<00:02, 144.12it/s]
 47%|████▋     | 368/782 [00:02<00:02, 144.63it/s]
 49%|████▉     | 383/782 [00:02<00:02, 144.55it/s]
 51%|█████     | 398/782 [00:02<00:02, 144.69it/s]
 53%|█████▎    | 413/782 [00:02<00:02, 144.45it/s]
 55%|█████▍    | 428/782 [00:03<00:02, 144.48it/s]
 57%|█████▋    | 443/782 [00:03<00:02, 144.73it/s]
 59%|█████▊    | 458/782 [00:03<00:02, 144.57it/s]
 60%|██████    | 473/782 [00:03<00:02, 144.38it/s]
 62%|██████▏   | 488/782 [00:03<00:02, 144.11it/s]
 64%|██████▍   | 503/782 [00:03<00:01, 143.66it/s]
 66%|██████▌   | 518/782 [00:03<00:01, 143.17it/s]
 68%|██████▊   | 533/782 [00:03<00:01, 143.00it/s]
 70%|███████   | 548/782 [00:03<00:01, 143.29it/s]
 72%|███████▏  | 563/782 [00:03<00:01, 143.79it/s]
 74%|███████▍  | 578/782 [00:04<00:01, 144.41it/s]
 76%|███████▌  | 593/782 [00:04<00:01, 144.52it/s]
 78%|███████▊  | 608/782 [00:04<00:01, 144.41it/s]
 80%|███████▉  | 623/782 [00:04<00:01, 144.54it/s]
 82%|████████▏ | 638/782 [00:04<00:00, 144.46it/s]
 84%|████████▎ | 653/782 [00:04<00:00, 143.74it/s]
 85%|████████▌ | 668/782 [00:04<00:00, 143.70it/s]
 87%|████████▋ | 683/782 [00:04<00:00, 142.37it/s]
 89%|████████▉ | 698/782 [00:04<00:00, 129.70it/s]
 91%|█████████ | 712/782 [00:05<00:00, 122.91it/s]
 93%|█████████▎| 725/782 [00:05<00:00, 122.41it/s]
 95%|█████████▍| 740/782 [00:05<00:00, 128.57it/s]
 97%|█████████▋| 755/782 [00:05<00:00, 133.23it/s]
 98%|█████████▊| 770/782 [00:05<00:00, 136.23it/s]
100%|██████████| 782/782 [00:05<00:00, 139.59it/s]
Model instantiation succeeded.
The training environment is set up successfully, using the following device: cuda.
Simulated training data created successfully.
Training step executed successfully.
  Train Loss: 1.5625, Test Loss: 1.5627
  Train Acc: 0.4322, Test Acc: 0.4383
  LR: 0.000000, Grad Norm: 0.7627, Throughput: 2644.8 samples/s
accuracy_to_time_metric 1.7894362784138458
  - Saved stats (fallback) to: /a/mm/ab/gpt/brute/ga/meta_evolution/stats_cifar10/img-classification_cifar-10_acc_GenFractalNet-71437f352e43d0b6932a88f31009d5c0/1.json
  - Model persisted to ga_fractal_arch_cifar10/ (stats verified: 1 JSON file(s))

  ========================================
  >>> FITNESS SCORE: 43.83%  (source: hyperparameters.accuracy, checksum: 71437f352e43d0b6932a88f31009d5c0)
  ========================================

  Evaluating Individual 18/20 ---- Generation: 6/10
  - Evaluating unique arch (checksum: 87923773...)
Evaluating /a/mm/out_nneval_tmp_pid_1977/nn/tmp/GenFractalNet-8792377351be4b740bb83b020bb1ac6d-7f2bf998c3818489da54692e0e9eccbc.py...
epoch 1

  0%|          | 0/782 [00:00<?, ?it/s]
  1%|          | 9/782 [00:00<00:08, 88.51it/s]
  3%|▎         | 24/782 [00:00<00:06, 120.04it/s]
  5%|▍         | 39/782 [00:00<00:05, 130.24it/s]
  7%|▋         | 54/782 [00:00<00:05, 135.84it/s]
  9%|▉         | 69/782 [00:00<00:05, 138.93it/s]
 11%|█         | 84/782 [00:00<00:04, 141.02it/s]
 13%|█▎        | 99/782 [00:00<00:04, 142.08it/s]
 15%|█▍        | 114/782 [00:00<00:04, 143.21it/s]
 16%|█▋        | 129/782 [00:00<00:04, 143.59it/s]
 18%|█▊        | 144/782 [00:01<00:04, 143.83it/s]
 20%|██        | 159/782 [00:01<00:04, 144.84it/s]
 22%|██▏       | 174/782 [00:01<00:04, 144.94it/s]
 24%|██▍       | 189/782 [00:01<00:04, 145.01it/s]
 26%|██▌       | 204/782 [00:01<00:03, 145.11it/s]
 28%|██▊       | 219/782 [00:01<00:03, 145.01it/s]
 30%|██▉       | 234/782 [00:01<00:03, 144.88it/s]
 32%|███▏      | 249/782 [00:01<00:03, 144.73it/s]
 34%|███▍      | 264/782 [00:01<00:03, 144.77it/s]
 36%|███▌      | 279/782 [00:01<00:03, 144.81it/s]
 38%|███▊      | 294/782 [00:02<00:03, 144.66it/s]
 40%|███▉      | 309/782 [00:02<00:03, 144.63it/s]
 41%|████▏     | 324/782 [00:02<00:03, 144.42it/s]
 43%|████▎     | 339/782 [00:02<00:03, 143.97it/s]
 45%|████▌     | 354/782 [00:02<00:02, 144.55it/s]
 47%|████▋     | 369/782 [00:02<00:02, 144.23it/s]
 49%|████▉     | 384/782 [00:02<00:02, 144.44it/s]
 51%|█████     | 399/782 [00:02<00:02, 144.71it/s]
 53%|█████▎    | 414/782 [00:02<00:02, 144.70it/s]
 55%|█████▍    | 429/782 [00:03<00:02, 145.07it/s]
 57%|█████▋    | 444/782 [00:03<00:02, 144.95it/s]
 59%|█████▊    | 459/782 [00:03<00:02, 145.33it/s]
 61%|██████    | 474/782 [00:03<00:02, 145.36it/s]
 63%|██████▎   | 489/782 [00:03<00:02, 144.66it/s]
 64%|██████▍   | 504/782 [00:03<00:01, 144.91it/s]
 66%|██████▋   | 519/782 [00:03<00:01, 144.81it/s]
 68%|██████▊   | 534/782 [00:03<00:01, 145.37it/s]
 70%|███████   | 549/782 [00:03<00:01, 144.93it/s]
 72%|███████▏  | 564/782 [00:03<00:01, 144.73it/s]
 74%|███████▍  | 579/782 [00:04<00:01, 144.82it/s]
 76%|███████▌  | 594/782 [00:04<00:01, 144.69it/s]
 78%|███████▊  | 609/782 [00:04<00:01, 144.14it/s]
 80%|███████▉  | 624/782 [00:04<00:01, 136.18it/s]
 82%|████████▏ | 639/782 [00:04<00:01, 138.38it/s]
 84%|████████▎ | 654/782 [00:04<00:00, 140.20it/s]
 86%|████████▌ | 669/782 [00:04<00:00, 141.88it/s]
 87%|████████▋ | 684/782 [00:04<00:00, 143.07it/s]
 89%|████████▉ | 699/782 [00:04<00:00, 143.81it/s]
 91%|█████████▏| 714/782 [00:04<00:00, 144.75it/s]
 93%|█████████▎| 729/782 [00:05<00:00, 145.19it/s]
 95%|█████████▌| 744/782 [00:05<00:00, 142.52it/s]
 97%|█████████▋| 759/782 [00:05<00:00, 142.83it/s]
 99%|█████████▉| 774/782 [00:05<00:00, 144.18it/s]
100%|██████████| 782/782 [00:05<00:00, 142.31it/s]
Model instantiation succeeded.
The training environment is set up successfully, using the following device: cuda.
Simulated training data created successfully.
Training step executed successfully.
  Train Loss: 2.2173, Test Loss: 2.2160
  Train Acc: 0.1601, Test Acc: 0.1593
  LR: 0.000001, Grad Norm: 0.2445, Throughput: 2641.5 samples/s
accuracy_to_time_metric 0.31328133335287695
  - Saved stats (fallback) to: /a/mm/ab/gpt/brute/ga/meta_evolution/stats_cifar10/img-classification_cifar-10_acc_GenFractalNet-8792377351be4b740bb83b020bb1ac6d/1.json
  - Model persisted to ga_fractal_arch_cifar10/ (stats verified: 1 JSON file(s))

  ========================================
  >>> FITNESS SCORE: 15.93%  (source: hyperparameters.accuracy, checksum: 8792377351be4b740bb83b020bb1ac6d)
  ========================================

  Evaluating Individual 19/20 ---- Generation: 6/10
  - Evaluating unique arch (checksum: 9a0515a3...)
Evaluating /a/mm/out_nneval_tmp_pid_1977/nn/tmp/GenFractalNet-9a0515a3418513e245d4ac8007e7c75e-40534b39fe7cb68c380fe29d36735928.py...
epoch 1

  0%|          | 0/782 [00:00<?, ?it/s]
  1%|          | 7/782 [00:00<00:11, 67.38it/s]
  3%|▎         | 21/782 [00:00<00:06, 109.16it/s]
  5%|▍         | 36/782 [00:00<00:06, 124.08it/s]
  7%|▋         | 51/782 [00:00<00:05, 131.68it/s]
  8%|▊         | 66/782 [00:00<00:05, 136.43it/s]
 10%|█         | 81/782 [00:00<00:05, 139.72it/s]
 12%|█▏        | 96/782 [00:00<00:04, 141.72it/s]
 14%|█▍        | 111/782 [00:00<00:04, 143.07it/s]
 16%|█▌        | 126/782 [00:00<00:04, 143.91it/s]
 18%|█▊        | 141/782 [00:01<00:04, 144.43it/s]
 20%|█▉        | 156/782 [00:01<00:04, 144.66it/s]
 22%|██▏       | 171/782 [00:01<00:04, 144.88it/s]
 24%|██▍       | 186/782 [00:01<00:04, 144.66it/s]
 26%|██▌       | 201/782 [00:01<00:04, 144.43it/s]
 28%|██▊       | 216/782 [00:01<00:03, 144.57it/s]
 30%|██▉       | 231/782 [00:01<00:03, 143.38it/s]
 31%|███▏      | 246/782 [00:01<00:03, 143.43it/s]
 33%|███▎      | 261/782 [00:01<00:03, 143.86it/s]
 35%|███▌      | 276/782 [00:01<00:03, 143.98it/s]
 37%|███▋      | 291/782 [00:02<00:03, 144.11it/s]
 39%|███▉      | 306/782 [00:02<00:03, 144.32it/s]
 41%|████      | 321/782 [00:02<00:03, 144.33it/s]
 43%|████▎     | 336/782 [00:02<00:03, 139.81it/s]
 45%|████▍     | 351/782 [00:02<00:03, 140.76it/s]
 47%|████▋     | 366/782 [00:02<00:02, 141.72it/s]
 49%|████▊     | 381/782 [00:02<00:02, 142.44it/s]
 51%|█████     | 396/782 [00:02<00:02, 142.69it/s]
 53%|█████▎    | 411/782 [00:02<00:02, 142.47it/s]
 54%|█████▍    | 426/782 [00:03<00:02, 142.68it/s]
 56%|█████▋    | 441/782 [00:03<00:02, 143.08it/s]
 58%|█████▊    | 456/782 [00:03<00:02, 143.33it/s]
 60%|██████    | 471/782 [00:03<00:02, 143.17it/s]
 62%|██████▏   | 486/782 [00:03<00:02, 143.00it/s]
 64%|██████▍   | 501/782 [00:03<00:01, 143.42it/s]
 66%|██████▌   | 516/782 [00:03<00:01, 142.84it/s]
 68%|██████▊   | 531/782 [00:03<00:01, 142.99it/s]
 70%|██████▉   | 546/782 [00:03<00:01, 142.90it/s]
 72%|███████▏  | 561/782 [00:03<00:01, 143.39it/s]
 74%|███████▎  | 576/782 [00:04<00:01, 143.32it/s]
 76%|███████▌  | 591/782 [00:04<00:01, 143.47it/s]
 77%|███████▋  | 606/782 [00:04<00:01, 142.83it/s]
 79%|███████▉  | 621/782 [00:04<00:01, 143.50it/s]
 81%|████████▏ | 636/782 [00:04<00:01, 143.16it/s]
 83%|████████▎ | 651/782 [00:04<00:00, 143.17it/s]
 85%|████████▌ | 666/782 [00:04<00:00, 143.11it/s]
 87%|████████▋ | 681/782 [00:04<00:00, 143.19it/s]
 89%|████████▉ | 696/782 [00:04<00:00, 143.18it/s]
 91%|█████████ | 711/782 [00:05<00:00, 143.04it/s]
 93%|█████████▎| 726/782 [00:05<00:00, 142.92it/s]
 95%|█████████▍| 741/782 [00:05<00:00, 142.98it/s]
 97%|█████████▋| 756/782 [00:05<00:00, 143.00it/s]
 99%|█████████▊| 771/782 [00:05<00:00, 142.79it/s]
100%|██████████| 782/782 [00:05<00:00, 140.74it/s]
Model instantiation succeeded.
The training environment is set up successfully, using the following device: cuda.
Simulated training data created successfully.
Training step executed successfully.
  Train Loss: 1.4957, Test Loss: 1.4974
  Train Acc: 0.4402, Test Acc: 0.4408
  LR: 0.000001, Grad Norm: 0.5270, Throughput: 2650.4 samples/s
accuracy_to_time_metric 1.8064750919497212
  - Saved stats (fallback) to: /a/mm/ab/gpt/brute/ga/meta_evolution/stats_cifar10/img-classification_cifar-10_acc_GenFractalNet-9a0515a3418513e245d4ac8007e7c75e/1.json
  - Model persisted to ga_fractal_arch_cifar10/ (stats verified: 1 JSON file(s))

  ========================================
  >>> FITNESS SCORE: 44.08%  (source: hyperparameters.accuracy, checksum: 9a0515a3418513e245d4ac8007e7c75e)
  ========================================

  Evaluating Individual 20/20 ---- Generation: 6/10
  - Evaluating unique arch (checksum: 2cbb85e4...)
Evaluating /a/mm/out_nneval_tmp_pid_1977/nn/tmp/GenFractalNet-2cbb85e411b7625683a1cced2efd819a-0bfaab27a3353f794b047221779d84d9.py...
epoch 1

  0%|          | 0/782 [00:00<?, ?it/s]
  0%|          | 2/782 [00:00<00:45, 17.02it/s]
  1%|          | 7/782 [00:00<00:24, 31.93it/s]
  2%|▏         | 12/782 [00:00<00:20, 37.57it/s]
  2%|▏         | 17/782 [00:00<00:18, 40.89it/s]
  3%|▎         | 22/782 [00:00<00:17, 42.50it/s]
  3%|▎         | 27/782 [00:00<00:17, 43.62it/s]
  4%|▍         | 32/782 [00:00<00:16, 44.44it/s]
  5%|▍         | 37/782 [00:00<00:16, 44.96it/s]
  5%|▌         | 42/782 [00:01<00:16, 45.30it/s]
  6%|▌         | 47/782 [00:01<00:16, 45.79it/s]
  7%|▋         | 52/782 [00:01<00:15, 45.90it/s]
  7%|▋         | 57/782 [00:01<00:15, 46.39it/s]
  8%|▊         | 62/782 [00:01<00:15, 46.95it/s]
  9%|▊         | 67/782 [00:01<00:15, 46.88it/s]
  9%|▉         | 72/782 [00:01<00:15, 46.79it/s]
 10%|▉         | 77/782 [00:01<00:14, 47.20it/s]
 10%|█         | 82/782 [00:01<00:15, 46.59it/s]
 11%|█         | 87/782 [00:01<00:15, 45.79it/s]
 12%|█▏        | 92/782 [00:02<00:15, 45.77it/s]
 12%|█▏        | 97/782 [00:02<00:15, 45.47it/s]
 13%|█▎        | 102/782 [00:02<00:14, 45.57it/s]
 14%|█▎        | 107/782 [00:02<00:14, 45.58it/s]
 14%|█▍        | 112/782 [00:02<00:14, 45.78it/s]
 15%|█▍        | 117/782 [00:02<00:14, 45.99it/s]
 16%|█▌        | 122/782 [00:02<00:14, 46.22it/s]
 16%|█▌        | 127/782 [00:02<00:14, 46.38it/s]
 17%|█▋        | 132/782 [00:02<00:13, 46.80it/s]
 18%|█▊        | 137/782 [00:03<00:13, 46.87it/s]
 18%|█▊        | 142/782 [00:03<00:13, 46.40it/s]
 19%|█▉        | 147/782 [00:03<00:13, 46.70it/s]
 19%|█▉        | 152/782 [00:03<00:13, 46.04it/s]
 20%|██        | 157/782 [00:03<00:13, 46.26it/s]
 21%|██        | 162/782 [00:03<00:13, 46.25it/s]
 21%|██▏       | 167/782 [00:03<00:13, 46.10it/s]
 22%|██▏       | 172/782 [00:03<00:13, 46.12it/s]
 23%|██▎       | 177/782 [00:03<00:13, 46.38it/s]
 23%|██▎       | 182/782 [00:04<00:12, 46.49it/s]
 24%|██▍       | 187/782 [00:04<00:12, 46.51it/s]
 25%|██▍       | 192/782 [00:04<00:12, 46.41it/s]
 25%|██▌       | 197/782 [00:04<00:12, 46.40it/s]
 26%|██▌       | 202/782 [00:04<00:12, 46.33it/s]
 26%|██▋       | 207/782 [00:04<00:12, 45.92it/s]
 27%|██▋       | 212/782 [00:04<00:12, 45.88it/s]
 28%|██▊       | 217/782 [00:04<00:12, 43.99it/s]
 28%|██▊       | 222/782 [00:04<00:12, 44.55it/s]
 29%|██▉       | 227/782 [00:05<00:12, 44.95it/s]
 30%|██▉       | 232/782 [00:05<00:12, 45.34it/s]
 30%|███       | 237/782 [00:05<00:11, 45.85it/s]
 31%|███       | 242/782 [00:05<00:11, 45.80it/s]
 32%|███▏      | 247/782 [00:05<00:11, 45.75it/s]
 32%|███▏      | 252/782 [00:05<00:11, 45.87it/s]
 33%|███▎      | 257/782 [00:05<00:11, 45.44it/s]
 34%|███▎      | 262/782 [00:05<00:11, 45.11it/s]
 34%|███▍      | 267/782 [00:05<00:11, 45.32it/s]
 35%|███▍      | 272/782 [00:05<00:11, 45.85it/s]
 35%|███▌      | 277/782 [00:06<00:10, 46.60it/s]
 36%|███▌      | 282/782 [00:06<00:10, 46.97it/s]
 37%|███▋      | 287/782 [00:06<00:10, 47.00it/s]
 37%|███▋      | 292/782 [00:06<00:10, 47.01it/s]
 38%|███▊      | 297/782 [00:06<00:10, 46.80it/s]
 39%|███▊      | 302/782 [00:06<00:10, 46.59it/s]
 39%|███▉      | 307/782 [00:06<00:10, 46.72it/s]
 40%|███▉      | 312/782 [00:06<00:10, 46.76it/s]
 41%|████      | 317/782 [00:06<00:09, 46.88it/s]
 41%|████      | 322/782 [00:07<00:09, 46.46it/s]
 42%|████▏     | 327/782 [00:07<00:09, 46.60it/s]
 42%|████▏     | 332/782 [00:07<00:09, 46.89it/s]
 43%|████▎     | 337/782 [00:07<00:09, 46.45it/s]
 44%|████▎     | 342/782 [00:07<00:09, 46.40it/s]
 44%|████▍     | 347/782 [00:07<00:09, 46.62it/s]
 45%|████▌     | 352/782 [00:07<00:09, 46.38it/s]
 46%|████▌     | 357/782 [00:07<00:09, 45.83it/s]
 46%|████▋     | 362/782 [00:07<00:09, 45.44it/s]
 47%|████▋     | 367/782 [00:08<00:09, 45.59it/s]
 48%|████▊     | 372/782 [00:08<00:08, 45.64it/s]
 48%|████▊     | 377/782 [00:08<00:08, 45.98it/s]
 49%|████▉     | 382/782 [00:08<00:08, 46.30it/s]
 49%|████▉     | 387/782 [00:08<00:08, 45.80it/s]
 50%|█████     | 392/782 [00:08<00:08, 46.56it/s]
 51%|█████     | 397/782 [00:08<00:08, 46.53it/s]
 51%|█████▏    | 402/782 [00:08<00:08, 46.16it/s]
 52%|█████▏    | 407/782 [00:08<00:08, 46.12it/s]
 53%|█████▎    | 412/782 [00:09<00:08, 45.82it/s]
 53%|█████▎    | 417/782 [00:09<00:07, 45.91it/s]
 54%|█████▍    | 422/782 [00:09<00:07, 45.04it/s]
 55%|█████▍    | 427/782 [00:09<00:07, 45.60it/s]
 55%|█████▌    | 432/782 [00:09<00:07, 45.94it/s]
 56%|█████▌    | 437/782 [00:09<00:07, 46.01it/s]
 57%|█████▋    | 442/782 [00:09<00:07, 46.32it/s]
 57%|█████▋    | 447/782 [00:09<00:07, 46.02it/s]
 58%|█████▊    | 452/782 [00:09<00:07, 45.73it/s]
 58%|█████▊    | 457/782 [00:09<00:07, 46.22it/s]
 59%|█████▉    | 462/782 [00:10<00:06, 46.40it/s]
 60%|█████▉    | 467/782 [00:10<00:06, 46.98it/s]
 60%|██████    | 472/782 [00:10<00:06, 47.10it/s]
 61%|██████    | 477/782 [00:10<00:06, 46.43it/s]
 62%|██████▏   | 482/782 [00:10<00:06, 46.82it/s]
 62%|██████▏   | 487/782 [00:10<00:06, 46.71it/s]
 63%|██████▎   | 492/782 [00:10<00:06, 46.81it/s]
 64%|██████▎   | 497/782 [00:10<00:06, 47.17it/s]
 64%|██████▍   | 502/782 [00:10<00:05, 46.95it/s]
 65%|██████▍   | 507/782 [00:11<00:05, 46.71it/s]
 65%|██████▌   | 512/782 [00:11<00:05, 46.54it/s]
 66%|██████▌   | 517/782 [00:11<00:05, 46.53it/s]
 67%|██████▋   | 522/782 [00:11<00:05, 46.66it/s]
 67%|██████▋   | 527/782 [00:11<00:05, 46.03it/s]
 68%|██████▊   | 532/782 [00:11<00:05, 46.03it/s]
 69%|██████▊   | 537/782 [00:11<00:05, 46.29it/s]
 69%|██████▉   | 542/782 [00:11<00:05, 46.29it/s]
 70%|██████▉   | 547/782 [00:11<00:05, 46.72it/s]
 71%|███████   | 552/782 [00:12<00:04, 46.62it/s]
 71%|███████   | 557/782 [00:12<00:04, 46.16it/s]
 72%|███████▏  | 562/782 [00:12<00:04, 46.72it/s]
 73%|███████▎  | 567/782 [00:12<00:04, 46.70it/s]
 73%|███████▎  | 572/782 [00:12<00:04, 46.05it/s]
 74%|███████▍  | 577/782 [00:12<00:04, 46.05it/s]
 74%|███████▍  | 582/782 [00:12<00:04, 46.26it/s]
 75%|███████▌  | 587/782 [00:12<00:04, 46.60it/s]
 76%|███████▌  | 592/782 [00:12<00:04, 46.44it/s]
 76%|███████▋  | 597/782 [00:13<00:03, 46.48it/s]
 77%|███████▋  | 602/782 [00:13<00:03, 46.26it/s]
 78%|███████▊  | 607/782 [00:13<00:03, 46.84it/s]
 78%|███████▊  | 612/782 [00:13<00:03, 46.67it/s]
 79%|███████▉  | 617/782 [00:13<00:03, 46.94it/s]
 80%|███████▉  | 622/782 [00:13<00:03, 46.76it/s]
 80%|████████  | 627/782 [00:13<00:03, 47.35it/s]
 81%|████████  | 632/782 [00:13<00:03, 46.90it/s]
 81%|████████▏ | 637/782 [00:13<00:03, 46.39it/s]
 82%|████████▏ | 642/782 [00:13<00:03, 46.31it/s]
 83%|████████▎ | 647/782 [00:14<00:02, 46.46it/s]
 83%|████████▎ | 652/782 [00:14<00:02, 46.39it/s]
 84%|████████▍ | 657/782 [00:14<00:02, 46.33it/s]
 85%|████████▍ | 662/782 [00:14<00:02, 45.96it/s]
 85%|████████▌ | 667/782 [00:14<00:02, 45.96it/s]
 86%|████████▌ | 672/782 [00:14<00:02, 46.33it/s]
 87%|████████▋ | 677/782 [00:14<00:02, 45.15it/s]
 87%|████████▋ | 682/782 [00:14<00:02, 44.78it/s]
 88%|████████▊ | 687/782 [00:14<00:02, 44.67it/s]
 88%|████████▊ | 692/782 [00:15<00:01, 45.34it/s]
 89%|████████▉ | 697/782 [00:15<00:01, 45.77it/s]
 90%|████████▉ | 702/782 [00:15<00:01, 45.91it/s]
 90%|█████████ | 707/782 [00:15<00:01, 46.50it/s]
 91%|█████████ | 712/782 [00:15<00:01, 46.74it/s]
 92%|█████████▏| 717/782 [00:15<00:01, 45.81it/s]
 92%|█████████▏| 722/782 [00:15<00:01, 45.66it/s]
 93%|█████████▎| 727/782 [00:15<00:01, 45.80it/s]
 94%|█████████▎| 732/782 [00:15<00:01, 46.25it/s]
 94%|█████████▍| 737/782 [00:16<00:00, 46.14it/s]
 95%|█████████▍| 742/782 [00:16<00:00, 46.66it/s]
 96%|█████████▌| 747/782 [00:16<00:00, 46.35it/s]
 96%|█████████▌| 752/782 [00:16<00:00, 46.04it/s]
 97%|█████████▋| 757/782 [00:16<00:00, 46.37it/s]
 97%|█████████▋| 762/782 [00:16<00:00, 46.07it/s]
 98%|█████████▊| 767/782 [00:16<00:00, 46.04it/s]
 99%|█████████▊| 772/782 [00:16<00:00, 46.48it/s]
 99%|█████████▉| 777/782 [00:16<00:00, 46.81it/s]
100%|██████████| 782/782 [00:17<00:00, 44.61it/s]
100%|██████████| 782/782 [00:17<00:00, 45.87it/s]
Traceback (most recent call last):
  File "/a/mm/ab/gpt/brute/ga/meta_evolution/run_fractal_evolution.py", line 253, in fitness_function
    result = evaluator.evaluate(filepath)
             ^^^^^^^^^^^^^^^^^^^^^^^^^^^^
  File "/a/mm/ab/gpt/util/Eval.py", line 107, in evaluate
    return api.check_nn(
           ^^^^^^^^^^^^^
  File "/a/mm/ab/nn/api.py", line 105, in check_nn
    return Train.train_new(nn_code, task, dataset, metric, prm, save_to_db=save_to_db, prefix=prefix, save_path=save_path, export_onnx=export_onnx,
           ^^^^^^^^^^^^^^^^^^^^^^^^^^^^^^^^^^^^^^^^^^^^^^^^^^^^^^^^^^^^^^^^^^^^^^^^^^^^^^^^^^^^^^^^^^^^^^^^^^^^^^^^^^^^^^^^^^^^^^^^^^^^^^^^^^^^^^^^
  File "/a/mm/ab/nn/util/Train.py", line 553, in train_new
    accuracy, accuracy_to_time, duration = trainer.train_n_eval(epoch, epoch_limit_minutes, False, export_onnx, train_set, save_path=save_path)
                                           ^^^^^^^^^^^^^^^^^^^^^^^^^^^^^^^^^^^^^^^^^^^^^^^^^^^^^^^^^^^^^^^^^^^^^^^^^^^^^^^^^^^^^^^^^^^^^^^^^^^^
  File "/a/mm/ab/nn/util/Train.py", line 367, in train_n_eval
    raise AccuracyException(accuracy, duration,
ab.nn.util.Exception.AccuracyException: (0.0999, 30517576676, "Accuracy is too low: 0.0999. The minimum accepted accuracy for the 'cifar-10' dataset is 0.1.")
Model instantiation succeeded.
The training environment is set up successfully, using the following device: cuda.
Simulated training data created successfully.
Training step executed successfully.
  Train Loss: 2.3943, Test Loss: 2.3947
  Train Acc: 0.1002, Test Acc: 0.0999
  LR: 0.000000, Grad Norm: 2.2816, Throughput: 1638.5 samples/s
accuracy_to_time_metric 0.0
Error during training: (0.0999, 30517576676, "Accuracy is too low: 0.0999. The minimum accepted accuracy for the 'cifar-10' dataset is 0.1.")
Eval Fail: (0.0999, 30517576676, "Accuracy is too low: 0.0999. The minimum accepted accuracy for the 'cifar-10' dataset is 0.1.")
  - Cleaned up temp file: /a/mm/ab/gpt/brute/ga/meta_evolution/ga_fractal_arch_cifar10/_tmp_GenFractalNet-2cbb85e411b7625683a1cced2efd819a.py


 >>> GENERATION 7 <<<

  Evaluating Individual 6/20 ---- Generation: 7/10
  - Evaluating unique arch (checksum: 5d943188...)
Evaluating /a/mm/out_nneval_tmp_pid_1977/nn/tmp/GenFractalNet-5d943188744ba9ea2bac1cdd731d0780-4da5fb1febf10b9531b3a730a89e80e0.py...
epoch 1

  0%|          | 0/782 [00:00<?, ?it/s]
  1%|          | 9/782 [00:00<00:09, 85.49it/s]
  3%|▎         | 24/782 [00:00<00:06, 118.47it/s]
  5%|▍         | 39/782 [00:00<00:05, 129.37it/s]
  7%|▋         | 54/782 [00:00<00:05, 134.60it/s]
  9%|▉         | 69/782 [00:00<00:05, 136.85it/s]
 11%|█         | 84/782 [00:00<00:05, 138.64it/s]
 13%|█▎        | 99/782 [00:00<00:04, 140.14it/s]
 15%|█▍        | 114/782 [00:00<00:04, 141.15it/s]
 16%|█▋        | 129/782 [00:00<00:04, 141.94it/s]
 18%|█▊        | 144/782 [00:01<00:04, 143.01it/s]
 20%|██        | 159/782 [00:01<00:04, 143.20it/s]
 22%|██▏       | 174/782 [00:01<00:04, 143.69it/s]
 24%|██▍       | 189/782 [00:01<00:04, 143.75it/s]
 26%|██▌       | 204/782 [00:01<00:04, 143.87it/s]
 28%|██▊       | 219/782 [00:01<00:03, 143.44it/s]
 30%|██▉       | 234/782 [00:01<00:03, 143.43it/s]
 32%|███▏      | 249/782 [00:01<00:03, 141.26it/s]
 34%|███▍      | 264/782 [00:01<00:03, 141.91it/s]
 36%|███▌      | 279/782 [00:01<00:03, 141.93it/s]
 38%|███▊      | 294/782 [00:02<00:03, 142.10it/s]
 40%|███▉      | 309/782 [00:02<00:03, 141.23it/s]
 41%|████▏     | 324/782 [00:02<00:03, 141.87it/s]
 43%|████▎     | 339/782 [00:02<00:03, 141.57it/s]
 45%|████▌     | 354/782 [00:02<00:03, 141.64it/s]
 47%|████▋     | 369/782 [00:02<00:02, 141.80it/s]
 49%|████▉     | 384/782 [00:02<00:02, 142.15it/s]
 51%|█████     | 399/782 [00:02<00:02, 142.34it/s]
 53%|█████▎    | 414/782 [00:02<00:02, 141.86it/s]
 55%|█████▍    | 429/782 [00:03<00:02, 141.73it/s]
 57%|█████▋    | 444/782 [00:03<00:02, 141.82it/s]
 59%|█████▊    | 459/782 [00:03<00:02, 141.77it/s]
 61%|██████    | 474/782 [00:03<00:02, 141.61it/s]
 63%|██████▎   | 489/782 [00:03<00:02, 140.81it/s]
 64%|██████▍   | 504/782 [00:03<00:01, 140.38it/s]
 66%|██████▋   | 519/782 [00:03<00:01, 140.11it/s]
 68%|██████▊   | 534/782 [00:03<00:01, 140.58it/s]
 70%|███████   | 549/782 [00:03<00:01, 141.02it/s]
 72%|███████▏  | 564/782 [00:04<00:01, 141.54it/s]
 74%|███████▍  | 579/782 [00:04<00:01, 141.84it/s]
 76%|███████▌  | 594/782 [00:04<00:01, 142.00it/s]
 78%|███████▊  | 609/782 [00:04<00:01, 141.51it/s]
 80%|███████▉  | 624/782 [00:04<00:01, 141.57it/s]
 82%|████████▏ | 639/782 [00:04<00:01, 141.27it/s]
 84%|████████▎ | 654/782 [00:04<00:00, 141.61it/s]
 86%|████████▌ | 669/782 [00:04<00:00, 139.36it/s]
 87%|████████▋ | 683/782 [00:04<00:00, 132.92it/s]
 89%|████████▉ | 697/782 [00:04<00:00, 134.11it/s]
 91%|█████████ | 712/782 [00:05<00:00, 136.50it/s]
 93%|█████████▎| 727/782 [00:05<00:00, 137.97it/s]
 95%|█████████▍| 742/782 [00:05<00:00, 139.19it/s]
 97%|█████████▋| 757/782 [00:05<00:00, 140.51it/s]
 99%|█████████▊| 772/782 [00:05<00:00, 140.37it/s]
100%|██████████| 782/782 [00:05<00:00, 139.38it/s]
Model instantiation succeeded.
The training environment is set up successfully, using the following device: cuda.
Simulated training data created successfully.
Training step executed successfully.
  Train Loss: 1.2225, Test Loss: 1.2430
  Train Acc: 0.5709, Test Acc: 0.5660
  LR: 0.000001, Grad Norm: 3.0494, Throughput: 2641.5 samples/s
accuracy_to_time_metric 2.461823734389287
  - Saved stats (fallback) to: /a/mm/ab/gpt/brute/ga/meta_evolution/stats_cifar10/img-classification_cifar-10_acc_GenFractalNet-5d943188744ba9ea2bac1cdd731d0780/1.json
  - Model persisted to ga_fractal_arch_cifar10/ (stats verified: 1 JSON file(s))

  ========================================
  >>> FITNESS SCORE: 56.60%  (source: hyperparameters.accuracy, checksum: 5d943188744ba9ea2bac1cdd731d0780)
  ========================================

  Evaluating Individual 7/20 ---- Generation: 7/10
  - Evaluating unique arch (checksum: d3d0719e...)
Evaluating /a/mm/out_nneval_tmp_pid_1977/nn/tmp/GenFractalNet-d3d0719e277832870acb902e35e05c3f-b049279d31c3fe8d2505f339d9c24174.py...
epoch 1

  0%|          | 0/782 [00:00<?, ?it/s]
  0%|          | 2/782 [00:00<00:45, 17.17it/s]
  1%|          | 6/782 [00:00<00:29, 26.54it/s]
  1%|▏         | 10/782 [00:00<00:26, 29.27it/s]
  2%|▏         | 14/782 [00:00<00:24, 31.02it/s]
  2%|▏         | 18/782 [00:00<00:23, 32.78it/s]
  3%|▎         | 22/782 [00:00<00:23, 32.94it/s]
  3%|▎         | 26/782 [00:00<00:22, 33.62it/s]
  4%|▍         | 30/782 [00:00<00:21, 34.21it/s]
  4%|▍         | 34/782 [00:01<00:21, 34.47it/s]
  5%|▍         | 38/782 [00:01<00:21, 34.03it/s]
  5%|▌         | 42/782 [00:01<00:21, 34.51it/s]
  6%|▌         | 46/782 [00:01<00:21, 34.94it/s]
  6%|▋         | 50/782 [00:01<00:21, 34.58it/s]
  7%|▋         | 54/782 [00:01<00:21, 34.44it/s]
  7%|▋         | 58/782 [00:01<00:20, 34.74it/s]
  8%|▊         | 62/782 [00:01<00:20, 35.07it/s]
  8%|▊         | 66/782 [00:01<00:20, 34.96it/s]
  9%|▉         | 70/782 [00:02<00:20, 35.31it/s]
  9%|▉         | 74/782 [00:02<00:20, 34.75it/s]
 10%|▉         | 78/782 [00:02<00:20, 34.80it/s]
 10%|█         | 82/782 [00:02<00:20, 34.38it/s]
 11%|█         | 86/782 [00:02<00:20, 34.70it/s]
 12%|█▏        | 90/782 [00:02<00:19, 34.70it/s]
 12%|█▏        | 94/782 [00:02<00:19, 34.88it/s]
 13%|█▎        | 98/782 [00:02<00:19, 34.86it/s]
 13%|█▎        | 102/782 [00:03<00:19, 34.84it/s]
 14%|█▎        | 106/782 [00:03<00:19, 35.02it/s]
 14%|█▍        | 110/782 [00:03<00:19, 35.00it/s]
 15%|█▍        | 114/782 [00:03<00:19, 34.75it/s]
 15%|█▌        | 118/782 [00:03<00:18, 35.25it/s]
 16%|█▌        | 122/782 [00:03<00:18, 34.83it/s]
 16%|█▌        | 126/782 [00:03<00:18, 34.98it/s]
 17%|█▋        | 130/782 [00:03<00:19, 34.19it/s]
 17%|█▋        | 134/782 [00:03<00:18, 34.24it/s]
 18%|█▊        | 138/782 [00:04<00:18, 34.75it/s]
 18%|█▊        | 142/782 [00:04<00:18, 34.48it/s]
 19%|█▊        | 146/782 [00:04<00:18, 34.41it/s]
 19%|█▉        | 150/782 [00:04<00:18, 33.95it/s]
 20%|█▉        | 154/782 [00:04<00:18, 34.70it/s]
 20%|██        | 158/782 [00:04<00:18, 34.49it/s]
 21%|██        | 162/782 [00:04<00:18, 34.44it/s]
 21%|██        | 166/782 [00:04<00:17, 34.86it/s]
 22%|██▏       | 170/782 [00:04<00:17, 34.56it/s]
 22%|██▏       | 174/782 [00:05<00:17, 34.57it/s]
 23%|██▎       | 178/782 [00:05<00:17, 34.74it/s]
 23%|██▎       | 182/782 [00:05<00:17, 34.50it/s]
 24%|██▍       | 186/782 [00:05<00:17, 34.47it/s]
 24%|██▍       | 190/782 [00:05<00:17, 34.59it/s]
 25%|██▍       | 194/782 [00:05<00:17, 34.28it/s]
 25%|██▌       | 198/782 [00:05<00:16, 34.44it/s]
 26%|██▌       | 202/782 [00:05<00:16, 34.15it/s]
 26%|██▋       | 206/782 [00:06<00:16, 33.97it/s]
 27%|██▋       | 210/782 [00:06<00:16, 34.79it/s]
 27%|██▋       | 214/782 [00:06<00:16, 34.87it/s]
 28%|██▊       | 218/782 [00:06<00:16, 34.75it/s]
 28%|██▊       | 222/782 [00:06<00:15, 35.06it/s]
 29%|██▉       | 226/782 [00:06<00:16, 34.72it/s]
 29%|██▉       | 230/782 [00:06<00:15, 34.98it/s]
 30%|██▉       | 234/782 [00:06<00:15, 34.32it/s]
 30%|███       | 238/782 [00:06<00:15, 34.50it/s]
 31%|███       | 242/782 [00:07<00:15, 34.19it/s]
 31%|███▏      | 246/782 [00:07<00:15, 34.57it/s]
 32%|███▏      | 250/782 [00:07<00:15, 34.14it/s]
 32%|███▏      | 254/782 [00:07<00:15, 34.30it/s]
 33%|███▎      | 258/782 [00:07<00:15, 33.87it/s]
 34%|███▎      | 262/782 [00:07<00:15, 34.23it/s]
 34%|███▍      | 266/782 [00:07<00:15, 34.00it/s]
 35%|███▍      | 270/782 [00:07<00:15, 33.90it/s]
 35%|███▌      | 274/782 [00:07<00:14, 34.27it/s]
 36%|███▌      | 278/782 [00:08<00:14, 34.25it/s]
 36%|███▌      | 282/782 [00:08<00:14, 34.83it/s]
 37%|███▋      | 286/782 [00:08<00:13, 35.45it/s]
 37%|███▋      | 290/782 [00:08<00:13, 35.39it/s]
 38%|███▊      | 294/782 [00:08<00:13, 35.13it/s]
 38%|███▊      | 298/782 [00:08<00:13, 35.13it/s]
 39%|███▊      | 302/782 [00:08<00:13, 35.09it/s]
 39%|███▉      | 306/782 [00:08<00:13, 35.11it/s]
 40%|███▉      | 310/782 [00:09<00:13, 35.10it/s]
 40%|████      | 314/782 [00:09<00:13, 35.23it/s]
 41%|████      | 318/782 [00:09<00:13, 35.50it/s]
 41%|████      | 322/782 [00:09<00:13, 35.18it/s]
 42%|████▏     | 326/782 [00:09<00:12, 35.63it/s]
 42%|████▏     | 330/782 [00:09<00:12, 35.16it/s]
 43%|████▎     | 334/782 [00:09<00:12, 35.17it/s]
 43%|████▎     | 338/782 [00:09<00:12, 34.72it/s]
 44%|████▎     | 342/782 [00:09<00:12, 34.04it/s]
 44%|████▍     | 346/782 [00:10<00:13, 33.13it/s]
 45%|████▍     | 350/782 [00:10<00:12, 33.83it/s]
 45%|████▌     | 354/782 [00:10<00:12, 33.79it/s]
 46%|████▌     | 358/782 [00:10<00:12, 33.96it/s]
 46%|████▋     | 362/782 [00:10<00:12, 34.75it/s]
 47%|████▋     | 366/782 [00:10<00:11, 35.41it/s]
 47%|████▋     | 370/782 [00:10<00:11, 35.67it/s]
 48%|████▊     | 374/782 [00:10<00:11, 36.04it/s]
 48%|████▊     | 378/782 [00:10<00:11, 35.90it/s]
 49%|████▉     | 382/782 [00:11<00:11, 35.92it/s]
 49%|████▉     | 386/782 [00:11<00:11, 35.45it/s]
 50%|████▉     | 390/782 [00:11<00:11, 35.16it/s]
 50%|█████     | 394/782 [00:11<00:11, 34.71it/s]
 51%|█████     | 398/782 [00:11<00:11, 34.52it/s]
 51%|█████▏    | 402/782 [00:11<00:10, 34.56it/s]
 52%|█████▏    | 406/782 [00:11<00:10, 35.31it/s]
 52%|█████▏    | 410/782 [00:11<00:10, 35.41it/s]
 53%|█████▎    | 414/782 [00:11<00:10, 35.36it/s]
 53%|█████▎    | 418/782 [00:12<00:10, 35.60it/s]
 54%|█████▍    | 422/782 [00:12<00:10, 35.40it/s]
 54%|█████▍    | 426/782 [00:12<00:09, 35.74it/s]
 55%|█████▍    | 430/782 [00:12<00:09, 35.71it/s]
 55%|█████▌    | 434/782 [00:12<00:09, 36.09it/s]
 56%|█████▌    | 438/782 [00:12<00:09, 35.67it/s]
 57%|█████▋    | 442/782 [00:12<00:09, 35.69it/s]
 57%|█████▋    | 446/782 [00:12<00:09, 36.07it/s]
 58%|█████▊    | 450/782 [00:12<00:09, 35.37it/s]
 58%|█████▊    | 454/782 [00:13<00:09, 35.81it/s]
 59%|█████▊    | 458/782 [00:13<00:09, 35.95it/s]
 59%|█████▉    | 462/782 [00:13<00:09, 35.51it/s]
 60%|█████▉    | 466/782 [00:13<00:08, 35.63it/s]
 60%|██████    | 470/782 [00:13<00:08, 35.13it/s]
 61%|██████    | 474/782 [00:13<00:08, 35.24it/s]
 61%|██████    | 478/782 [00:13<00:08, 35.53it/s]
 62%|██████▏   | 482/782 [00:13<00:08, 34.86it/s]
 62%|██████▏   | 486/782 [00:14<00:08, 34.85it/s]
 63%|██████▎   | 490/782 [00:14<00:08, 35.02it/s]
 63%|██████▎   | 494/782 [00:14<00:08, 35.58it/s]
 64%|██████▎   | 498/782 [00:14<00:08, 35.20it/s]
 64%|██████▍   | 502/782 [00:14<00:07, 35.41it/s]
 65%|██████▍   | 506/782 [00:14<00:07, 34.84it/s]
 65%|██████▌   | 510/782 [00:14<00:07, 34.90it/s]
 66%|██████▌   | 514/782 [00:14<00:07, 35.44it/s]
 66%|██████▌   | 518/782 [00:14<00:07, 35.26it/s]
 67%|██████▋   | 522/782 [00:15<00:07, 35.40it/s]
 67%|██████▋   | 526/782 [00:15<00:07, 35.42it/s]
 68%|██████▊   | 530/782 [00:15<00:07, 34.74it/s]
 68%|██████▊   | 534/782 [00:15<00:07, 34.56it/s]
 69%|██████▉   | 538/782 [00:15<00:06, 35.31it/s]
 69%|██████▉   | 542/782 [00:15<00:06, 35.50it/s]
 70%|██████▉   | 546/782 [00:15<00:06, 35.44it/s]
 70%|███████   | 550/782 [00:15<00:06, 35.49it/s]
 71%|███████   | 554/782 [00:15<00:06, 35.43it/s]
 71%|███████▏  | 558/782 [00:16<00:06, 35.56it/s]
 72%|███████▏  | 562/782 [00:16<00:06, 34.90it/s]
 72%|███████▏  | 566/782 [00:16<00:06, 35.11it/s]
 73%|███████▎  | 570/782 [00:16<00:05, 35.48it/s]
 73%|███████▎  | 574/782 [00:16<00:05, 35.66it/s]
 74%|███████▍  | 578/782 [00:16<00:05, 35.90it/s]
 74%|███████▍  | 582/782 [00:16<00:05, 35.40it/s]
 75%|███████▍  | 586/782 [00:16<00:05, 35.78it/s]
 75%|███████▌  | 590/782 [00:16<00:05, 35.74it/s]
 76%|███████▌  | 594/782 [00:17<00:05, 35.70it/s]
 76%|███████▋  | 598/782 [00:17<00:05, 35.57it/s]
 77%|███████▋  | 602/782 [00:17<00:05, 35.05it/s]
 77%|███████▋  | 606/782 [00:17<00:04, 35.31it/s]
 78%|███████▊  | 610/782 [00:17<00:04, 35.24it/s]
 79%|███████▊  | 614/782 [00:17<00:04, 35.88it/s]
 79%|███████▉  | 618/782 [00:17<00:04, 35.45it/s]
 80%|███████▉  | 622/782 [00:17<00:04, 35.30it/s]
 80%|████████  | 626/782 [00:17<00:04, 35.53it/s]
 81%|████████  | 630/782 [00:18<00:04, 35.07it/s]
 81%|████████  | 634/782 [00:18<00:04, 35.14it/s]
 82%|████████▏ | 638/782 [00:18<00:04, 34.94it/s]
 82%|████████▏ | 642/782 [00:18<00:04, 34.92it/s]
 83%|████████▎ | 646/782 [00:18<00:03, 34.75it/s]
 83%|████████▎ | 650/782 [00:18<00:03, 34.81it/s]
 84%|████████▎ | 654/782 [00:18<00:03, 34.78it/s]
 84%|████████▍ | 658/782 [00:18<00:03, 34.96it/s]
 85%|████████▍ | 662/782 [00:19<00:03, 34.59it/s]
 85%|████████▌ | 666/782 [00:19<00:03, 35.09it/s]
 86%|████████▌ | 670/782 [00:19<00:03, 34.70it/s]
 86%|████████▌ | 674/782 [00:19<00:03, 34.41it/s]
 87%|████████▋ | 678/782 [00:19<00:02, 34.78it/s]
 87%|████████▋ | 682/782 [00:19<00:02, 35.14it/s]
 88%|████████▊ | 686/782 [00:19<00:02, 35.11it/s]
 88%|████████▊ | 690/782 [00:19<00:02, 35.29it/s]
 89%|████████▊ | 694/782 [00:19<00:02, 35.20it/s]
 89%|████████▉ | 698/782 [00:20<00:02, 35.51it/s]
 90%|████████▉ | 702/782 [00:20<00:02, 35.30it/s]
 90%|█████████ | 706/782 [00:20<00:02, 35.21it/s]
 91%|█████████ | 710/782 [00:20<00:02, 35.11it/s]
 91%|█████████▏| 714/782 [00:20<00:01, 35.33it/s]
 92%|█████████▏| 718/782 [00:20<00:01, 35.16it/s]
 92%|█████████▏| 722/782 [00:20<00:01, 35.26it/s]
 93%|█████████▎| 726/782 [00:20<00:01, 34.39it/s]
 93%|█████████▎| 730/782 [00:20<00:01, 34.02it/s]
 94%|█████████▍| 734/782 [00:21<00:01, 34.25it/s]
 94%|█████████▍| 738/782 [00:21<00:01, 34.09it/s]
 95%|█████████▍| 742/782 [00:21<00:01, 34.01it/s]
 95%|█████████▌| 746/782 [00:21<00:01, 33.86it/s]
 96%|█████████▌| 750/782 [00:21<00:00, 34.80it/s]
 96%|█████████▋| 754/782 [00:21<00:00, 35.14it/s]
 97%|█████████▋| 758/782 [00:21<00:00, 35.36it/s]
 97%|█████████▋| 762/782 [00:21<00:00, 35.12it/s]
 98%|█████████▊| 766/782 [00:21<00:00, 35.46it/s]
 98%|█████████▊| 770/782 [00:22<00:00, 35.56it/s]
 99%|█████████▉| 774/782 [00:22<00:00, 35.50it/s]
 99%|█████████▉| 778/782 [00:22<00:00, 35.60it/s]
100%|██████████| 782/782 [00:22<00:00, 34.66it/s]
100%|██████████| 782/782 [00:22<00:00, 34.79it/s]
Traceback (most recent call last):
  File "/a/mm/ab/gpt/brute/ga/meta_evolution/run_fractal_evolution.py", line 253, in fitness_function
    result = evaluator.evaluate(filepath)
             ^^^^^^^^^^^^^^^^^^^^^^^^^^^^
  File "/a/mm/ab/gpt/util/Eval.py", line 107, in evaluate
    return api.check_nn(
           ^^^^^^^^^^^^^
  File "/a/mm/ab/nn/api.py", line 105, in check_nn
    return Train.train_new(nn_code, task, dataset, metric, prm, save_to_db=save_to_db, prefix=prefix, save_path=save_path, export_onnx=export_onnx,
           ^^^^^^^^^^^^^^^^^^^^^^^^^^^^^^^^^^^^^^^^^^^^^^^^^^^^^^^^^^^^^^^^^^^^^^^^^^^^^^^^^^^^^^^^^^^^^^^^^^^^^^^^^^^^^^^^^^^^^^^^^^^^^^^^^^^^^^^^
  File "/a/mm/ab/nn/util/Train.py", line 553, in train_new
    accuracy, accuracy_to_time, duration = trainer.train_n_eval(epoch, epoch_limit_minutes, False, export_onnx, train_set, save_path=save_path)
                                           ^^^^^^^^^^^^^^^^^^^^^^^^^^^^^^^^^^^^^^^^^^^^^^^^^^^^^^^^^^^^^^^^^^^^^^^^^^^^^^^^^^^^^^^^^^^^^^^^^^^^
  File "/a/mm/ab/nn/util/Train.py", line 367, in train_n_eval
    raise AccuracyException(accuracy, duration,
ab.nn.util.Exception.AccuracyException: (0.1, 45115867444, "Accuracy is too low: 0.1. The minimum accepted accuracy for the 'cifar-10' dataset is 0.1.")
Model instantiation succeeded.
The training environment is set up successfully, using the following device: cuda.
Simulated training data created successfully.
Training step executed successfully.
  Train Loss: 2.3032, Test Loss: 2.3032
  Train Acc: 0.1000, Test Acc: 0.1000
  LR: 0.000001, Grad Norm: 0.2509, Throughput: 1108.3 samples/s
accuracy_to_time_metric 0.0
Error during training: (0.1, 45115867444, "Accuracy is too low: 0.1. The minimum accepted accuracy for the 'cifar-10' dataset is 0.1.")
Eval Fail: (0.1, 45115867444, "Accuracy is too low: 0.1. The minimum accepted accuracy for the 'cifar-10' dataset is 0.1.")
  - Cleaned up temp file: /a/mm/ab/gpt/brute/ga/meta_evolution/ga_fractal_arch_cifar10/_tmp_GenFractalNet-d3d0719e277832870acb902e35e05c3f.py
  Evaluating Individual 8/20 ---- Generation: 7/10
  - Evaluating unique arch (checksum: 94db874d...)
Evaluating /a/mm/out_nneval_tmp_pid_1977/nn/tmp/GenFractalNet-94db874d868d1ec03df0256333dfc15e-29923cba44d7d43d5b8296871d9409f4.py...
epoch 1

  0%|          | 0/782 [00:00<?, ?it/s]
  0%|          | 3/782 [00:00<00:32, 23.69it/s]
  1%|          | 7/782 [00:00<00:26, 28.97it/s]
  1%|▏         | 11/782 [00:00<00:24, 31.59it/s]
  2%|▏         | 15/782 [00:00<00:23, 33.02it/s]
  2%|▏         | 19/782 [00:00<00:23, 32.95it/s]
  3%|▎         | 23/782 [00:00<00:22, 33.52it/s]
  3%|▎         | 27/782 [00:00<00:22, 34.01it/s]
  4%|▍         | 31/782 [00:00<00:21, 34.32it/s]
  4%|▍         | 35/782 [00:01<00:21, 35.11it/s]
  5%|▍         | 39/782 [00:01<00:21, 35.24it/s]
  5%|▌         | 43/782 [00:01<00:21, 34.27it/s]
  6%|▌         | 47/782 [00:01<00:20, 35.04it/s]
  7%|▋         | 51/782 [00:01<00:20, 35.68it/s]
  7%|▋         | 55/782 [00:01<00:20, 35.27it/s]
  8%|▊         | 59/782 [00:01<00:21, 34.26it/s]
  8%|▊         | 63/782 [00:01<00:21, 33.95it/s]
  9%|▊         | 67/782 [00:01<00:20, 34.07it/s]
  9%|▉         | 71/782 [00:02<00:20, 33.98it/s]
 10%|▉         | 75/782 [00:02<00:20, 35.31it/s]
 10%|█         | 79/782 [00:02<00:19, 36.04it/s]
 11%|█         | 83/782 [00:02<00:19, 35.90it/s]
 11%|█         | 87/782 [00:02<00:19, 35.18it/s]
 12%|█▏        | 91/782 [00:02<00:19, 34.98it/s]
 12%|█▏        | 95/782 [00:02<00:19, 35.28it/s]
 13%|█▎        | 99/782 [00:02<00:19, 35.05it/s]
 13%|█▎        | 103/782 [00:02<00:18, 35.94it/s]
 14%|█▎        | 107/782 [00:03<00:18, 35.57it/s]
 14%|█▍        | 111/782 [00:03<00:18, 35.62it/s]
 15%|█▍        | 115/782 [00:03<00:18, 35.56it/s]
 15%|█▌        | 119/782 [00:03<00:18, 36.29it/s]
 16%|█▌        | 123/782 [00:03<00:18, 35.54it/s]
 16%|█▌        | 127/782 [00:03<00:18, 35.21it/s]
 17%|█▋        | 131/782 [00:03<00:18, 34.81it/s]
 17%|█▋        | 135/782 [00:03<00:18, 34.44it/s]
 18%|█▊        | 139/782 [00:04<00:18, 34.20it/s]
 18%|█▊        | 143/782 [00:04<00:18, 34.66it/s]
 19%|█▉        | 147/782 [00:04<00:18, 34.07it/s]
 19%|█▉        | 151/782 [00:04<00:18, 34.80it/s]
 20%|█▉        | 155/782 [00:04<00:18, 34.82it/s]
 20%|██        | 159/782 [00:04<00:18, 34.51it/s]
 21%|██        | 163/782 [00:04<00:18, 34.05it/s]
 21%|██▏       | 167/782 [00:04<00:17, 34.67it/s]
 22%|██▏       | 171/782 [00:04<00:17, 35.35it/s]
 22%|██▏       | 175/782 [00:05<00:16, 35.74it/s]
 23%|██▎       | 179/782 [00:05<00:16, 35.78it/s]
 23%|██▎       | 183/782 [00:05<00:17, 35.21it/s]
 24%|██▍       | 187/782 [00:05<00:17, 34.47it/s]
 24%|██▍       | 191/782 [00:05<00:17, 34.02it/s]
 25%|██▍       | 195/782 [00:05<00:17, 34.01it/s]
 25%|██▌       | 199/782 [00:05<00:17, 33.86it/s]
 26%|██▌       | 203/782 [00:05<00:17, 33.57it/s]
 26%|██▋       | 207/782 [00:05<00:16, 34.45it/s]
 27%|██▋       | 211/782 [00:06<00:16, 34.50it/s]
 27%|██▋       | 215/782 [00:06<00:16, 34.20it/s]
 28%|██▊       | 219/782 [00:06<00:16, 34.20it/s]
 29%|██▊       | 223/782 [00:06<00:16, 33.72it/s]
 29%|██▉       | 227/782 [00:06<00:16, 33.98it/s]
 30%|██▉       | 231/782 [00:06<00:16, 34.32it/s]
 30%|███       | 235/782 [00:06<00:15, 34.59it/s]
 31%|███       | 239/782 [00:06<00:15, 34.58it/s]
 31%|███       | 243/782 [00:07<00:15, 34.19it/s]
 32%|███▏      | 247/782 [00:07<00:15, 34.77it/s]
 32%|███▏      | 251/782 [00:07<00:15, 35.05it/s]
 33%|███▎      | 255/782 [00:07<00:15, 34.69it/s]
 33%|███▎      | 259/782 [00:07<00:15, 33.99it/s]
 34%|███▎      | 263/782 [00:07<00:14, 35.10it/s]
 34%|███▍      | 267/782 [00:07<00:14, 34.50it/s]
 35%|███▍      | 271/782 [00:07<00:14, 35.01it/s]
 35%|███▌      | 275/782 [00:07<00:14, 34.11it/s]
 36%|███▌      | 279/782 [00:08<00:14, 33.90it/s]
 36%|███▌      | 283/782 [00:08<00:14, 33.72it/s]
 37%|███▋      | 287/782 [00:08<00:14, 33.97it/s]
 37%|███▋      | 291/782 [00:08<00:14, 33.98it/s]
 38%|███▊      | 295/782 [00:08<00:14, 34.18it/s]
 38%|███▊      | 299/782 [00:08<00:13, 34.63it/s]
 39%|███▊      | 303/782 [00:08<00:14, 33.88it/s]
 39%|███▉      | 307/782 [00:08<00:14, 33.78it/s]
 40%|███▉      | 311/782 [00:09<00:13, 34.17it/s]
 40%|████      | 315/782 [00:09<00:13, 34.53it/s]
 41%|████      | 319/782 [00:09<00:13, 34.36it/s]
 41%|████▏     | 323/782 [00:09<00:13, 34.17it/s]
 42%|████▏     | 327/782 [00:09<00:13, 34.12it/s]
 42%|████▏     | 331/782 [00:09<00:13, 33.97it/s]
 43%|████▎     | 335/782 [00:09<00:13, 34.31it/s]
 43%|████▎     | 339/782 [00:09<00:12, 34.51it/s]
 44%|████▍     | 343/782 [00:09<00:12, 34.96it/s]
 44%|████▍     | 347/782 [00:10<00:12, 34.54it/s]
 45%|████▍     | 351/782 [00:10<00:12, 34.51it/s]
 45%|████▌     | 355/782 [00:10<00:12, 33.94it/s]
 46%|████▌     | 359/782 [00:10<00:12, 33.77it/s]
 46%|████▋     | 363/782 [00:10<00:12, 33.84it/s]
 47%|████▋     | 367/782 [00:10<00:12, 34.54it/s]
 47%|████▋     | 371/782 [00:10<00:12, 34.25it/s]
 48%|████▊     | 375/782 [00:10<00:12, 33.80it/s]
 48%|████▊     | 379/782 [00:11<00:11, 33.82it/s]
 49%|████▉     | 383/782 [00:11<00:11, 33.79it/s]
 49%|████▉     | 387/782 [00:11<00:11, 34.11it/s]
 50%|█████     | 391/782 [00:11<00:11, 34.49it/s]
 51%|█████     | 395/782 [00:11<00:11, 34.02it/s]
 51%|█████     | 399/782 [00:11<00:11, 34.17it/s]
 52%|█████▏    | 403/782 [00:11<00:11, 33.49it/s]
 52%|█████▏    | 407/782 [00:11<00:11, 33.81it/s]
 53%|█████▎    | 411/782 [00:11<00:10, 33.78it/s]
 53%|█████▎    | 415/782 [00:12<00:10, 34.49it/s]
 54%|█████▎    | 419/782 [00:12<00:10, 34.37it/s]
 54%|█████▍    | 423/782 [00:12<00:10, 34.61it/s]
 55%|█████▍    | 427/782 [00:12<00:09, 36.03it/s]
 55%|█████▌    | 431/782 [00:12<00:10, 34.90it/s]
 56%|█████▌    | 435/782 [00:12<00:10, 34.38it/s]
 56%|█████▌    | 439/782 [00:12<00:09, 34.32it/s]
 57%|█████▋    | 443/782 [00:12<00:09, 34.60it/s]
 57%|█████▋    | 447/782 [00:12<00:09, 34.63it/s]
 58%|█████▊    | 451/782 [00:13<00:09, 34.57it/s]
 58%|█████▊    | 455/782 [00:13<00:09, 33.92it/s]
 59%|█████▊    | 459/782 [00:13<00:09, 34.53it/s]
 59%|█████▉    | 463/782 [00:13<00:09, 34.34it/s]
 60%|█████▉    | 467/782 [00:13<00:09, 34.62it/s]
 60%|██████    | 471/782 [00:13<00:09, 34.53it/s]
 61%|██████    | 475/782 [00:13<00:08, 34.85it/s]
 61%|██████▏   | 479/782 [00:13<00:08, 36.08it/s]
 62%|██████▏   | 483/782 [00:14<00:08, 36.00it/s]
 62%|██████▏   | 487/782 [00:14<00:08, 35.72it/s]
 63%|██████▎   | 491/782 [00:14<00:08, 35.15it/s]
 63%|██████▎   | 495/782 [00:14<00:08, 34.50it/s]
 64%|██████▍   | 499/782 [00:14<00:08, 34.50it/s]
 64%|██████▍   | 503/782 [00:14<00:08, 34.42it/s]
 65%|██████▍   | 507/782 [00:14<00:07, 34.49it/s]
 65%|██████▌   | 511/782 [00:14<00:07, 34.85it/s]
 66%|██████▌   | 515/782 [00:14<00:07, 35.15it/s]
 66%|██████▋   | 519/782 [00:15<00:07, 35.52it/s]
 67%|██████▋   | 523/782 [00:15<00:07, 35.03it/s]
 67%|██████▋   | 527/782 [00:15<00:07, 34.45it/s]
 68%|██████▊   | 531/782 [00:15<00:07, 34.88it/s]
 68%|██████▊   | 535/782 [00:15<00:07, 34.79it/s]
 69%|██████▉   | 539/782 [00:15<00:06, 35.39it/s]
 69%|██████▉   | 543/782 [00:15<00:06, 35.53it/s]
 70%|██████▉   | 547/782 [00:15<00:06, 35.66it/s]
 70%|███████   | 551/782 [00:15<00:06, 35.60it/s]
 71%|███████   | 555/782 [00:16<00:06, 36.12it/s]
 71%|███████▏  | 559/782 [00:16<00:06, 36.00it/s]
 72%|███████▏  | 563/782 [00:16<00:06, 34.46it/s]
 73%|███████▎  | 567/782 [00:16<00:06, 35.06it/s]
 73%|███████▎  | 571/782 [00:16<00:06, 34.87it/s]
 74%|███████▎  | 575/782 [00:16<00:06, 34.27it/s]
 74%|███████▍  | 579/782 [00:16<00:05, 34.41it/s]
 75%|███████▍  | 583/782 [00:16<00:05, 34.28it/s]
 75%|███████▌  | 587/782 [00:17<00:05, 33.77it/s]
 76%|███████▌  | 591/782 [00:17<00:05, 35.06it/s]
 76%|███████▌  | 595/782 [00:17<00:05, 35.58it/s]
 77%|███████▋  | 599/782 [00:17<00:05, 35.16it/s]
 77%|███████▋  | 603/782 [00:17<00:05, 35.06it/s]
 78%|███████▊  | 607/782 [00:17<00:04, 36.12it/s]
 78%|███████▊  | 611/782 [00:17<00:04, 35.92it/s]
 79%|███████▊  | 615/782 [00:17<00:04, 35.46it/s]
 79%|███████▉  | 619/782 [00:17<00:04, 35.74it/s]
 80%|███████▉  | 623/782 [00:17<00:04, 35.65it/s]
 80%|████████  | 627/782 [00:18<00:04, 34.98it/s]
 81%|████████  | 631/782 [00:18<00:04, 35.76it/s]
 81%|████████  | 635/782 [00:18<00:04, 35.62it/s]
 82%|████████▏ | 639/782 [00:18<00:03, 35.82it/s]
 82%|████████▏ | 643/782 [00:18<00:03, 35.65it/s]
 83%|████████▎ | 647/782 [00:18<00:03, 35.25it/s]
 83%|████████▎ | 651/782 [00:18<00:03, 35.27it/s]
 84%|████████▍ | 655/782 [00:18<00:03, 34.94it/s]
 84%|████████▍ | 659/782 [00:19<00:03, 34.91it/s]
 85%|████████▍ | 663/782 [00:19<00:03, 34.89it/s]
 85%|████████▌ | 667/782 [00:19<00:03, 34.48it/s]
 86%|████████▌ | 671/782 [00:19<00:03, 34.17it/s]
 86%|████████▋ | 675/782 [00:19<00:03, 35.01it/s]
 87%|████████▋ | 679/782 [00:19<00:02, 35.08it/s]
 87%|████████▋ | 683/782 [00:19<00:02, 35.49it/s]
 88%|████████▊ | 687/782 [00:19<00:02, 35.12it/s]
 88%|████████▊ | 691/782 [00:19<00:02, 34.55it/s]
 89%|████████▉ | 695/782 [00:20<00:02, 35.09it/s]
 89%|████████▉ | 699/782 [00:20<00:02, 35.86it/s]
 90%|████████▉ | 703/782 [00:20<00:02, 35.51it/s]
 90%|█████████ | 707/782 [00:20<00:02, 34.99it/s]
 91%|█████████ | 711/782 [00:20<00:02, 34.08it/s]
 91%|█████████▏| 715/782 [00:20<00:01, 34.09it/s]
 92%|█████████▏| 719/782 [00:20<00:01, 34.21it/s]
 92%|█████████▏| 723/782 [00:20<00:01, 34.21it/s]
 93%|█████████▎| 727/782 [00:20<00:01, 34.14it/s]
 93%|█████████▎| 731/782 [00:21<00:01, 34.11it/s]
 94%|█████████▍| 735/782 [00:21<00:01, 34.48it/s]
 95%|█████████▍| 739/782 [00:21<00:01, 35.12it/s]
 95%|█████████▌| 743/782 [00:21<00:01, 34.65it/s]
 96%|█████████▌| 747/782 [00:21<00:00, 35.06it/s]
 96%|█████████▌| 751/782 [00:21<00:00, 34.95it/s]
 97%|█████████▋| 755/782 [00:21<00:00, 35.70it/s]
 97%|█████████▋| 759/782 [00:21<00:00, 35.73it/s]
 98%|█████████▊| 763/782 [00:22<00:00, 35.39it/s]
 98%|█████████▊| 767/782 [00:22<00:00, 34.88it/s]
 99%|█████████▊| 771/782 [00:22<00:00, 35.02it/s]
 99%|█████████▉| 775/782 [00:22<00:00, 34.98it/s]
100%|█████████▉| 779/782 [00:22<00:00, 35.23it/s]
100%|██████████| 782/782 [00:22<00:00, 34.64it/s]
Model instantiation succeeded.
The training environment is set up successfully, using the following device: cuda.
Simulated training data created successfully.
Training step executed successfully.
  Train Loss: 1.7541, Test Loss: 1.7431
  Train Acc: 0.3549, Test Acc: 0.3628
  LR: 0.000000, Grad Norm: 0.2027, Throughput: 1124.9 samples/s
accuracy_to_time_metric 0.5912583363324244
  - Saved stats (fallback) to: /a/mm/ab/gpt/brute/ga/meta_evolution/stats_cifar10/img-classification_cifar-10_acc_GenFractalNet-94db874d868d1ec03df0256333dfc15e/1.json
  - Model persisted to ga_fractal_arch_cifar10/ (stats verified: 1 JSON file(s))

  ========================================
  >>> FITNESS SCORE: 36.28%  (source: hyperparameters.accuracy, checksum: 94db874d868d1ec03df0256333dfc15e)
  ========================================

  Evaluating Individual 9/20 ---- Generation: 7/10
  - Evaluating unique arch (checksum: ab34103b...)
Evaluating /a/mm/out_nneval_tmp_pid_1977/nn/tmp/GenFractalNet-ab34103b611e245718f28fe9395f8916-832c11f4192af870c1a4637ea52181f0.py...
epoch 1

  0%|          | 0/782 [00:00<?, ?it/s]
  1%|          | 9/782 [00:00<00:09, 84.98it/s]
  3%|▎         | 24/782 [00:00<00:06, 118.93it/s]
  5%|▍         | 39/782 [00:00<00:05, 129.89it/s]
  7%|▋         | 54/782 [00:00<00:05, 135.10it/s]
  9%|▉         | 69/782 [00:00<00:05, 137.14it/s]
 11%|█         | 84/782 [00:00<00:05, 138.48it/s]
 13%|█▎        | 98/782 [00:00<00:04, 138.65it/s]
 14%|█▍        | 112/782 [00:00<00:04, 138.89it/s]
 16%|█▌        | 126/782 [00:00<00:04, 137.90it/s]
 18%|█▊        | 140/782 [00:01<00:04, 137.09it/s]
 20%|█▉        | 155/782 [00:01<00:04, 138.17it/s]
 22%|██▏       | 169/782 [00:01<00:04, 138.20it/s]
 24%|██▎       | 184/782 [00:01<00:04, 139.15it/s]
 25%|██▌       | 199/782 [00:01<00:04, 140.06it/s]
 27%|██▋       | 214/782 [00:01<00:04, 140.19it/s]
 29%|██▉       | 229/782 [00:01<00:03, 140.46it/s]
 31%|███       | 244/782 [00:01<00:03, 140.56it/s]
 33%|███▎      | 259/782 [00:01<00:03, 141.00it/s]
 35%|███▌      | 274/782 [00:01<00:03, 140.54it/s]
 37%|███▋      | 289/782 [00:02<00:03, 139.87it/s]
 39%|███▊      | 303/782 [00:02<00:03, 139.52it/s]
 41%|████      | 318/782 [00:02<00:03, 139.91it/s]
 43%|████▎     | 333/782 [00:02<00:03, 140.26it/s]
 45%|████▍     | 348/782 [00:02<00:03, 140.68it/s]
 46%|████▋     | 363/782 [00:02<00:02, 140.61it/s]
 48%|████▊     | 378/782 [00:02<00:02, 140.44it/s]
 50%|█████     | 393/782 [00:02<00:02, 141.02it/s]
 52%|█████▏    | 408/782 [00:02<00:02, 137.81it/s]
 54%|█████▍    | 422/782 [00:03<00:02, 135.89it/s]
 56%|█████▌    | 436/782 [00:03<00:02, 137.06it/s]
 58%|█████▊    | 450/782 [00:03<00:02, 137.70it/s]
 59%|█████▉    | 465/782 [00:03<00:02, 138.48it/s]
 61%|██████▏   | 480/782 [00:03<00:02, 139.21it/s]
 63%|██████▎   | 495/782 [00:03<00:02, 139.97it/s]
 65%|██████▌   | 510/782 [00:03<00:01, 140.09it/s]
 67%|██████▋   | 525/782 [00:03<00:01, 137.68it/s]
 69%|██████▉   | 539/782 [00:03<00:01, 137.40it/s]
 71%|███████   | 554/782 [00:04<00:01, 138.59it/s]
 73%|███████▎  | 568/782 [00:04<00:01, 138.90it/s]
 75%|███████▍  | 583/782 [00:04<00:01, 139.55it/s]
 76%|███████▋  | 597/782 [00:04<00:01, 139.17it/s]
 78%|███████▊  | 612/782 [00:04<00:01, 139.32it/s]
 80%|████████  | 626/782 [00:04<00:01, 137.04it/s]
 82%|████████▏ | 640/782 [00:04<00:01, 136.66it/s]
 84%|████████▎ | 654/782 [00:04<00:00, 137.28it/s]
 85%|████████▌ | 668/782 [00:04<00:00, 137.96it/s]
 87%|████████▋ | 682/782 [00:04<00:00, 138.02it/s]
 89%|████████▉ | 696/782 [00:05<00:00, 138.45it/s]
 91%|█████████ | 710/782 [00:05<00:00, 138.87it/s]
 93%|█████████▎| 725/782 [00:05<00:00, 139.74it/s]
 95%|█████████▍| 740/782 [00:05<00:00, 140.03it/s]
 97%|█████████▋| 755/782 [00:05<00:00, 140.96it/s]
 98%|█████████▊| 770/782 [00:05<00:00, 141.12it/s]
100%|██████████| 782/782 [00:05<00:00, 137.80it/s]
Model instantiation succeeded.
The training environment is set up successfully, using the following device: cuda.
Simulated training data created successfully.
Training step executed successfully.
  Train Loss: 1.3791, Test Loss: 1.3845
  Train Acc: 0.5024, Test Acc: 0.4975
  LR: 0.000000, Grad Norm: 0.6571, Throughput: 2616.7 samples/s
accuracy_to_time_metric 2.080255668230025
  - Saved stats (fallback) to: /a/mm/ab/gpt/brute/ga/meta_evolution/stats_cifar10/img-classification_cifar-10_acc_GenFractalNet-ab34103b611e245718f28fe9395f8916/1.json
  - Model persisted to ga_fractal_arch_cifar10/ (stats verified: 1 JSON file(s))

  ========================================
  >>> FITNESS SCORE: 49.75%  (source: hyperparameters.accuracy, checksum: ab34103b611e245718f28fe9395f8916)
  ========================================

  Evaluating Individual 10/20 ---- Generation: 7/10
  - Evaluating unique arch (checksum: 4f89ebfd...)
Evaluating /a/mm/out_nneval_tmp_pid_1977/nn/tmp/GenFractalNet-4f89ebfdc87580119e23f03755f2fbf5-5f85e1d927744a18a3716517cf64edfe.py...
epoch 1

  0%|          | 0/782 [00:00<?, ?it/s]
  1%|          | 9/782 [00:00<00:09, 84.71it/s]
  3%|▎         | 24/782 [00:00<00:06, 118.77it/s]
  5%|▍         | 39/782 [00:00<00:05, 129.87it/s]
  7%|▋         | 54/782 [00:00<00:05, 135.20it/s]
  9%|▉         | 69/782 [00:00<00:05, 137.72it/s]
 11%|█         | 84/782 [00:00<00:05, 139.25it/s]
 13%|█▎        | 99/782 [00:00<00:04, 140.39it/s]
 15%|█▍        | 114/782 [00:00<00:04, 141.46it/s]
 16%|█▋        | 129/782 [00:00<00:04, 142.02it/s]
 18%|█▊        | 144/782 [00:01<00:04, 142.37it/s]
 20%|██        | 159/782 [00:01<00:04, 142.46it/s]
 22%|██▏       | 174/782 [00:01<00:04, 142.80it/s]
 24%|██▍       | 189/782 [00:01<00:04, 142.69it/s]
 26%|██▌       | 204/782 [00:01<00:04, 142.69it/s]
 28%|██▊       | 219/782 [00:01<00:03, 142.83it/s]
 30%|██▉       | 234/782 [00:01<00:03, 142.97it/s]
 32%|███▏      | 249/782 [00:01<00:03, 142.95it/s]
 34%|███▍      | 264/782 [00:01<00:03, 142.90it/s]
 36%|███▌      | 279/782 [00:01<00:03, 142.95it/s]
 38%|███▊      | 294/782 [00:02<00:03, 141.36it/s]
 40%|███▉      | 309/782 [00:02<00:03, 141.39it/s]
 41%|████▏     | 324/782 [00:02<00:03, 141.79it/s]
 43%|████▎     | 339/782 [00:02<00:03, 142.03it/s]
 45%|████▌     | 354/782 [00:02<00:03, 142.20it/s]
 47%|████▋     | 369/782 [00:02<00:02, 142.05it/s]
 49%|████▉     | 384/782 [00:02<00:02, 142.01it/s]
 51%|█████     | 399/782 [00:02<00:02, 141.60it/s]
 53%|█████▎    | 414/782 [00:02<00:02, 142.10it/s]
 55%|█████▍    | 429/782 [00:03<00:02, 142.45it/s]
 57%|█████▋    | 444/782 [00:03<00:02, 142.43it/s]
 59%|█████▊    | 459/782 [00:03<00:02, 142.19it/s]
 61%|██████    | 474/782 [00:03<00:02, 142.29it/s]
 63%|██████▎   | 489/782 [00:03<00:02, 141.18it/s]
 64%|██████▍   | 504/782 [00:03<00:01, 141.59it/s]
 66%|██████▋   | 519/782 [00:03<00:01, 141.75it/s]
 68%|██████▊   | 534/782 [00:03<00:01, 141.41it/s]
 70%|███████   | 549/782 [00:03<00:01, 142.16it/s]
 72%|███████▏  | 564/782 [00:04<00:01, 141.90it/s]
 74%|███████▍  | 579/782 [00:04<00:01, 142.12it/s]
 76%|███████▌  | 594/782 [00:04<00:01, 141.98it/s]
 78%|███████▊  | 609/782 [00:04<00:01, 142.11it/s]
 80%|███████▉  | 624/782 [00:04<00:01, 142.07it/s]
 82%|████████▏ | 639/782 [00:04<00:01, 142.28it/s]
 84%|████████▎ | 654/782 [00:04<00:00, 139.19it/s]
 85%|████████▌ | 668/782 [00:04<00:00, 135.05it/s]
 87%|████████▋ | 683/782 [00:04<00:00, 137.04it/s]
 89%|████████▉ | 698/782 [00:04<00:00, 137.98it/s]
 91%|█████████ | 713/782 [00:05<00:00, 139.07it/s]
 93%|█████████▎| 728/782 [00:05<00:00, 139.67it/s]
 95%|█████████▌| 743/782 [00:05<00:00, 140.06it/s]
 97%|█████████▋| 758/782 [00:05<00:00, 139.68it/s]
 99%|█████████▉| 773/782 [00:05<00:00, 140.02it/s]
100%|██████████| 782/782 [00:05<00:00, 139.75it/s]
Model instantiation succeeded.
The training environment is set up successfully, using the following device: cuda.
Simulated training data created successfully.
Training step executed successfully.
  Train Loss: 1.4492, Test Loss: 1.4511
  Train Acc: 0.4647, Test Acc: 0.4660
  LR: 0.000001, Grad Norm: 0.4320, Throughput: 2626.3 samples/s
accuracy_to_time_metric 1.9224003586542302
  - Saved stats (fallback) to: /a/mm/ab/gpt/brute/ga/meta_evolution/stats_cifar10/img-classification_cifar-10_acc_GenFractalNet-4f89ebfdc87580119e23f03755f2fbf5/1.json
  - Model persisted to ga_fractal_arch_cifar10/ (stats verified: 1 JSON file(s))

  ========================================
  >>> FITNESS SCORE: 46.60%  (source: hyperparameters.accuracy, checksum: 4f89ebfdc87580119e23f03755f2fbf5)
  ========================================

  Evaluating Individual 11/20 ---- Generation: 7/10
  - Evaluating unique arch (checksum: 81f0fd0e...)
Evaluating /a/mm/out_nneval_tmp_pid_1977/nn/tmp/GenFractalNet-81f0fd0ebacd69aeda330a38d49e49dc-4e60dd5497275c736c09bf4900994c70.py...
epoch 1

  0%|          | 0/782 [00:00<?, ?it/s]
  1%|          | 8/782 [00:00<00:09, 79.98it/s]
  3%|▎         | 22/782 [00:00<00:06, 113.76it/s]
  5%|▍         | 37/782 [00:00<00:05, 126.33it/s]
  7%|▋         | 52/782 [00:00<00:05, 132.95it/s]
  9%|▊         | 67/782 [00:00<00:05, 136.69it/s]
 10%|█         | 82/782 [00:00<00:05, 138.83it/s]
 12%|█▏        | 97/782 [00:00<00:04, 139.63it/s]
 14%|█▍        | 112/782 [00:00<00:04, 140.83it/s]
 16%|█▌        | 127/782 [00:00<00:04, 141.74it/s]
 18%|█▊        | 142/782 [00:01<00:04, 142.29it/s]
 20%|██        | 157/782 [00:01<00:04, 142.72it/s]
 22%|██▏       | 172/782 [00:01<00:04, 143.08it/s]
 24%|██▍       | 187/782 [00:01<00:04, 143.06it/s]
 26%|██▌       | 202/782 [00:01<00:04, 143.07it/s]
 28%|██▊       | 217/782 [00:01<00:03, 143.07it/s]
 30%|██▉       | 232/782 [00:01<00:03, 142.88it/s]
 32%|███▏      | 247/782 [00:01<00:03, 142.09it/s]
 34%|███▎      | 262/782 [00:01<00:03, 142.43it/s]
 35%|███▌      | 277/782 [00:01<00:03, 142.93it/s]
 37%|███▋      | 292/782 [00:02<00:03, 142.86it/s]
 39%|███▉      | 307/782 [00:02<00:03, 143.06it/s]
 41%|████      | 322/782 [00:02<00:03, 143.07it/s]
 43%|████▎     | 337/782 [00:02<00:03, 142.99it/s]
 45%|████▌     | 352/782 [00:02<00:03, 142.96it/s]
 47%|████▋     | 367/782 [00:02<00:02, 143.39it/s]
 49%|████▉     | 382/782 [00:02<00:02, 143.41it/s]
 51%|█████     | 397/782 [00:02<00:02, 133.09it/s]
 53%|█████▎    | 411/782 [00:02<00:02, 125.41it/s]
 54%|█████▍    | 424/782 [00:03<00:02, 121.08it/s]
 56%|█████▌    | 437/782 [00:03<00:02, 121.92it/s]
 58%|█████▊    | 452/782 [00:03<00:02, 127.39it/s]
 60%|█████▉    | 467/782 [00:03<00:02, 131.93it/s]
 62%|██████▏   | 482/782 [00:03<00:02, 134.63it/s]
 64%|██████▎   | 497/782 [00:03<00:02, 136.58it/s]
 65%|██████▌   | 512/782 [00:03<00:01, 138.69it/s]
 67%|██████▋   | 527/782 [00:03<00:01, 139.81it/s]
 69%|██████▉   | 542/782 [00:03<00:01, 140.83it/s]
 71%|███████   | 557/782 [00:04<00:01, 141.60it/s]
 73%|███████▎  | 572/782 [00:04<00:01, 142.37it/s]
 75%|███████▌  | 587/782 [00:04<00:01, 142.87it/s]
 77%|███████▋  | 602/782 [00:04<00:01, 142.73it/s]
 79%|███████▉  | 617/782 [00:04<00:01, 142.94it/s]
 81%|████████  | 632/782 [00:04<00:01, 142.14it/s]
 83%|████████▎ | 647/782 [00:04<00:00, 142.40it/s]
 85%|████████▍ | 662/782 [00:04<00:00, 142.42it/s]
 87%|████████▋ | 677/782 [00:04<00:00, 142.43it/s]
 88%|████████▊ | 692/782 [00:04<00:00, 142.95it/s]
 90%|█████████ | 707/782 [00:05<00:00, 143.31it/s]
 92%|█████████▏| 722/782 [00:05<00:00, 143.40it/s]
 94%|█████████▍| 737/782 [00:05<00:00, 142.79it/s]
 96%|█████████▌| 752/782 [00:05<00:00, 142.40it/s]
 98%|█████████▊| 767/782 [00:05<00:00, 142.33it/s]
100%|██████████| 782/782 [00:05<00:00, 141.60it/s]
100%|██████████| 782/782 [00:05<00:00, 138.38it/s]
Model instantiation succeeded.
The training environment is set up successfully, using the following device: cuda.
Simulated training data created successfully.
Training step executed successfully.
  Train Loss: 1.3404, Test Loss: 1.3442
  Train Acc: 0.5311, Test Acc: 0.5317
  LR: 0.000001, Grad Norm: 2.2235, Throughput: 2618.6 samples/s
accuracy_to_time_metric 2.2608583651257455
  - Saved stats (fallback) to: /a/mm/ab/gpt/brute/ga/meta_evolution/stats_cifar10/img-classification_cifar-10_acc_GenFractalNet-81f0fd0ebacd69aeda330a38d49e49dc/1.json
  - Model persisted to ga_fractal_arch_cifar10/ (stats verified: 1 JSON file(s))

  ========================================
  >>> FITNESS SCORE: 53.17%  (source: hyperparameters.accuracy, checksum: 81f0fd0ebacd69aeda330a38d49e49dc)
  ========================================

  Evaluating Individual 12/20 ---- Generation: 7/10
  - Evaluating unique arch (checksum: a498880d...)
Evaluating /a/mm/out_nneval_tmp_pid_1977/nn/tmp/GenFractalNet-a498880df60d0c1cc7b175bcb61664cf-092a3e76af331e697dd78e0163685a1f.py...
epoch 1

  0%|          | 0/782 [00:00<?, ?it/s]
  0%|          | 2/782 [00:00<00:47, 16.44it/s]
  1%|          | 5/782 [00:00<00:36, 21.37it/s]
  1%|          | 8/782 [00:00<00:31, 24.47it/s]
  1%|▏         | 11/782 [00:00<00:31, 24.66it/s]
  2%|▏         | 14/782 [00:00<00:30, 25.09it/s]
  2%|▏         | 17/782 [00:00<00:29, 26.22it/s]
  3%|▎         | 20/782 [00:00<00:29, 26.02it/s]
  3%|▎         | 23/782 [00:00<00:29, 26.14it/s]
  3%|▎         | 26/782 [00:01<00:28, 26.55it/s]
  4%|▎         | 29/782 [00:01<00:28, 26.06it/s]
  4%|▍         | 32/782 [00:01<00:29, 25.11it/s]
  4%|▍         | 35/782 [00:01<00:30, 24.72it/s]
  5%|▍         | 38/782 [00:01<00:29, 24.97it/s]
  5%|▌         | 41/782 [00:01<00:30, 24.62it/s]
  6%|▌         | 44/782 [00:01<00:29, 25.27it/s]
  6%|▌         | 47/782 [00:01<00:29, 24.66it/s]
  6%|▋         | 50/782 [00:02<00:30, 24.40it/s]
  7%|▋         | 53/782 [00:02<00:28, 25.48it/s]
  7%|▋         | 56/782 [00:02<00:28, 25.35it/s]
  8%|▊         | 59/782 [00:02<00:28, 25.40it/s]
  8%|▊         | 62/782 [00:02<00:28, 25.50it/s]
  8%|▊         | 65/782 [00:02<00:28, 25.28it/s]
  9%|▊         | 68/782 [00:02<00:27, 26.05it/s]
  9%|▉         | 71/782 [00:02<00:27, 25.42it/s]
  9%|▉         | 74/782 [00:02<00:28, 24.65it/s]
 10%|▉         | 77/782 [00:03<00:29, 24.00it/s]
 10%|█         | 80/782 [00:03<00:29, 23.45it/s]
 11%|█         | 83/782 [00:03<00:29, 23.72it/s]
 11%|█         | 86/782 [00:03<00:29, 23.49it/s]
 12%|█▏        | 90/782 [00:03<00:27, 25.36it/s]
 12%|█▏        | 93/782 [00:03<00:26, 25.86it/s]
 12%|█▏        | 96/782 [00:03<00:26, 25.58it/s]
 13%|█▎        | 99/782 [00:03<00:26, 26.03it/s]
 13%|█▎        | 102/782 [00:04<00:25, 26.17it/s]
 13%|█▎        | 105/782 [00:04<00:26, 25.67it/s]
 14%|█▍        | 108/782 [00:04<00:27, 24.88it/s]
 14%|█▍        | 111/782 [00:04<00:26, 25.10it/s]
 15%|█▍        | 114/782 [00:04<00:25, 26.27it/s]
 15%|█▍        | 117/782 [00:04<00:25, 26.13it/s]
 15%|█▌        | 120/782 [00:04<00:25, 25.67it/s]
 16%|█▌        | 123/782 [00:04<00:25, 25.84it/s]
 16%|█▌        | 126/782 [00:04<00:24, 26.29it/s]
 16%|█▋        | 129/782 [00:05<00:24, 26.79it/s]
 17%|█▋        | 132/782 [00:05<00:24, 26.54it/s]
 17%|█▋        | 135/782 [00:05<00:24, 26.27it/s]
 18%|█▊        | 138/782 [00:05<00:24, 26.63it/s]
 18%|█▊        | 141/782 [00:05<00:24, 25.83it/s]
 18%|█▊        | 144/782 [00:05<00:24, 25.58it/s]
 19%|█▉        | 147/782 [00:05<00:24, 26.14it/s]
 19%|█▉        | 150/782 [00:05<00:24, 25.29it/s]
 20%|█▉        | 153/782 [00:06<00:25, 24.85it/s]
 20%|█▉        | 156/782 [00:06<00:25, 24.32it/s]
 20%|██        | 159/782 [00:06<00:25, 24.16it/s]
 21%|██        | 162/782 [00:06<00:26, 23.75it/s]
 21%|██        | 165/782 [00:06<00:25, 24.24it/s]
 21%|██▏       | 168/782 [00:06<00:25, 24.32it/s]
 22%|██▏       | 171/782 [00:06<00:24, 25.35it/s]
 22%|██▏       | 174/782 [00:06<00:24, 25.05it/s]
 23%|██▎       | 177/782 [00:07<00:24, 24.92it/s]
 23%|██▎       | 180/782 [00:07<00:24, 24.97it/s]
 23%|██▎       | 183/782 [00:07<00:23, 25.01it/s]
 24%|██▍       | 186/782 [00:07<00:24, 24.47it/s]
 24%|██▍       | 189/782 [00:07<00:24, 24.57it/s]
 25%|██▍       | 192/782 [00:07<00:24, 24.23it/s]
 25%|██▍       | 195/782 [00:07<00:23, 24.59it/s]
 25%|██▌       | 198/782 [00:07<00:23, 24.50it/s]
 26%|██▌       | 201/782 [00:08<00:23, 24.36it/s]
 26%|██▌       | 204/782 [00:08<00:23, 24.19it/s]
 26%|██▋       | 207/782 [00:08<00:23, 24.60it/s]
 27%|██▋       | 210/782 [00:08<00:22, 25.47it/s]
 27%|██▋       | 213/782 [00:08<00:23, 24.62it/s]
 28%|██▊       | 216/782 [00:08<00:23, 24.47it/s]
 28%|██▊       | 219/782 [00:08<00:22, 25.16it/s]
 28%|██▊       | 222/782 [00:08<00:22, 24.78it/s]
 29%|██▉       | 225/782 [00:08<00:22, 24.77it/s]
 29%|██▉       | 228/782 [00:09<00:22, 24.53it/s]
 30%|██▉       | 231/782 [00:09<00:22, 24.06it/s]
 30%|██▉       | 234/782 [00:09<00:22, 24.33it/s]
 30%|███       | 237/782 [00:09<00:22, 24.55it/s]
 31%|███       | 240/782 [00:09<00:22, 24.25it/s]
 31%|███       | 243/782 [00:09<00:22, 24.06it/s]
 31%|███▏      | 246/782 [00:09<00:21, 25.36it/s]
 32%|███▏      | 249/782 [00:09<00:21, 25.07it/s]
 32%|███▏      | 252/782 [00:10<00:21, 24.94it/s]
 33%|███▎      | 255/782 [00:10<00:21, 24.48it/s]
 33%|███▎      | 258/782 [00:10<00:21, 24.13it/s]
 33%|███▎      | 261/782 [00:10<00:21, 24.55it/s]
 34%|███▍      | 264/782 [00:10<00:21, 24.38it/s]
 34%|███▍      | 267/782 [00:10<00:20, 24.69it/s]
 35%|███▍      | 270/782 [00:10<00:20, 24.74it/s]
 35%|███▍      | 273/782 [00:10<00:20, 24.44it/s]
 35%|███▌      | 276/782 [00:11<00:20, 25.25it/s]
 36%|███▌      | 279/782 [00:11<00:19, 25.58it/s]
 36%|███▌      | 282/782 [00:11<00:19, 25.50it/s]
 36%|███▋      | 285/782 [00:11<00:19, 25.24it/s]
 37%|███▋      | 288/782 [00:11<00:19, 24.80it/s]
 37%|███▋      | 291/782 [00:11<00:20, 24.50it/s]
 38%|███▊      | 294/782 [00:11<00:19, 24.77it/s]
 38%|███▊      | 297/782 [00:11<00:19, 24.37it/s]
 38%|███▊      | 300/782 [00:12<00:19, 24.99it/s]
 39%|███▊      | 303/782 [00:12<00:18, 25.47it/s]
 39%|███▉      | 306/782 [00:12<00:18, 25.31it/s]
 40%|███▉      | 309/782 [00:12<00:19, 24.63it/s]
 40%|███▉      | 312/782 [00:12<00:19, 24.23it/s]
 40%|████      | 315/782 [00:12<00:18, 24.77it/s]
 41%|████      | 318/782 [00:12<00:18, 25.21it/s]
 41%|████      | 321/782 [00:12<00:18, 24.71it/s]
 41%|████▏     | 324/782 [00:12<00:18, 24.86it/s]
 42%|████▏     | 327/782 [00:13<00:17, 25.35it/s]
 42%|████▏     | 330/782 [00:13<00:18, 24.60it/s]
 43%|████▎     | 333/782 [00:13<00:17, 25.21it/s]
 43%|████▎     | 336/782 [00:13<00:17, 25.82it/s]
 43%|████▎     | 339/782 [00:13<00:17, 25.54it/s]
 44%|████▎     | 342/782 [00:13<00:17, 25.83it/s]
 44%|████▍     | 345/782 [00:13<00:16, 26.66it/s]
 45%|████▍     | 348/782 [00:13<00:16, 25.72it/s]
 45%|████▍     | 351/782 [00:14<00:16, 26.08it/s]
 45%|████▌     | 354/782 [00:14<00:16, 25.88it/s]
 46%|████▌     | 357/782 [00:14<00:16, 25.74it/s]
 46%|████▌     | 360/782 [00:14<00:16, 26.01it/s]
 46%|████▋     | 363/782 [00:14<00:16, 26.03it/s]
 47%|████▋     | 366/782 [00:14<00:15, 26.13it/s]
 47%|████▋     | 369/782 [00:14<00:15, 25.98it/s]
 48%|████▊     | 372/782 [00:14<00:15, 26.32it/s]
 48%|████▊     | 375/782 [00:14<00:15, 26.40it/s]
 48%|████▊     | 378/782 [00:15<00:15, 26.13it/s]
 49%|████▊     | 381/782 [00:15<00:15, 26.23it/s]
 49%|████▉     | 384/782 [00:15<00:15, 25.85it/s]
 49%|████▉     | 387/782 [00:15<00:15, 25.66it/s]
 50%|████▉     | 390/782 [00:15<00:15, 26.05it/s]
 50%|█████     | 393/782 [00:15<00:15, 25.34it/s]
 51%|█████     | 396/782 [00:15<00:15, 25.24it/s]
 51%|█████     | 399/782 [00:15<00:15, 25.39it/s]
 51%|█████▏    | 402/782 [00:15<00:14, 25.42it/s]
 52%|█████▏    | 405/782 [00:16<00:14, 25.14it/s]
 52%|█████▏    | 408/782 [00:16<00:14, 25.48it/s]
 53%|█████▎    | 411/782 [00:16<00:14, 25.95it/s]
 53%|█████▎    | 414/782 [00:16<00:13, 26.51it/s]
 53%|█████▎    | 417/782 [00:16<00:14, 25.98it/s]
 54%|█████▎    | 420/782 [00:16<00:13, 26.02it/s]
 54%|█████▍    | 423/782 [00:16<00:13, 26.03it/s]
 54%|█████▍    | 426/782 [00:16<00:13, 26.36it/s]
 55%|█████▍    | 429/782 [00:17<00:13, 25.83it/s]
 55%|█████▌    | 432/782 [00:17<00:13, 25.87it/s]
 56%|█████▌    | 435/782 [00:17<00:13, 25.48it/s]
 56%|█████▌    | 438/782 [00:17<00:13, 25.99it/s]
 56%|█████▋    | 441/782 [00:17<00:13, 25.77it/s]
 57%|█████▋    | 444/782 [00:17<00:13, 25.24it/s]
 57%|█████▋    | 447/782 [00:17<00:13, 24.95it/s]
 58%|█████▊    | 450/782 [00:17<00:13, 25.40it/s]
 58%|█████▊    | 453/782 [00:17<00:13, 25.11it/s]
 58%|█████▊    | 456/782 [00:18<00:12, 26.02it/s]
 59%|█████▊    | 459/782 [00:18<00:12, 26.34it/s]
 59%|█████▉    | 462/782 [00:18<00:12, 25.70it/s]
 59%|█████▉    | 465/782 [00:18<00:11, 26.50it/s]
 60%|█████▉    | 468/782 [00:18<00:11, 26.97it/s]
 60%|██████    | 471/782 [00:18<00:11, 27.51it/s]
 61%|██████    | 474/782 [00:18<00:11, 27.64it/s]
 61%|██████    | 477/782 [00:18<00:11, 26.73it/s]
 61%|██████▏   | 480/782 [00:18<00:11, 26.65it/s]
 62%|██████▏   | 483/782 [00:19<00:11, 26.62it/s]
 62%|██████▏   | 486/782 [00:19<00:10, 26.96it/s]
 63%|██████▎   | 489/782 [00:19<00:11, 26.43it/s]
 63%|██████▎   | 492/782 [00:19<00:11, 26.22it/s]
 63%|██████▎   | 495/782 [00:19<00:11, 25.69it/s]
 64%|██████▎   | 498/782 [00:19<00:11, 24.85it/s]
 64%|██████▍   | 501/782 [00:19<00:11, 24.61it/s]
 64%|██████▍   | 504/782 [00:19<00:11, 24.59it/s]
 65%|██████▍   | 507/782 [00:20<00:10, 25.36it/s]
 65%|██████▌   | 510/782 [00:20<00:10, 24.92it/s]
 66%|██████▌   | 513/782 [00:20<00:11, 24.27it/s]
 66%|██████▌   | 516/782 [00:20<00:10, 24.25it/s]
 66%|██████▋   | 519/782 [00:20<00:10, 24.23it/s]
 67%|██████▋   | 522/782 [00:20<00:10, 24.19it/s]
 67%|██████▋   | 525/782 [00:20<00:10, 25.03it/s]
 68%|██████▊   | 528/782 [00:20<00:10, 24.84it/s]
 68%|██████▊   | 531/782 [00:21<00:10, 24.29it/s]
 68%|██████▊   | 534/782 [00:21<00:10, 24.18it/s]
 69%|██████▊   | 537/782 [00:21<00:10, 24.03it/s]
 69%|██████▉   | 540/782 [00:21<00:10, 23.87it/s]
 69%|██████▉   | 543/782 [00:21<00:09, 24.69it/s]
 70%|██████▉   | 546/782 [00:21<00:09, 24.40it/s]
 70%|███████   | 549/782 [00:21<00:09, 24.03it/s]
 71%|███████   | 552/782 [00:21<00:09, 24.02it/s]
 71%|███████   | 555/782 [00:22<00:09, 24.47it/s]
 71%|███████▏  | 558/782 [00:22<00:08, 25.10it/s]
 72%|███████▏  | 561/782 [00:22<00:08, 25.68it/s]
 72%|███████▏  | 564/782 [00:22<00:08, 26.20it/s]
 73%|███████▎  | 567/782 [00:22<00:08, 25.41it/s]
 73%|███████▎  | 570/782 [00:22<00:08, 24.88it/s]
 73%|███████▎  | 573/782 [00:22<00:08, 24.47it/s]
 74%|███████▎  | 576/782 [00:22<00:08, 24.10it/s]
 74%|███████▍  | 579/782 [00:22<00:08, 23.92it/s]
 74%|███████▍  | 582/782 [00:23<00:08, 24.37it/s]
 75%|███████▍  | 585/782 [00:23<00:08, 24.15it/s]
 75%|███████▌  | 588/782 [00:23<00:07, 24.55it/s]
 76%|███████▌  | 591/782 [00:23<00:07, 25.32it/s]
 76%|███████▌  | 594/782 [00:23<00:07, 24.88it/s]
 76%|███████▋  | 597/782 [00:23<00:07, 24.84it/s]
 77%|███████▋  | 600/782 [00:23<00:07, 25.17it/s]
 77%|███████▋  | 603/782 [00:23<00:07, 25.42it/s]
 77%|███████▋  | 606/782 [00:24<00:06, 25.36it/s]
 78%|███████▊  | 609/782 [00:24<00:06, 25.20it/s]
 78%|███████▊  | 612/782 [00:24<00:06, 24.34it/s]
 79%|███████▊  | 615/782 [00:24<00:06, 25.00it/s]
 79%|███████▉  | 618/782 [00:24<00:06, 25.49it/s]
 79%|███████▉  | 621/782 [00:24<00:06, 25.34it/s]
 80%|███████▉  | 624/782 [00:24<00:06, 25.53it/s]
 80%|████████  | 627/782 [00:24<00:06, 24.90it/s]
 81%|████████  | 630/782 [00:25<00:05, 25.48it/s]
 81%|████████  | 633/782 [00:25<00:05, 25.63it/s]
 81%|████████▏ | 636/782 [00:25<00:05, 26.07it/s]
 82%|████████▏ | 639/782 [00:25<00:05, 25.42it/s]
 82%|████████▏ | 642/782 [00:25<00:05, 25.27it/s]
 82%|████████▏ | 645/782 [00:25<00:05, 24.71it/s]
 83%|████████▎ | 648/782 [00:25<00:05, 24.56it/s]
 83%|████████▎ | 651/782 [00:25<00:05, 24.02it/s]
 84%|████████▎ | 654/782 [00:25<00:05, 24.29it/s]
 84%|████████▍ | 657/782 [00:26<00:04, 25.64it/s]
 84%|████████▍ | 660/782 [00:26<00:04, 25.17it/s]
 85%|████████▍ | 663/782 [00:26<00:04, 24.72it/s]
 85%|████████▌ | 666/782 [00:26<00:04, 24.10it/s]
 86%|████████▌ | 669/782 [00:26<00:04, 24.07it/s]
 86%|████████▌ | 672/782 [00:26<00:04, 24.61it/s]
 86%|████████▋ | 675/782 [00:26<00:04, 24.79it/s]
 87%|████████▋ | 678/782 [00:26<00:04, 24.90it/s]
 87%|████████▋ | 681/782 [00:27<00:04, 24.61it/s]
 87%|████████▋ | 684/782 [00:27<00:03, 25.19it/s]
 88%|████████▊ | 687/782 [00:27<00:03, 25.46it/s]
 88%|████████▊ | 690/782 [00:27<00:03, 25.62it/s]
 89%|████████▊ | 693/782 [00:27<00:03, 24.76it/s]
 89%|████████▉ | 697/782 [00:27<00:03, 26.52it/s]
 90%|████████▉ | 700/782 [00:27<00:03, 25.72it/s]
 90%|████████▉ | 703/782 [00:27<00:03, 24.91it/s]
 90%|█████████ | 706/782 [00:28<00:03, 24.44it/s]
 91%|█████████ | 709/782 [00:28<00:03, 24.03it/s]
 91%|█████████ | 712/782 [00:28<00:02, 23.63it/s]
 91%|█████████▏| 715/782 [00:28<00:02, 24.53it/s]
 92%|█████████▏| 718/782 [00:28<00:02, 25.24it/s]
 92%|█████████▏| 721/782 [00:28<00:02, 25.47it/s]
 93%|█████████▎| 724/782 [00:28<00:02, 24.88it/s]
 93%|█████████▎| 727/782 [00:28<00:02, 24.49it/s]
 93%|█████████▎| 730/782 [00:29<00:02, 24.91it/s]
 94%|█████████▎| 733/782 [00:29<00:01, 25.20it/s]
 94%|█████████▍| 736/782 [00:29<00:01, 26.23it/s]
 95%|█████████▍| 739/782 [00:29<00:01, 25.71it/s]
 95%|█████████▍| 742/782 [00:29<00:01, 24.82it/s]
 95%|█████████▌| 745/782 [00:29<00:01, 24.32it/s]
 96%|█████████▌| 748/782 [00:29<00:01, 24.61it/s]
 96%|█████████▌| 751/782 [00:29<00:01, 24.51it/s]
 96%|█████████▋| 754/782 [00:30<00:01, 24.25it/s]
 97%|█████████▋| 757/782 [00:30<00:01, 24.51it/s]
 97%|█████████▋| 760/782 [00:30<00:00, 24.26it/s]
 98%|█████████▊| 763/782 [00:30<00:00, 24.87it/s]
 98%|█████████▊| 766/782 [00:30<00:00, 25.09it/s]
 98%|█████████▊| 769/782 [00:30<00:00, 26.03it/s]
 99%|█████████▊| 772/782 [00:30<00:00, 25.91it/s]
 99%|█████████▉| 775/782 [00:30<00:00, 25.50it/s]
 99%|█████████▉| 778/782 [00:30<00:00, 25.37it/s]
100%|█████████▉| 781/782 [00:31<00:00, 25.16it/s]
100%|██████████| 782/782 [00:31<00:00, 25.11it/s]
Model instantiation succeeded.
The training environment is set up successfully, using the following device: cuda.
Simulated training data created successfully.
Training step executed successfully.
  Train Loss: 1.4796, Test Loss: 1.4813
  Train Acc: 0.4549, Test Acc: 0.4524
  LR: 0.000001, Grad Norm: 2.9709, Throughput: 945.7 samples/s
accuracy_to_time_metric 0.6664948857298606
  - Saved stats (fallback) to: /a/mm/ab/gpt/brute/ga/meta_evolution/stats_cifar10/img-classification_cifar-10_acc_GenFractalNet-a498880df60d0c1cc7b175bcb61664cf/1.json
  - Model persisted to ga_fractal_arch_cifar10/ (stats verified: 1 JSON file(s))

  ========================================
  >>> FITNESS SCORE: 45.24%  (source: hyperparameters.accuracy, checksum: a498880df60d0c1cc7b175bcb61664cf)
  ========================================

  Evaluating Individual 13/20 ---- Generation: 7/10
  - Evaluating unique arch (checksum: bd94e92c...)
Evaluating /a/mm/out_nneval_tmp_pid_1977/nn/tmp/GenFractalNet-bd94e92c9ce82444c3e96a63ad2f23ee-25e66c9cc8aff16467356a9e4bcd2f60.py...
epoch 1

  0%|          | 0/782 [00:00<?, ?it/s]
  1%|          | 4/782 [00:00<00:22, 35.00it/s]
  1%|▏         | 10/782 [00:00<00:15, 48.84it/s]
  2%|▏         | 16/782 [00:00<00:14, 53.67it/s]
  3%|▎         | 23/782 [00:00<00:13, 58.16it/s]
  4%|▍         | 30/782 [00:00<00:12, 60.10it/s]
  5%|▍         | 37/782 [00:00<00:12, 60.46it/s]
  6%|▌         | 44/782 [00:00<00:12, 61.08it/s]
  7%|▋         | 51/782 [00:00<00:11, 61.33it/s]
  7%|▋         | 58/782 [00:00<00:11, 60.96it/s]
  8%|▊         | 65/782 [00:01<00:11, 61.64it/s]
  9%|▉         | 72/782 [00:01<00:11, 60.57it/s]
 10%|█         | 79/782 [00:01<00:11, 60.75it/s]
 11%|█         | 86/782 [00:01<00:11, 61.09it/s]
 12%|█▏        | 93/782 [00:01<00:11, 61.71it/s]
 13%|█▎        | 100/782 [00:01<00:11, 61.64it/s]
 14%|█▎        | 107/782 [00:01<00:10, 61.65it/s]
 15%|█▍        | 114/782 [00:01<00:10, 61.43it/s]
 15%|█▌        | 121/782 [00:02<00:10, 61.18it/s]
 16%|█▋        | 128/782 [00:02<00:10, 61.63it/s]
 17%|█▋        | 135/782 [00:02<00:10, 61.94it/s]
 18%|█▊        | 142/782 [00:02<00:10, 61.55it/s]
 19%|█▉        | 149/782 [00:02<00:10, 61.58it/s]
 20%|█▉        | 156/782 [00:02<00:10, 61.85it/s]
 21%|██        | 163/782 [00:02<00:10, 60.85it/s]
 22%|██▏       | 170/782 [00:02<00:10, 60.95it/s]
 23%|██▎       | 177/782 [00:02<00:09, 61.07it/s]
 24%|██▎       | 184/782 [00:03<00:09, 61.06it/s]
 24%|██▍       | 191/782 [00:03<00:09, 60.91it/s]
 25%|██▌       | 198/782 [00:03<00:09, 60.78it/s]
 26%|██▌       | 205/782 [00:03<00:09, 61.29it/s]
 27%|██▋       | 212/782 [00:03<00:09, 61.51it/s]
 28%|██▊       | 219/782 [00:03<00:09, 61.74it/s]
 29%|██▉       | 226/782 [00:03<00:09, 61.60it/s]
 30%|██▉       | 233/782 [00:03<00:08, 61.70it/s]
 31%|███       | 240/782 [00:03<00:08, 61.66it/s]
 32%|███▏      | 247/782 [00:04<00:08, 61.10it/s]
 32%|███▏      | 254/782 [00:04<00:08, 61.26it/s]
 33%|███▎      | 261/782 [00:04<00:08, 60.49it/s]
 34%|███▍      | 268/782 [00:04<00:08, 60.80it/s]
 35%|███▌      | 275/782 [00:04<00:08, 60.94it/s]
 36%|███▌      | 282/782 [00:04<00:08, 60.59it/s]
 37%|███▋      | 289/782 [00:04<00:08, 61.01it/s]
 38%|███▊      | 296/782 [00:04<00:08, 60.69it/s]
 39%|███▊      | 303/782 [00:04<00:07, 61.28it/s]
 40%|███▉      | 310/782 [00:05<00:07, 61.92it/s]
 41%|████      | 317/782 [00:05<00:07, 61.71it/s]
 41%|████▏     | 324/782 [00:05<00:07, 61.71it/s]
 42%|████▏     | 331/782 [00:05<00:07, 61.82it/s]
 43%|████▎     | 338/782 [00:05<00:07, 61.35it/s]
 44%|████▍     | 345/782 [00:05<00:07, 61.22it/s]
 45%|████▌     | 352/782 [00:05<00:07, 60.86it/s]
 46%|████▌     | 359/782 [00:05<00:06, 61.35it/s]
 47%|████▋     | 366/782 [00:06<00:06, 61.47it/s]
 48%|████▊     | 373/782 [00:06<00:06, 61.73it/s]
 49%|████▊     | 380/782 [00:06<00:06, 61.39it/s]
 49%|████▉     | 387/782 [00:06<00:06, 60.65it/s]
 50%|█████     | 394/782 [00:06<00:06, 60.88it/s]
 51%|█████▏    | 401/782 [00:06<00:06, 60.74it/s]
 52%|█████▏    | 408/782 [00:06<00:06, 61.37it/s]
 53%|█████▎    | 415/782 [00:06<00:05, 61.57it/s]
 54%|█████▍    | 422/782 [00:06<00:05, 61.41it/s]
 55%|█████▍    | 429/782 [00:07<00:05, 62.08it/s]
 56%|█████▌    | 436/782 [00:07<00:05, 62.07it/s]
 57%|█████▋    | 443/782 [00:07<00:05, 61.47it/s]
 58%|█████▊    | 450/782 [00:07<00:05, 61.81it/s]
 58%|█████▊    | 457/782 [00:07<00:05, 62.16it/s]
 59%|█████▉    | 464/782 [00:07<00:05, 61.83it/s]
 60%|██████    | 471/782 [00:07<00:05, 61.32it/s]
 61%|██████    | 478/782 [00:07<00:04, 61.12it/s]
 62%|██████▏   | 485/782 [00:07<00:04, 61.20it/s]
 63%|██████▎   | 492/782 [00:08<00:04, 60.99it/s]
 64%|██████▍   | 499/782 [00:08<00:04, 60.86it/s]
 65%|██████▍   | 506/782 [00:08<00:04, 60.97it/s]
 66%|██████▌   | 513/782 [00:08<00:04, 60.81it/s]
 66%|██████▋   | 520/782 [00:08<00:04, 60.83it/s]
 67%|██████▋   | 527/782 [00:08<00:04, 61.61it/s]
 68%|██████▊   | 534/782 [00:08<00:04, 61.08it/s]
 69%|██████▉   | 541/782 [00:08<00:03, 61.26it/s]
 70%|███████   | 548/782 [00:08<00:03, 61.39it/s]
 71%|███████   | 555/782 [00:09<00:03, 61.12it/s]
 72%|███████▏  | 562/782 [00:09<00:03, 61.07it/s]
 73%|███████▎  | 569/782 [00:09<00:03, 61.60it/s]
 74%|███████▎  | 576/782 [00:09<00:03, 62.29it/s]
 75%|███████▍  | 583/782 [00:09<00:03, 61.48it/s]
 75%|███████▌  | 590/782 [00:09<00:03, 62.23it/s]
 76%|███████▋  | 597/782 [00:09<00:02, 62.49it/s]
 77%|███████▋  | 604/782 [00:09<00:02, 62.02it/s]
 78%|███████▊  | 611/782 [00:10<00:02, 61.60it/s]
 79%|███████▉  | 618/782 [00:10<00:02, 61.35it/s]
 80%|███████▉  | 625/782 [00:10<00:02, 62.24it/s]
 81%|████████  | 632/782 [00:10<00:02, 62.00it/s]
 82%|████████▏ | 639/782 [00:10<00:02, 62.44it/s]
 83%|████████▎ | 646/782 [00:10<00:02, 62.00it/s]
 84%|████████▎ | 653/782 [00:10<00:02, 61.94it/s]
 84%|████████▍ | 660/782 [00:10<00:01, 61.70it/s]
 85%|████████▌ | 667/782 [00:10<00:01, 61.24it/s]
 86%|████████▌ | 674/782 [00:11<00:01, 61.46it/s]
 87%|████████▋ | 681/782 [00:11<00:01, 60.91it/s]
 88%|████████▊ | 688/782 [00:11<00:01, 61.24it/s]
 89%|████████▉ | 695/782 [00:11<00:01, 61.42it/s]
 90%|████████▉ | 702/782 [00:11<00:01, 60.94it/s]
 91%|█████████ | 709/782 [00:11<00:01, 60.71it/s]
 92%|█████████▏| 716/782 [00:11<00:01, 60.73it/s]
 92%|█████████▏| 723/782 [00:11<00:00, 60.45it/s]
 93%|█████████▎| 730/782 [00:11<00:00, 60.79it/s]
 94%|█████████▍| 737/782 [00:12<00:00, 60.94it/s]
 95%|█████████▌| 744/782 [00:12<00:00, 61.41it/s]
 96%|█████████▌| 751/782 [00:12<00:00, 61.26it/s]
 97%|█████████▋| 758/782 [00:12<00:00, 60.48it/s]
 98%|█████████▊| 765/782 [00:12<00:00, 60.45it/s]
 99%|█████████▊| 772/782 [00:12<00:00, 60.34it/s]
100%|█████████▉| 779/782 [00:12<00:00, 59.80it/s]
100%|██████████| 782/782 [00:12<00:00, 60.91it/s]
Model instantiation succeeded.
The training environment is set up successfully, using the following device: cuda.
Simulated training data created successfully.
Training step executed successfully.
  Train Loss: 2.2720, Test Loss: 2.2709
  Train Acc: 0.1414, Test Acc: 0.1396
  LR: 0.000001, Grad Norm: 0.2896, Throughput: 1904.4 samples/s
accuracy_to_time_metric 0.1508212730079283
  - Saved stats (fallback) to: /a/mm/ab/gpt/brute/ga/meta_evolution/stats_cifar10/img-classification_cifar-10_acc_GenFractalNet-bd94e92c9ce82444c3e96a63ad2f23ee/1.json
  - Model persisted to ga_fractal_arch_cifar10/ (stats verified: 1 JSON file(s))

  ========================================
  >>> FITNESS SCORE: 13.96%  (source: hyperparameters.accuracy, checksum: bd94e92c9ce82444c3e96a63ad2f23ee)
  ========================================

  Evaluating Individual 14/20 ---- Generation: 7/10
  - Evaluating unique arch (checksum: 09a712e1...)
Evaluating /a/mm/out_nneval_tmp_pid_1977/nn/tmp/GenFractalNet-09a712e13c362a1efb2b12a2c1b3a07d-3671e7749006d44e84247e147917329b.py...
epoch 1

  0%|          | 0/782 [00:00<?, ?it/s]
  1%|          | 9/782 [00:00<00:08, 88.76it/s]
  3%|▎         | 24/782 [00:00<00:06, 120.77it/s]
  5%|▍         | 39/782 [00:00<00:05, 130.81it/s]
  7%|▋         | 54/782 [00:00<00:05, 135.21it/s]
  9%|▉         | 69/782 [00:00<00:05, 137.89it/s]
 11%|█         | 84/782 [00:00<00:05, 139.42it/s]
 13%|█▎        | 99/782 [00:00<00:04, 140.65it/s]
 15%|█▍        | 114/782 [00:00<00:04, 141.14it/s]
 16%|█▋        | 129/782 [00:00<00:04, 141.47it/s]
 18%|█▊        | 144/782 [00:01<00:04, 141.71it/s]
 20%|██        | 159/782 [00:01<00:04, 141.61it/s]
 22%|██▏       | 174/782 [00:01<00:04, 141.69it/s]
 24%|██▍       | 189/782 [00:01<00:04, 141.92it/s]
 26%|██▌       | 204/782 [00:01<00:04, 141.91it/s]
 28%|██▊       | 219/782 [00:01<00:03, 141.58it/s]
 30%|██▉       | 234/782 [00:01<00:03, 141.49it/s]
 32%|███▏      | 249/782 [00:01<00:03, 141.72it/s]
 34%|███▍      | 264/782 [00:01<00:03, 141.46it/s]
 36%|███▌      | 279/782 [00:02<00:03, 141.72it/s]
 38%|███▊      | 294/782 [00:02<00:03, 141.59it/s]
 40%|███▉      | 309/782 [00:02<00:03, 137.59it/s]
 41%|████▏     | 324/782 [00:02<00:03, 138.77it/s]
 43%|████▎     | 339/782 [00:02<00:03, 139.78it/s]
 45%|████▌     | 354/782 [00:02<00:03, 140.41it/s]
 47%|████▋     | 369/782 [00:02<00:02, 140.99it/s]
 49%|████▉     | 384/782 [00:02<00:02, 141.45it/s]
 51%|█████     | 399/782 [00:02<00:02, 142.23it/s]
 53%|█████▎    | 414/782 [00:02<00:02, 142.94it/s]
 55%|█████▍    | 429/782 [00:03<00:02, 142.79it/s]
 57%|█████▋    | 444/782 [00:03<00:02, 142.58it/s]
 59%|█████▊    | 459/782 [00:03<00:02, 141.85it/s]
 61%|██████    | 474/782 [00:03<00:02, 141.17it/s]
 63%|██████▎   | 489/782 [00:03<00:02, 140.96it/s]
 64%|██████▍   | 504/782 [00:03<00:01, 140.37it/s]
 66%|██████▋   | 519/782 [00:03<00:01, 139.56it/s]
 68%|██████▊   | 533/782 [00:03<00:01, 139.13it/s]
 70%|██████▉   | 547/782 [00:03<00:01, 138.69it/s]
 72%|███████▏  | 561/782 [00:04<00:01, 138.15it/s]
 74%|███████▎  | 575/782 [00:04<00:01, 137.93it/s]
 75%|███████▌  | 589/782 [00:04<00:01, 138.02it/s]
 77%|███████▋  | 603/782 [00:04<00:01, 137.65it/s]
 79%|███████▉  | 617/782 [00:04<00:01, 137.59it/s]
 81%|████████  | 631/782 [00:04<00:01, 136.36it/s]
 82%|████████▏ | 645/782 [00:04<00:01, 136.08it/s]
 84%|████████▍ | 659/782 [00:04<00:00, 136.72it/s]
 86%|████████▌ | 673/782 [00:04<00:00, 137.36it/s]
 88%|████████▊ | 687/782 [00:04<00:00, 137.08it/s]
 90%|████████▉ | 701/782 [00:05<00:00, 137.37it/s]
 91%|█████████▏| 715/782 [00:05<00:00, 137.98it/s]
 93%|█████████▎| 729/782 [00:05<00:00, 138.46it/s]
 95%|█████████▌| 743/782 [00:05<00:00, 138.74it/s]
 97%|█████████▋| 758/782 [00:05<00:00, 139.16it/s]
 99%|█████████▊| 772/782 [00:05<00:00, 139.22it/s]
100%|██████████| 782/782 [00:05<00:00, 138.56it/s]
Model instantiation succeeded.
The training environment is set up successfully, using the following device: cuda.
Simulated training data created successfully.
Training step executed successfully.
  Train Loss: 1.6261, Test Loss: 1.6263
  Train Acc: 0.4041, Test Acc: 0.4004
  LR: 0.000000, Grad Norm: 0.7032, Throughput: 2614.9 samples/s
accuracy_to_time_metric 1.5709848706065133
  - Saved stats (fallback) to: /a/mm/ab/gpt/brute/ga/meta_evolution/stats_cifar10/img-classification_cifar-10_acc_GenFractalNet-09a712e13c362a1efb2b12a2c1b3a07d/1.json
  - Model persisted to ga_fractal_arch_cifar10/ (stats verified: 1 JSON file(s))

  ========================================
  >>> FITNESS SCORE: 40.04%  (source: hyperparameters.accuracy, checksum: 09a712e13c362a1efb2b12a2c1b3a07d)
  ========================================

  Evaluating Individual 15/20 ---- Generation: 7/10
  - Evaluating unique arch (checksum: ec1fd29e...)
Evaluating /a/mm/out_nneval_tmp_pid_1977/nn/tmp/GenFractalNet-ec1fd29ee6d8f172a372a4d7f3fb91bf-54273ae833b29e99f0b11b7b166b3aad.py...
epoch 1

  0%|          | 0/782 [00:00<?, ?it/s]
  1%|          | 5/782 [00:00<00:16, 48.38it/s]
  2%|▏         | 16/782 [00:00<00:09, 80.78it/s]
  3%|▎         | 27/782 [00:00<00:08, 91.50it/s]
  5%|▍         | 38/782 [00:00<00:07, 96.15it/s]
  6%|▋         | 49/782 [00:00<00:07, 98.70it/s]
  8%|▊         | 60/782 [00:00<00:07, 99.52it/s]
  9%|▉         | 71/782 [00:00<00:07, 100.00it/s]
 10%|█         | 82/782 [00:00<00:06, 101.21it/s]
 12%|█▏        | 93/782 [00:00<00:06, 102.06it/s]
 13%|█▎        | 104/782 [00:01<00:06, 101.15it/s]
 15%|█▍        | 115/782 [00:01<00:06, 101.88it/s]
 16%|█▌        | 126/782 [00:01<00:06, 102.40it/s]
 18%|█▊        | 137/782 [00:01<00:06, 101.88it/s]
 19%|█▉        | 148/782 [00:01<00:06, 102.11it/s]
 20%|██        | 159/782 [00:01<00:06, 101.82it/s]
 22%|██▏       | 170/782 [00:01<00:06, 101.97it/s]
 23%|██▎       | 181/782 [00:01<00:05, 101.99it/s]
 25%|██▍       | 192/782 [00:01<00:05, 102.61it/s]
 26%|██▌       | 203/782 [00:02<00:05, 102.68it/s]
 27%|██▋       | 214/782 [00:02<00:05, 102.42it/s]
 29%|██▉       | 225/782 [00:02<00:05, 102.18it/s]
 30%|███       | 236/782 [00:02<00:05, 101.52it/s]
 32%|███▏      | 247/782 [00:02<00:05, 101.83it/s]
 33%|███▎      | 258/782 [00:02<00:05, 101.90it/s]
 34%|███▍      | 269/782 [00:02<00:05, 101.84it/s]
 36%|███▌      | 280/782 [00:02<00:04, 102.48it/s]
 37%|███▋      | 291/782 [00:02<00:04, 103.17it/s]
 39%|███▊      | 302/782 [00:02<00:04, 103.89it/s]
 40%|████      | 313/782 [00:03<00:04, 103.04it/s]
 41%|████▏     | 324/782 [00:03<00:04, 102.64it/s]
 43%|████▎     | 335/782 [00:03<00:04, 101.62it/s]
 44%|████▍     | 346/782 [00:03<00:04, 102.08it/s]
 46%|████▌     | 357/782 [00:03<00:04, 102.71it/s]
 47%|████▋     | 368/782 [00:03<00:04, 103.04it/s]
 48%|████▊     | 379/782 [00:03<00:03, 102.23it/s]
 50%|████▉     | 390/782 [00:03<00:03, 101.93it/s]
 51%|█████▏    | 401/782 [00:03<00:03, 101.49it/s]
 53%|█████▎    | 412/782 [00:04<00:03, 101.93it/s]
 54%|█████▍    | 423/782 [00:04<00:03, 102.25it/s]
 55%|█████▌    | 434/782 [00:04<00:03, 101.80it/s]
 57%|█████▋    | 445/782 [00:04<00:03, 100.35it/s]
 58%|█████▊    | 456/782 [00:04<00:03, 101.12it/s]
 60%|█████▉    | 467/782 [00:04<00:03, 102.05it/s]
 61%|██████    | 478/782 [00:04<00:03, 101.06it/s]
 63%|██████▎   | 489/782 [00:04<00:02, 101.32it/s]
 64%|██████▍   | 500/782 [00:04<00:02, 101.84it/s]
 65%|██████▌   | 511/782 [00:05<00:02, 101.46it/s]
 67%|██████▋   | 522/782 [00:05<00:02, 101.53it/s]
 68%|██████▊   | 533/782 [00:05<00:02, 101.69it/s]
 70%|██████▉   | 544/782 [00:05<00:02, 102.05it/s]
 71%|███████   | 555/782 [00:05<00:02, 101.76it/s]
 72%|███████▏  | 566/782 [00:05<00:02, 102.25it/s]
 74%|███████▍  | 577/782 [00:05<00:02, 101.98it/s]
 75%|███████▌  | 588/782 [00:05<00:01, 102.24it/s]
 77%|███████▋  | 599/782 [00:05<00:01, 102.24it/s]
 78%|███████▊  | 610/782 [00:06<00:01, 101.05it/s]
 79%|███████▉  | 621/782 [00:06<00:01, 101.32it/s]
 81%|████████  | 632/782 [00:06<00:01, 101.34it/s]
 82%|████████▏ | 643/782 [00:06<00:01, 100.72it/s]
 84%|████████▎ | 654/782 [00:06<00:01, 100.50it/s]
 85%|████████▌ | 665/782 [00:06<00:01, 101.13it/s]
 86%|████████▋ | 676/782 [00:06<00:01, 101.87it/s]
 88%|████████▊ | 687/782 [00:06<00:00, 101.81it/s]
 89%|████████▉ | 698/782 [00:06<00:00, 101.85it/s]
 91%|█████████ | 709/782 [00:07<00:00, 102.00it/s]
 92%|█████████▏| 720/782 [00:07<00:00, 102.49it/s]
 93%|█████████▎| 731/782 [00:07<00:00, 102.91it/s]
 95%|█████████▍| 742/782 [00:07<00:00, 102.18it/s]
 96%|█████████▋| 753/782 [00:07<00:00, 103.05it/s]
 98%|█████████▊| 764/782 [00:07<00:00, 103.73it/s]
 99%|█████████▉| 775/782 [00:07<00:00, 103.05it/s]
100%|██████████| 782/782 [00:07<00:00, 101.03it/s]
Traceback (most recent call last):
  File "/a/mm/ab/gpt/brute/ga/meta_evolution/run_fractal_evolution.py", line 253, in fitness_function
    result = evaluator.evaluate(filepath)
             ^^^^^^^^^^^^^^^^^^^^^^^^^^^^
  File "/a/mm/ab/gpt/util/Eval.py", line 107, in evaluate
    return api.check_nn(
           ^^^^^^^^^^^^^
  File "/a/mm/ab/nn/api.py", line 105, in check_nn
    return Train.train_new(nn_code, task, dataset, metric, prm, save_to_db=save_to_db, prefix=prefix, save_path=save_path, export_onnx=export_onnx,
           ^^^^^^^^^^^^^^^^^^^^^^^^^^^^^^^^^^^^^^^^^^^^^^^^^^^^^^^^^^^^^^^^^^^^^^^^^^^^^^^^^^^^^^^^^^^^^^^^^^^^^^^^^^^^^^^^^^^^^^^^^^^^^^^^^^^^^^^^
  File "/a/mm/ab/nn/util/Train.py", line 553, in train_new
    accuracy, accuracy_to_time, duration = trainer.train_n_eval(epoch, epoch_limit_minutes, False, export_onnx, train_set, save_path=save_path)
                                           ^^^^^^^^^^^^^^^^^^^^^^^^^^^^^^^^^^^^^^^^^^^^^^^^^^^^^^^^^^^^^^^^^^^^^^^^^^^^^^^^^^^^^^^^^^^^^^^^^^^^
  File "/a/mm/ab/nn/util/Train.py", line 367, in train_n_eval
    raise AccuracyException(accuracy, duration,
ab.nn.util.Exception.AccuracyException: (0.1055, 21095679735, "Accuracy is too low: 0.1055. The minimum accepted accuracy for the 'cifar-10' dataset is 0.1.")
Model instantiation succeeded.
The training environment is set up successfully, using the following device: cuda.
Simulated training data created successfully.
Training step executed successfully.
  Train Loss: 2.5603, Test Loss: 2.5823
  Train Acc: 0.1064, Test Acc: 0.1055
  LR: 0.000001, Grad Norm: 0.2343, Throughput: 2370.2 samples/s
accuracy_to_time_metric 0.02607168893863562
Error during training: (0.1055, 21095679735, "Accuracy is too low: 0.1055. The minimum accepted accuracy for the 'cifar-10' dataset is 0.1.")
Eval Fail: (0.1055, 21095679735, "Accuracy is too low: 0.1055. The minimum accepted accuracy for the 'cifar-10' dataset is 0.1.")
  - Cleaned up temp file: /a/mm/ab/gpt/brute/ga/meta_evolution/ga_fractal_arch_cifar10/_tmp_GenFractalNet-ec1fd29ee6d8f172a372a4d7f3fb91bf.py
  Evaluating Individual 16/20 ---- Generation: 7/10
  - Evaluating unique arch (checksum: 2cb59e2d...)
Evaluating /a/mm/out_nneval_tmp_pid_1977/nn/tmp/GenFractalNet-2cb59e2ddca740cf80543853b5ca5eb5-05f2897c3b8da78e9890a6364ef65cf2.py...
epoch 1

  0%|          | 0/782 [00:00<?, ?it/s]
  1%|          | 8/782 [00:00<00:09, 79.05it/s]
  3%|▎         | 23/782 [00:00<00:06, 116.51it/s]
  5%|▍         | 38/782 [00:00<00:05, 128.20it/s]
  7%|▋         | 53/782 [00:00<00:05, 133.95it/s]
  9%|▊         | 67/782 [00:00<00:05, 132.21it/s]
 10%|█         | 81/782 [00:00<00:05, 133.03it/s]
 12%|█▏        | 95/782 [00:00<00:05, 134.83it/s]
 14%|█▍        | 109/782 [00:00<00:04, 136.24it/s]
 16%|█▌        | 123/782 [00:00<00:04, 137.00it/s]
 18%|█▊        | 138/782 [00:01<00:04, 138.25it/s]
 20%|█▉        | 153/782 [00:01<00:04, 139.36it/s]
 21%|██▏       | 168/782 [00:01<00:04, 139.72it/s]
 23%|██▎       | 183/782 [00:01<00:04, 140.32it/s]
 25%|██▌       | 198/782 [00:01<00:04, 141.02it/s]
 27%|██▋       | 213/782 [00:01<00:04, 141.32it/s]
 29%|██▉       | 228/782 [00:01<00:03, 141.02it/s]
 31%|███       | 243/782 [00:01<00:03, 141.23it/s]
 33%|███▎      | 258/782 [00:01<00:03, 141.24it/s]
 35%|███▍      | 273/782 [00:01<00:03, 141.72it/s]
 37%|███▋      | 288/782 [00:02<00:03, 141.48it/s]
 39%|███▊      | 303/782 [00:02<00:03, 141.65it/s]
 41%|████      | 318/782 [00:02<00:03, 141.58it/s]
 43%|████▎     | 333/782 [00:02<00:03, 140.65it/s]
 45%|████▍     | 348/782 [00:02<00:03, 140.06it/s]
 46%|████▋     | 363/782 [00:02<00:02, 139.95it/s]
 48%|████▊     | 377/782 [00:02<00:02, 139.57it/s]
 50%|█████     | 392/782 [00:02<00:02, 140.09it/s]
 52%|█████▏    | 407/782 [00:02<00:02, 140.03it/s]
 54%|█████▍    | 422/782 [00:03<00:02, 139.99it/s]
 56%|█████▌    | 436/782 [00:03<00:02, 139.76it/s]
 58%|█████▊    | 451/782 [00:03<00:02, 139.99it/s]
 60%|█████▉    | 466/782 [00:03<00:02, 140.20it/s]
 62%|██████▏   | 481/782 [00:03<00:02, 140.69it/s]
 63%|██████▎   | 496/782 [00:03<00:02, 140.28it/s]
 65%|██████▌   | 511/782 [00:03<00:01, 140.47it/s]
 67%|██████▋   | 526/782 [00:03<00:01, 140.69it/s]
 69%|██████▉   | 541/782 [00:03<00:01, 141.06it/s]
 71%|███████   | 556/782 [00:04<00:01, 141.09it/s]
 73%|███████▎  | 571/782 [00:04<00:01, 141.20it/s]
 75%|███████▍  | 586/782 [00:04<00:01, 139.83it/s]
 77%|███████▋  | 600/782 [00:04<00:01, 138.99it/s]
 79%|███████▊  | 614/782 [00:04<00:01, 139.22it/s]
 80%|████████  | 629/782 [00:04<00:01, 139.60it/s]
 82%|████████▏ | 644/782 [00:04<00:00, 140.21it/s]
 84%|████████▍ | 659/782 [00:04<00:00, 141.00it/s]
 86%|████████▌ | 674/782 [00:04<00:00, 141.47it/s]
 88%|████████▊ | 689/782 [00:04<00:00, 141.78it/s]
 90%|█████████ | 704/782 [00:05<00:00, 142.20it/s]
 92%|█████████▏| 719/782 [00:05<00:00, 142.40it/s]
 94%|█████████▍| 734/782 [00:05<00:00, 142.73it/s]
 96%|█████████▌| 749/782 [00:05<00:00, 142.61it/s]
 98%|█████████▊| 764/782 [00:05<00:00, 142.84it/s]
100%|█████████▉| 779/782 [00:05<00:00, 142.69it/s]
100%|██████████| 782/782 [00:05<00:00, 138.84it/s]
Model instantiation succeeded.
The training environment is set up successfully, using the following device: cuda.
Simulated training data created successfully.
Training step executed successfully.
  Train Loss: 1.4665, Test Loss: 1.4613
  Train Acc: 0.4768, Test Acc: 0.4758
  LR: 0.000000, Grad Norm: 3.1371, Throughput: 2622.9 samples/s
accuracy_to_time_metric 1.9713237377451154
  - Saved stats (fallback) to: /a/mm/ab/gpt/brute/ga/meta_evolution/stats_cifar10/img-classification_cifar-10_acc_GenFractalNet-2cb59e2ddca740cf80543853b5ca5eb5/1.json
  - Model persisted to ga_fractal_arch_cifar10/ (stats verified: 1 JSON file(s))

  ========================================
  >>> FITNESS SCORE: 47.58%  (source: hyperparameters.accuracy, checksum: 2cb59e2ddca740cf80543853b5ca5eb5)
  ========================================

  Evaluating Individual 17/20 ---- Generation: 7/10
  - Evaluating unique arch (checksum: e6ca6349...)
Evaluating /a/mm/out_nneval_tmp_pid_1977/nn/tmp/GenFractalNet-e6ca6349541ccbcc2f962b6e2050947e-5b6015bfe337883d72f5c963e46a8a46.py...
epoch 1

  0%|          | 0/782 [00:00<?, ?it/s]
  1%|          | 9/782 [00:00<00:09, 84.58it/s]
  3%|▎         | 24/782 [00:00<00:06, 118.16it/s]
  5%|▍         | 39/782 [00:00<00:05, 129.33it/s]
  7%|▋         | 54/782 [00:00<00:05, 134.43it/s]
  9%|▉         | 69/782 [00:00<00:05, 137.06it/s]
 11%|█         | 83/782 [00:00<00:05, 137.95it/s]
 13%|█▎        | 98/782 [00:00<00:04, 139.36it/s]
 14%|█▍        | 113/782 [00:00<00:04, 140.19it/s]
 16%|█▋        | 128/782 [00:00<00:04, 140.97it/s]
 18%|█▊        | 143/782 [00:01<00:04, 141.43it/s]
 20%|██        | 158/782 [00:01<00:04, 141.69it/s]
 22%|██▏       | 173/782 [00:01<00:04, 141.77it/s]
 24%|██▍       | 188/782 [00:01<00:04, 141.72it/s]
 26%|██▌       | 203/782 [00:01<00:04, 141.97it/s]
 28%|██▊       | 218/782 [00:01<00:03, 141.81it/s]
 30%|██▉       | 233/782 [00:01<00:03, 138.98it/s]
 32%|███▏      | 247/782 [00:01<00:03, 138.27it/s]
 34%|███▎      | 262/782 [00:01<00:03, 139.41it/s]
 35%|███▌      | 277/782 [00:02<00:03, 140.02it/s]
 37%|███▋      | 292/782 [00:02<00:03, 140.33it/s]
 39%|███▉      | 307/782 [00:02<00:03, 140.84it/s]
 41%|████      | 322/782 [00:02<00:03, 141.02it/s]
 43%|████▎     | 337/782 [00:02<00:03, 141.38it/s]
 45%|████▌     | 352/782 [00:02<00:03, 141.07it/s]
 47%|████▋     | 367/782 [00:02<00:02, 141.26it/s]
 49%|████▉     | 382/782 [00:02<00:02, 141.18it/s]
 51%|█████     | 397/782 [00:02<00:02, 141.29it/s]
 53%|█████▎    | 412/782 [00:02<00:02, 140.92it/s]
 55%|█████▍    | 427/782 [00:03<00:02, 141.37it/s]
 57%|█████▋    | 442/782 [00:03<00:02, 141.24it/s]
 58%|█████▊    | 457/782 [00:03<00:02, 138.96it/s]
 60%|██████    | 472/782 [00:03<00:02, 139.66it/s]
 62%|██████▏   | 487/782 [00:03<00:02, 139.90it/s]
 64%|██████▍   | 502/782 [00:03<00:01, 140.12it/s]
 66%|██████▌   | 517/782 [00:03<00:01, 140.42it/s]
 68%|██████▊   | 532/782 [00:03<00:01, 139.94it/s]
 70%|██████▉   | 547/782 [00:03<00:01, 140.15it/s]
 72%|███████▏  | 562/782 [00:04<00:01, 139.04it/s]
 74%|███████▍  | 577/782 [00:04<00:01, 139.75it/s]
 76%|███████▌  | 592/782 [00:04<00:01, 140.33it/s]
 78%|███████▊  | 607/782 [00:04<00:01, 140.68it/s]
 80%|███████▉  | 622/782 [00:04<00:01, 140.72it/s]
 81%|████████▏ | 637/782 [00:04<00:01, 140.80it/s]
 83%|████████▎ | 652/782 [00:04<00:00, 140.84it/s]
 85%|████████▌ | 667/782 [00:04<00:00, 141.26it/s]
 87%|████████▋ | 682/782 [00:04<00:00, 141.39it/s]
 89%|████████▉ | 697/782 [00:04<00:00, 141.43it/s]
 91%|█████████ | 712/782 [00:05<00:00, 141.61it/s]
 93%|█████████▎| 727/782 [00:05<00:00, 141.62it/s]
 95%|█████████▍| 742/782 [00:05<00:00, 140.52it/s]
 97%|█████████▋| 757/782 [00:05<00:00, 140.15it/s]
 99%|█████████▊| 772/782 [00:05<00:00, 140.75it/s]
100%|██████████| 782/782 [00:05<00:00, 138.97it/s]
Model instantiation succeeded.
The training environment is set up successfully, using the following device: cuda.
Simulated training data created successfully.
Training step executed successfully.
  Train Loss: 1.7062, Test Loss: 1.7038
  Train Acc: 0.3959, Test Acc: 0.3928
  LR: 0.000000, Grad Norm: 5.0000, Throughput: 2612.6 samples/s
accuracy_to_time_metric 1.5298943608273023
  - Saved stats (fallback) to: /a/mm/ab/gpt/brute/ga/meta_evolution/stats_cifar10/img-classification_cifar-10_acc_GenFractalNet-e6ca6349541ccbcc2f962b6e2050947e/1.json
  - Model persisted to ga_fractal_arch_cifar10/ (stats verified: 1 JSON file(s))

  ========================================
  >>> FITNESS SCORE: 39.28%  (source: hyperparameters.accuracy, checksum: e6ca6349541ccbcc2f962b6e2050947e)
  ========================================

  Evaluating Individual 18/20 ---- Generation: 7/10
  - Evaluating unique arch (checksum: 14a03cb1...)
Evaluating /a/mm/out_nneval_tmp_pid_1977/nn/tmp/GenFractalNet-14a03cb12e8d3b2759c5430e4ea21a18-15ed950fa05f82373d4e837979325676.py...
epoch 1

  0%|          | 0/782 [00:00<?, ?it/s]
  1%|          | 6/782 [00:00<00:13, 56.16it/s]
  3%|▎         | 21/782 [00:00<00:07, 106.18it/s]
  5%|▍         | 36/782 [00:00<00:06, 121.91it/s]
  7%|▋         | 51/782 [00:00<00:05, 129.97it/s]
  8%|▊         | 66/782 [00:00<00:05, 134.69it/s]
 10%|█         | 81/782 [00:00<00:05, 137.54it/s]
 12%|█▏        | 96/782 [00:00<00:04, 139.15it/s]
 14%|█▍        | 111/782 [00:00<00:04, 140.14it/s]
 16%|█▌        | 126/782 [00:00<00:04, 140.73it/s]
 18%|█▊        | 141/782 [00:01<00:04, 141.51it/s]
 20%|█▉        | 156/782 [00:01<00:04, 141.71it/s]
 22%|██▏       | 171/782 [00:01<00:04, 142.27it/s]
 24%|██▍       | 186/782 [00:01<00:04, 142.42it/s]
 26%|██▌       | 201/782 [00:01<00:04, 142.55it/s]
 28%|██▊       | 216/782 [00:01<00:03, 142.43it/s]
 30%|██▉       | 231/782 [00:01<00:03, 142.63it/s]
 31%|███▏      | 246/782 [00:01<00:03, 142.91it/s]
 33%|███▎      | 261/782 [00:01<00:03, 142.67it/s]
 35%|███▌      | 276/782 [00:02<00:03, 142.76it/s]
 37%|███▋      | 291/782 [00:02<00:03, 142.42it/s]
 39%|███▉      | 306/782 [00:02<00:03, 142.67it/s]
 41%|████      | 321/782 [00:02<00:03, 142.82it/s]
 43%|████▎     | 336/782 [00:02<00:03, 142.68it/s]
 45%|████▍     | 351/782 [00:02<00:03, 142.62it/s]
 47%|████▋     | 366/782 [00:02<00:02, 142.86it/s]
 49%|████▊     | 381/782 [00:02<00:02, 142.28it/s]
 51%|█████     | 396/782 [00:02<00:02, 142.55it/s]
 53%|█████▎    | 411/782 [00:02<00:02, 142.65it/s]
 54%|█████▍    | 426/782 [00:03<00:02, 142.60it/s]
 56%|█████▋    | 441/782 [00:03<00:02, 142.81it/s]
 58%|█████▊    | 456/782 [00:03<00:02, 142.54it/s]
 60%|██████    | 471/782 [00:03<00:02, 142.38it/s]
 62%|██████▏   | 486/782 [00:03<00:02, 142.64it/s]
 64%|██████▍   | 501/782 [00:03<00:01, 142.67it/s]
 66%|██████▌   | 516/782 [00:03<00:01, 142.57it/s]
 68%|██████▊   | 531/782 [00:03<00:01, 141.31it/s]
 70%|██████▉   | 546/782 [00:03<00:01, 140.60it/s]
 72%|███████▏  | 561/782 [00:04<00:01, 141.37it/s]
 74%|███████▎  | 576/782 [00:04<00:01, 142.07it/s]
 76%|███████▌  | 591/782 [00:04<00:01, 141.90it/s]
 77%|███████▋  | 606/782 [00:04<00:01, 142.35it/s]
 79%|███████▉  | 621/782 [00:04<00:01, 142.93it/s]
 81%|████████▏ | 636/782 [00:04<00:01, 143.10it/s]
 83%|████████▎ | 651/782 [00:04<00:00, 143.53it/s]
 85%|████████▌ | 666/782 [00:04<00:00, 143.58it/s]
 87%|████████▋ | 681/782 [00:04<00:00, 143.82it/s]
 89%|████████▉ | 696/782 [00:04<00:00, 143.72it/s]
 91%|█████████ | 711/782 [00:05<00:00, 143.67it/s]
 93%|█████████▎| 726/782 [00:05<00:00, 143.84it/s]
 95%|█████████▍| 741/782 [00:05<00:00, 142.92it/s]
 97%|█████████▋| 756/782 [00:05<00:00, 138.87it/s]
 99%|█████████▊| 771/782 [00:05<00:00, 139.97it/s]
100%|██████████| 782/782 [00:05<00:00, 139.96it/s]
Model instantiation succeeded.
The training environment is set up successfully, using the following device: cuda.
Simulated training data created successfully.
Training step executed successfully.
  Train Loss: 1.3158, Test Loss: 1.3235
  Train Acc: 0.5353, Test Acc: 0.5281
  LR: 0.000000, Grad Norm: 0.5151, Throughput: 2638.0 samples/s
accuracy_to_time_metric 2.258642061920828
  - Saved stats (fallback) to: /a/mm/ab/gpt/brute/ga/meta_evolution/stats_cifar10/img-classification_cifar-10_acc_GenFractalNet-14a03cb12e8d3b2759c5430e4ea21a18/1.json
  - Model persisted to ga_fractal_arch_cifar10/ (stats verified: 1 JSON file(s))

  ========================================
  >>> FITNESS SCORE: 52.81%  (source: hyperparameters.accuracy, checksum: 14a03cb12e8d3b2759c5430e4ea21a18)
  ========================================

  Evaluating Individual 19/20 ---- Generation: 7/10
  - Evaluating unique arch (checksum: d9d85bc7...)
Evaluating /a/mm/out_nneval_tmp_pid_1977/nn/tmp/GenFractalNet-d9d85bc77407fe1d54b02f1a4708c80a-db8098ab1a4776a3b08f6ef88fc1be57.py...
epoch 1

  0%|          | 0/782 [00:00<?, ?it/s]
  0%|          | 2/782 [00:00<00:45, 17.14it/s]
  1%|          | 7/782 [00:00<00:23, 32.76it/s]
  2%|▏         | 12/782 [00:00<00:19, 38.72it/s]
  2%|▏         | 17/782 [00:00<00:18, 41.60it/s]
  3%|▎         | 22/782 [00:00<00:17, 43.57it/s]
  3%|▎         | 27/782 [00:00<00:17, 44.15it/s]
  4%|▍         | 32/782 [00:00<00:16, 45.36it/s]
  5%|▍         | 37/782 [00:00<00:16, 45.95it/s]
  5%|▌         | 42/782 [00:00<00:16, 45.49it/s]
  6%|▌         | 47/782 [00:01<00:16, 44.95it/s]
  7%|▋         | 52/782 [00:01<00:16, 45.49it/s]
  7%|▋         | 57/782 [00:01<00:15, 46.18it/s]
  8%|▊         | 62/782 [00:01<00:15, 45.92it/s]
  9%|▊         | 67/782 [00:01<00:15, 45.27it/s]
  9%|▉         | 72/782 [00:01<00:15, 44.97it/s]
 10%|▉         | 77/782 [00:01<00:16, 41.73it/s]
 10%|█         | 82/782 [00:01<00:17, 40.78it/s]
 11%|█         | 87/782 [00:02<00:16, 42.15it/s]
 12%|█▏        | 92/782 [00:02<00:15, 43.34it/s]
 12%|█▏        | 97/782 [00:02<00:15, 43.92it/s]
 13%|█▎        | 102/782 [00:02<00:15, 44.00it/s]
 14%|█▎        | 107/782 [00:02<00:15, 43.82it/s]
 14%|█▍        | 112/782 [00:02<00:15, 44.54it/s]
 15%|█▍        | 117/782 [00:02<00:15, 44.06it/s]
 16%|█▌        | 122/782 [00:02<00:14, 44.44it/s]
 16%|█▌        | 127/782 [00:02<00:14, 45.02it/s]
 17%|█▋        | 132/782 [00:03<00:14, 44.78it/s]
 18%|█▊        | 137/782 [00:03<00:14, 45.08it/s]
 18%|█▊        | 142/782 [00:03<00:14, 44.87it/s]
 19%|█▉        | 147/782 [00:03<00:14, 44.67it/s]
 19%|█▉        | 152/782 [00:03<00:14, 44.76it/s]
 20%|██        | 157/782 [00:03<00:13, 45.83it/s]
 21%|██        | 162/782 [00:03<00:13, 46.14it/s]
 21%|██▏       | 167/782 [00:03<00:13, 45.91it/s]
 22%|██▏       | 172/782 [00:03<00:13, 46.17it/s]
 23%|██▎       | 177/782 [00:04<00:13, 46.19it/s]
 23%|██▎       | 182/782 [00:04<00:12, 46.57it/s]
 24%|██▍       | 187/782 [00:04<00:13, 44.66it/s]
 25%|██▍       | 192/782 [00:04<00:13, 44.05it/s]
 25%|██▌       | 197/782 [00:04<00:12, 45.06it/s]
 26%|██▌       | 202/782 [00:04<00:12, 45.53it/s]
 26%|██▋       | 207/782 [00:04<00:12, 45.22it/s]
 27%|██▋       | 212/782 [00:04<00:12, 45.52it/s]
 28%|██▊       | 217/782 [00:04<00:12, 45.40it/s]
 28%|██▊       | 222/782 [00:05<00:12, 45.59it/s]
 29%|██▉       | 227/782 [00:05<00:12, 45.86it/s]
 30%|██▉       | 232/782 [00:05<00:12, 45.83it/s]
 30%|███       | 237/782 [00:05<00:11, 46.06it/s]
 31%|███       | 242/782 [00:05<00:11, 46.08it/s]
 32%|███▏      | 247/782 [00:05<00:11, 45.60it/s]
 32%|███▏      | 252/782 [00:05<00:11, 45.65it/s]
 33%|███▎      | 257/782 [00:05<00:11, 45.61it/s]
 34%|███▎      | 262/782 [00:05<00:11, 45.00it/s]
 34%|███▍      | 267/782 [00:05<00:11, 45.61it/s]
 35%|███▍      | 272/782 [00:06<00:11, 46.32it/s]
 35%|███▌      | 277/782 [00:06<00:10, 46.11it/s]
 36%|███▌      | 282/782 [00:06<00:11, 45.43it/s]
 37%|███▋      | 287/782 [00:06<00:10, 45.33it/s]
 37%|███▋      | 292/782 [00:06<00:10, 46.01it/s]
 38%|███▊      | 297/782 [00:06<00:10, 45.71it/s]
 39%|███▊      | 302/782 [00:06<00:10, 46.60it/s]
 39%|███▉      | 307/782 [00:06<00:10, 46.25it/s]
 40%|███▉      | 312/782 [00:06<00:10, 45.72it/s]
 41%|████      | 317/782 [00:07<00:10, 45.50it/s]
 41%|████      | 322/782 [00:07<00:09, 46.60it/s]
 42%|████▏     | 327/782 [00:07<00:09, 46.22it/s]
 42%|████▏     | 332/782 [00:07<00:09, 45.78it/s]
 43%|████▎     | 337/782 [00:07<00:09, 45.71it/s]
 44%|████▎     | 342/782 [00:07<00:09, 46.25it/s]
 44%|████▍     | 347/782 [00:07<00:09, 45.94it/s]
 45%|████▌     | 352/782 [00:07<00:09, 46.39it/s]
 46%|████▌     | 357/782 [00:07<00:09, 45.81it/s]
 46%|████▋     | 362/782 [00:08<00:09, 45.66it/s]
 47%|████▋     | 367/782 [00:08<00:09, 45.87it/s]
 48%|████▊     | 372/782 [00:08<00:09, 45.37it/s]
 48%|████▊     | 377/782 [00:08<00:08, 46.00it/s]
 49%|████▉     | 382/782 [00:08<00:08, 45.81it/s]
 49%|████▉     | 387/782 [00:08<00:08, 45.87it/s]
 50%|█████     | 392/782 [00:08<00:08, 45.19it/s]
 51%|█████     | 397/782 [00:08<00:08, 45.04it/s]
 51%|█████▏    | 402/782 [00:08<00:08, 46.12it/s]
 52%|█████▏    | 407/782 [00:09<00:08, 46.04it/s]
 53%|█████▎    | 412/782 [00:09<00:08, 45.96it/s]
 53%|█████▎    | 417/782 [00:09<00:08, 45.08it/s]
 54%|█████▍    | 422/782 [00:09<00:07, 45.52it/s]
 55%|█████▍    | 427/782 [00:09<00:07, 45.08it/s]
 55%|█████▌    | 432/782 [00:09<00:07, 44.53it/s]
 56%|█████▌    | 437/782 [00:09<00:07, 44.64it/s]
 57%|█████▋    | 442/782 [00:09<00:07, 44.86it/s]
 57%|█████▋    | 447/782 [00:09<00:07, 44.95it/s]
 58%|█████▊    | 452/782 [00:10<00:07, 45.50it/s]
 58%|█████▊    | 457/782 [00:10<00:07, 45.80it/s]
 59%|█████▉    | 462/782 [00:10<00:07, 45.68it/s]
 60%|█████▉    | 467/782 [00:10<00:06, 45.91it/s]
 60%|██████    | 472/782 [00:10<00:06, 46.28it/s]
 61%|██████    | 477/782 [00:10<00:06, 45.35it/s]
 62%|██████▏   | 482/782 [00:10<00:06, 45.79it/s]
 62%|██████▏   | 487/782 [00:10<00:06, 45.43it/s]
 63%|██████▎   | 492/782 [00:10<00:06, 44.85it/s]
 64%|██████▎   | 497/782 [00:11<00:06, 45.40it/s]
 64%|██████▍   | 502/782 [00:11<00:06, 45.42it/s]
 65%|██████▍   | 507/782 [00:11<00:06, 45.10it/s]
 65%|██████▌   | 512/782 [00:11<00:05, 45.57it/s]
 66%|██████▌   | 517/782 [00:11<00:05, 45.05it/s]
 67%|██████▋   | 522/782 [00:11<00:05, 45.13it/s]
 67%|██████▋   | 527/782 [00:11<00:05, 45.80it/s]
 68%|██████▊   | 532/782 [00:11<00:05, 45.37it/s]
 69%|██████▊   | 537/782 [00:11<00:05, 45.12it/s]
 69%|██████▉   | 542/782 [00:12<00:05, 45.10it/s]
 70%|██████▉   | 547/782 [00:12<00:05, 44.96it/s]
 71%|███████   | 552/782 [00:12<00:05, 44.70it/s]
 71%|███████   | 557/782 [00:12<00:04, 45.33it/s]
 72%|███████▏  | 562/782 [00:12<00:04, 45.27it/s]
 73%|███████▎  | 567/782 [00:12<00:04, 45.46it/s]
 73%|███████▎  | 572/782 [00:12<00:04, 45.84it/s]
 74%|███████▍  | 577/782 [00:12<00:04, 45.91it/s]
 74%|███████▍  | 582/782 [00:12<00:04, 46.42it/s]
 75%|███████▌  | 587/782 [00:13<00:04, 45.91it/s]
 76%|███████▌  | 592/782 [00:13<00:04, 46.37it/s]
 76%|███████▋  | 597/782 [00:13<00:03, 46.30it/s]
 77%|███████▋  | 602/782 [00:13<00:03, 46.70it/s]
 78%|███████▊  | 607/782 [00:13<00:03, 46.41it/s]
 78%|███████▊  | 612/782 [00:13<00:03, 46.28it/s]
 79%|███████▉  | 617/782 [00:13<00:03, 46.95it/s]
 80%|███████▉  | 622/782 [00:13<00:03, 46.79it/s]
 80%|████████  | 627/782 [00:13<00:03, 46.03it/s]
 81%|████████  | 632/782 [00:13<00:03, 46.51it/s]
 81%|████████▏ | 637/782 [00:14<00:03, 46.20it/s]
 82%|████████▏ | 642/782 [00:14<00:03, 46.23it/s]
 83%|████████▎ | 647/782 [00:14<00:02, 46.05it/s]
 83%|████████▎ | 652/782 [00:14<00:02, 45.20it/s]
 84%|████████▍ | 657/782 [00:14<00:02, 45.01it/s]
 85%|████████▍ | 662/782 [00:14<00:02, 45.86it/s]
 85%|████████▌ | 668/782 [00:14<00:02, 46.97it/s]
 86%|████████▌ | 673/782 [00:14<00:02, 46.87it/s]
 87%|████████▋ | 678/782 [00:14<00:02, 46.68it/s]
 87%|████████▋ | 683/782 [00:15<00:02, 45.76it/s]
 88%|████████▊ | 688/782 [00:15<00:02, 46.27it/s]
 89%|████████▊ | 693/782 [00:15<00:01, 46.01it/s]
 89%|████████▉ | 698/782 [00:15<00:01, 46.44it/s]
 90%|████████▉ | 703/782 [00:15<00:01, 46.03it/s]
 91%|█████████ | 708/782 [00:15<00:01, 46.07it/s]
 91%|█████████ | 713/782 [00:15<00:01, 45.41it/s]
 92%|█████████▏| 718/782 [00:15<00:01, 45.38it/s]
 92%|█████████▏| 723/782 [00:15<00:01, 45.24it/s]
 93%|█████████▎| 728/782 [00:16<00:01, 45.46it/s]
 94%|█████████▎| 733/782 [00:16<00:01, 45.14it/s]
 94%|█████████▍| 738/782 [00:16<00:00, 45.74it/s]
 95%|█████████▌| 743/782 [00:16<00:00, 45.70it/s]
 96%|█████████▌| 748/782 [00:16<00:00, 46.60it/s]
 96%|█████████▋| 753/782 [00:16<00:00, 47.00it/s]
 97%|█████████▋| 758/782 [00:16<00:00, 46.06it/s]
 98%|█████████▊| 763/782 [00:16<00:00, 45.46it/s]
 98%|█████████▊| 768/782 [00:16<00:00, 45.60it/s]
 99%|█████████▉| 773/782 [00:17<00:00, 45.44it/s]
 99%|█████████▉| 778/782 [00:17<00:00, 45.43it/s]
100%|██████████| 782/782 [00:17<00:00, 45.23it/s]
Model instantiation succeeded.
The training environment is set up successfully, using the following device: cuda.
Simulated training data created successfully.
Training step executed successfully.
  Train Loss: 2.2599, Test Loss: 2.2605
  Train Acc: 0.1497, Test Acc: 0.1480
  LR: 0.000000, Grad Norm: 0.2426, Throughput: 1602.7 samples/s
accuracy_to_time_metric 0.1538574912890818
  - Saved stats (fallback) to: /a/mm/ab/gpt/brute/ga/meta_evolution/stats_cifar10/img-classification_cifar-10_acc_GenFractalNet-d9d85bc77407fe1d54b02f1a4708c80a/1.json
  - Model persisted to ga_fractal_arch_cifar10/ (stats verified: 1 JSON file(s))

  ========================================
  >>> FITNESS SCORE: 14.80%  (source: hyperparameters.accuracy, checksum: d9d85bc77407fe1d54b02f1a4708c80a)
  ========================================

  Evaluating Individual 20/20 ---- Generation: 7/10
  - Evaluating unique arch (checksum: 24134d68...)
Evaluating /a/mm/out_nneval_tmp_pid_1977/nn/tmp/GenFractalNet-24134d68275fc0edb0cec71ccd376714-a64e5be1a1a5654f6b8bd8d8a0a1628d.py...
epoch 1

  0%|          | 0/782 [00:00<?, ?it/s]
  1%|          | 6/782 [00:00<00:13, 58.38it/s]
  3%|▎         | 20/782 [00:00<00:07, 105.13it/s]
  4%|▍         | 34/782 [00:00<00:06, 118.08it/s]
  6%|▌         | 48/782 [00:00<00:05, 125.57it/s]
  8%|▊         | 62/782 [00:00<00:05, 128.13it/s]
 10%|▉         | 76/782 [00:00<00:05, 130.07it/s]
 12%|█▏        | 90/782 [00:00<00:05, 131.22it/s]
 13%|█▎        | 105/782 [00:00<00:05, 134.52it/s]
 15%|█▌        | 119/782 [00:00<00:04, 134.34it/s]
 17%|█▋        | 133/782 [00:01<00:04, 132.36it/s]
 19%|█▉        | 147/782 [00:01<00:04, 131.98it/s]
 21%|██        | 161/782 [00:01<00:04, 131.63it/s]
 22%|██▏       | 175/782 [00:01<00:04, 131.44it/s]
 24%|██▍       | 189/782 [00:01<00:04, 132.91it/s]
 26%|██▌       | 203/782 [00:01<00:04, 134.03it/s]
 28%|██▊       | 217/782 [00:01<00:04, 134.18it/s]
 30%|██▉       | 231/782 [00:01<00:04, 133.46it/s]
 31%|███▏      | 245/782 [00:01<00:04, 134.19it/s]
 33%|███▎      | 259/782 [00:01<00:03, 134.83it/s]
 35%|███▌      | 274/782 [00:02<00:03, 136.73it/s]
 37%|███▋      | 288/782 [00:02<00:03, 135.43it/s]
 39%|███▊      | 302/782 [00:02<00:03, 135.96it/s]
 40%|████      | 316/782 [00:02<00:03, 136.44it/s]
 42%|████▏     | 330/782 [00:02<00:03, 135.14it/s]
 44%|████▍     | 344/782 [00:02<00:03, 133.35it/s]
 46%|████▌     | 358/782 [00:02<00:03, 134.21it/s]
 48%|████▊     | 372/782 [00:02<00:03, 134.31it/s]
 49%|████▉     | 386/782 [00:02<00:02, 133.51it/s]
 51%|█████     | 400/782 [00:03<00:02, 135.09it/s]
 53%|█████▎    | 415/782 [00:03<00:02, 136.42it/s]
 55%|█████▍    | 429/782 [00:03<00:02, 135.35it/s]
 57%|█████▋    | 443/782 [00:03<00:02, 134.84it/s]
 58%|█████▊    | 457/782 [00:03<00:02, 135.41it/s]
 60%|██████    | 471/782 [00:03<00:02, 135.23it/s]
 62%|██████▏   | 485/782 [00:03<00:02, 135.86it/s]
 64%|██████▍   | 499/782 [00:03<00:02, 136.22it/s]
 66%|██████▌   | 513/782 [00:03<00:01, 135.87it/s]
 67%|██████▋   | 527/782 [00:03<00:01, 134.15it/s]
 69%|██████▉   | 541/782 [00:04<00:01, 135.34it/s]
 71%|███████   | 555/782 [00:04<00:01, 135.12it/s]
 73%|███████▎  | 569/782 [00:04<00:01, 134.84it/s]
 75%|███████▍  | 583/782 [00:04<00:01, 134.25it/s]
 76%|███████▋  | 597/782 [00:04<00:01, 132.94it/s]
 78%|███████▊  | 611/782 [00:04<00:01, 132.67it/s]
 80%|███████▉  | 625/782 [00:04<00:01, 132.61it/s]
 82%|████████▏ | 639/782 [00:04<00:01, 132.22it/s]
 84%|████████▎ | 653/782 [00:04<00:00, 131.51it/s]
 85%|████████▌ | 667/782 [00:05<00:00, 132.17it/s]
 87%|████████▋ | 681/782 [00:05<00:00, 132.66it/s]
 89%|████████▉ | 695/782 [00:05<00:00, 133.18it/s]
 91%|█████████ | 709/782 [00:05<00:00, 134.46it/s]
 92%|█████████▏| 723/782 [00:05<00:00, 134.40it/s]
 94%|█████████▍| 737/782 [00:05<00:00, 132.81it/s]
 96%|█████████▌| 751/782 [00:05<00:00, 133.45it/s]
 98%|█████████▊| 765/782 [00:05<00:00, 133.06it/s]
100%|█████████▉| 779/782 [00:05<00:00, 133.73it/s]
100%|██████████| 782/782 [00:05<00:00, 132.05it/s]
Model instantiation succeeded.
The training environment is set up successfully, using the following device: cuda.
Simulated training data created successfully.
Training step executed successfully.
  Train Loss: 2.2793, Test Loss: 2.2773
  Train Acc: 0.1230, Test Acc: 0.1265
  LR: 0.000001, Grad Norm: 0.5403, Throughput: 2595.3 samples/s
accuracy_to_time_metric 0.13754633924685403
  - Saved stats (fallback) to: /a/mm/ab/gpt/brute/ga/meta_evolution/stats_cifar10/img-classification_cifar-10_acc_GenFractalNet-24134d68275fc0edb0cec71ccd376714/1.json
  - Model persisted to ga_fractal_arch_cifar10/ (stats verified: 1 JSON file(s))

  ========================================
  >>> FITNESS SCORE: 12.65%  (source: hyperparameters.accuracy, checksum: 24134d68275fc0edb0cec71ccd376714)
  ========================================



 >>> GENERATION 8 <<<

  Evaluating Individual 6/20 ---- Generation: 8/10
  - Evaluating unique arch (checksum: e5bf7f18...)
Evaluating /a/mm/out_nneval_tmp_pid_1977/nn/tmp/GenFractalNet-e5bf7f18547c32c33a017b7af3ed1c2f-543c218544e460af8d99c69e5ee96692.py...
epoch 1

  0%|          | 0/782 [00:00<?, ?it/s]
  1%|          | 6/782 [00:00<00:13, 59.31it/s]
  3%|▎         | 21/782 [00:00<00:07, 108.22it/s]
  5%|▍         | 36/782 [00:00<00:06, 123.80it/s]
  7%|▋         | 51/782 [00:00<00:05, 130.93it/s]
  8%|▊         | 66/782 [00:00<00:05, 134.84it/s]
 10%|█         | 81/782 [00:00<00:05, 137.20it/s]
 12%|█▏        | 96/782 [00:00<00:04, 138.52it/s]
 14%|█▍        | 111/782 [00:00<00:04, 139.23it/s]
 16%|█▌        | 126/782 [00:00<00:04, 140.31it/s]
 18%|█▊        | 141/782 [00:01<00:04, 140.81it/s]
 20%|█▉        | 156/782 [00:01<00:04, 141.45it/s]
 22%|██▏       | 171/782 [00:01<00:04, 141.39it/s]
 24%|██▍       | 186/782 [00:01<00:04, 141.51it/s]
 26%|██▌       | 201/782 [00:01<00:04, 141.56it/s]
 28%|██▊       | 216/782 [00:01<00:03, 141.63it/s]
 30%|██▉       | 231/782 [00:01<00:03, 141.43it/s]
 31%|███▏      | 246/782 [00:01<00:03, 141.38it/s]
 33%|███▎      | 261/782 [00:01<00:03, 141.43it/s]
 35%|███▌      | 276/782 [00:02<00:03, 141.46it/s]
 37%|███▋      | 291/782 [00:02<00:03, 141.75it/s]
 39%|███▉      | 306/782 [00:02<00:03, 141.57it/s]
 41%|████      | 321/782 [00:02<00:03, 141.53it/s]
 43%|████▎     | 336/782 [00:02<00:03, 141.65it/s]
 45%|████▍     | 351/782 [00:02<00:03, 141.85it/s]
 47%|████▋     | 366/782 [00:02<00:02, 141.71it/s]
 49%|████▊     | 381/782 [00:02<00:02, 141.57it/s]
 51%|█████     | 396/782 [00:02<00:02, 141.75it/s]
 53%|█████▎    | 411/782 [00:02<00:02, 141.52it/s]
 54%|█████▍    | 426/782 [00:03<00:02, 141.61it/s]
 56%|█████▋    | 441/782 [00:03<00:02, 141.45it/s]
 58%|█████▊    | 456/782 [00:03<00:02, 122.75it/s]
 60%|██████    | 470/782 [00:03<00:02, 126.81it/s]
 62%|██████▏   | 484/782 [00:03<00:02, 129.55it/s]
 64%|██████▍   | 499/782 [00:03<00:02, 132.99it/s]
 66%|██████▌   | 514/782 [00:03<00:01, 135.36it/s]
 68%|██████▊   | 529/782 [00:03<00:01, 137.43it/s]
 70%|██████▉   | 544/782 [00:03<00:01, 138.78it/s]
 71%|███████▏  | 559/782 [00:04<00:01, 139.58it/s]
 73%|███████▎  | 574/782 [00:04<00:01, 140.39it/s]
 75%|███████▌  | 589/782 [00:04<00:01, 140.82it/s]
 77%|███████▋  | 604/782 [00:04<00:01, 141.50it/s]
 79%|███████▉  | 619/782 [00:04<00:01, 141.55it/s]
 81%|████████  | 634/782 [00:04<00:01, 141.29it/s]
 83%|████████▎ | 649/782 [00:04<00:00, 139.92it/s]
 85%|████████▍ | 664/782 [00:04<00:00, 133.28it/s]
 87%|████████▋ | 678/782 [00:04<00:00, 134.15it/s]
 89%|████████▊ | 693/782 [00:05<00:00, 135.90it/s]
 90%|█████████ | 707/782 [00:05<00:00, 136.93it/s]
 92%|█████████▏| 722/782 [00:05<00:00, 138.29it/s]
 94%|█████████▍| 737/782 [00:05<00:00, 139.25it/s]
 96%|█████████▌| 751/782 [00:05<00:00, 139.34it/s]
 98%|█████████▊| 766/782 [00:05<00:00, 139.96it/s]
100%|█████████▉| 781/782 [00:05<00:00, 138.98it/s]
100%|██████████| 782/782 [00:05<00:00, 137.16it/s]
Model instantiation succeeded.
The training environment is set up successfully, using the following device: cuda.
Simulated training data created successfully.
Training step executed successfully.
  Train Loss: 2.1461, Test Loss: 2.1385
  Train Acc: 0.2247, Test Acc: 0.2361
  LR: 0.000001, Grad Norm: 0.2593, Throughput: 2607.9 samples/s
accuracy_to_time_metric 0.7098656984081293
  - Saved stats (fallback) to: /a/mm/ab/gpt/brute/ga/meta_evolution/stats_cifar10/img-classification_cifar-10_acc_GenFractalNet-e5bf7f18547c32c33a017b7af3ed1c2f/1.json
  - Model persisted to ga_fractal_arch_cifar10/ (stats verified: 1 JSON file(s))

  ========================================
  >>> FITNESS SCORE: 23.61%  (source: hyperparameters.accuracy, checksum: e5bf7f18547c32c33a017b7af3ed1c2f)
  ========================================

  Evaluating Individual 7/20 ---- Generation: 8/10
  - Evaluating unique arch (checksum: b5e57658...)
Evaluating /a/mm/out_nneval_tmp_pid_1977/nn/tmp/GenFractalNet-b5e576583506d54bc2088d408b83f626-90109c0bc9a5c4d62dd6b6adc2147160.py...
epoch 1

  0%|          | 0/782 [00:00<?, ?it/s]
  1%|          | 5/782 [00:00<00:15, 49.05it/s]
  2%|▏         | 14/782 [00:00<00:10, 71.06it/s]
  3%|▎         | 23/782 [00:00<00:09, 78.52it/s]
  4%|▍         | 32/782 [00:00<00:09, 81.01it/s]
  5%|▌         | 41/782 [00:00<00:08, 82.68it/s]
  6%|▋         | 50/782 [00:00<00:08, 84.47it/s]
  8%|▊         | 59/782 [00:00<00:08, 85.45it/s]
  9%|▊         | 68/782 [00:00<00:08, 84.27it/s]
 10%|▉         | 77/782 [00:00<00:08, 85.61it/s]
 11%|█         | 86/782 [00:01<00:08, 85.43it/s]
 12%|█▏        | 95/782 [00:01<00:07, 86.78it/s]
 13%|█▎        | 104/782 [00:01<00:07, 86.92it/s]
 14%|█▍        | 113/782 [00:01<00:07, 86.77it/s]
 16%|█▌        | 122/782 [00:01<00:07, 85.38it/s]
 17%|█▋        | 131/782 [00:01<00:07, 85.51it/s]
 18%|█▊        | 140/782 [00:01<00:07, 85.78it/s]
 19%|█▉        | 149/782 [00:01<00:07, 85.70it/s]
 20%|██        | 158/782 [00:01<00:07, 85.88it/s]
 21%|██▏       | 167/782 [00:01<00:07, 86.23it/s]
 23%|██▎       | 176/782 [00:02<00:06, 86.68it/s]
 24%|██▎       | 185/782 [00:02<00:06, 85.93it/s]
 25%|██▍       | 194/782 [00:02<00:06, 85.49it/s]
 26%|██▌       | 203/782 [00:02<00:06, 86.06it/s]
 27%|██▋       | 212/782 [00:02<00:06, 85.65it/s]
 28%|██▊       | 221/782 [00:02<00:06, 86.83it/s]
 29%|██▉       | 230/782 [00:02<00:06, 86.02it/s]
 31%|███       | 240/782 [00:02<00:06, 87.20it/s]
 32%|███▏      | 249/782 [00:02<00:06, 87.22it/s]
 33%|███▎      | 258/782 [00:03<00:06, 87.02it/s]
 34%|███▍      | 267/782 [00:03<00:05, 87.84it/s]
 35%|███▌      | 277/782 [00:03<00:05, 88.46it/s]
 37%|███▋      | 287/782 [00:03<00:05, 88.63it/s]
 38%|███▊      | 297/782 [00:03<00:05, 89.83it/s]
 39%|███▉      | 306/782 [00:03<00:05, 89.72it/s]
 40%|████      | 315/782 [00:03<00:05, 89.00it/s]
 42%|████▏     | 325/782 [00:03<00:05, 90.13it/s]
 43%|████▎     | 335/782 [00:03<00:05, 89.37it/s]
 44%|████▍     | 344/782 [00:03<00:04, 89.05it/s]
 45%|████▌     | 353/782 [00:04<00:04, 88.44it/s]
 46%|████▋     | 363/782 [00:04<00:04, 90.31it/s]
 48%|████▊     | 373/782 [00:04<00:04, 88.91it/s]
 49%|████▉     | 382/782 [00:04<00:04, 88.45it/s]
 50%|█████     | 391/782 [00:04<00:04, 87.36it/s]
 51%|█████     | 400/782 [00:04<00:04, 87.74it/s]
 52%|█████▏    | 409/782 [00:04<00:04, 87.50it/s]
 53%|█████▎    | 418/782 [00:04<00:04, 87.05it/s]
 55%|█████▍    | 428/782 [00:04<00:04, 88.22it/s]
 56%|█████▌    | 437/782 [00:05<00:03, 87.87it/s]
 57%|█████▋    | 446/782 [00:05<00:03, 87.57it/s]
 58%|█████▊    | 455/782 [00:05<00:03, 87.63it/s]
 59%|█████▉    | 465/782 [00:05<00:03, 88.97it/s]
 61%|██████    | 474/782 [00:05<00:03, 89.03it/s]
 62%|██████▏   | 483/782 [00:05<00:03, 87.22it/s]
 63%|██████▎   | 492/782 [00:05<00:03, 86.90it/s]
 64%|██████▍   | 501/782 [00:05<00:03, 87.19it/s]
 65%|██████▌   | 510/782 [00:05<00:03, 87.20it/s]
 66%|██████▋   | 519/782 [00:05<00:03, 87.35it/s]
 68%|██████▊   | 528/782 [00:06<00:02, 87.20it/s]
 69%|██████▊   | 537/782 [00:06<00:02, 86.84it/s]
 70%|██████▉   | 546/782 [00:06<00:02, 86.87it/s]
 71%|███████   | 555/782 [00:06<00:02, 86.62it/s]
 72%|███████▏  | 564/782 [00:06<00:02, 86.38it/s]
 73%|███████▎  | 573/782 [00:06<00:02, 86.59it/s]
 74%|███████▍  | 582/782 [00:06<00:02, 86.10it/s]
 76%|███████▌  | 591/782 [00:06<00:02, 86.42it/s]
 77%|███████▋  | 600/782 [00:06<00:02, 86.77it/s]
 78%|███████▊  | 610/782 [00:07<00:01, 88.43it/s]
 79%|███████▉  | 619/782 [00:07<00:01, 87.62it/s]
 80%|████████  | 629/782 [00:07<00:01, 88.98it/s]
 82%|████████▏ | 638/782 [00:07<00:01, 89.05it/s]
 83%|████████▎ | 647/782 [00:07<00:01, 87.68it/s]
 84%|████████▍ | 656/782 [00:07<00:01, 87.56it/s]
 85%|████████▌ | 666/782 [00:07<00:01, 88.66it/s]
 86%|████████▋ | 675/782 [00:07<00:01, 86.65it/s]
 87%|████████▋ | 684/782 [00:07<00:01, 87.51it/s]
 89%|████████▊ | 693/782 [00:07<00:01, 86.30it/s]
 90%|████████▉ | 703/782 [00:08<00:00, 87.39it/s]
 91%|█████████ | 713/782 [00:08<00:00, 88.04it/s]
 92%|█████████▏| 722/782 [00:08<00:00, 88.30it/s]
 93%|█████████▎| 731/782 [00:08<00:00, 88.46it/s]
 95%|█████████▍| 740/782 [00:08<00:00, 88.67it/s]
 96%|█████████▌| 749/782 [00:08<00:00, 87.66it/s]
 97%|█████████▋| 758/782 [00:08<00:00, 86.93it/s]
 98%|█████████▊| 767/782 [00:08<00:00, 87.51it/s]
 99%|█████████▉| 776/782 [00:08<00:00, 88.00it/s]
100%|██████████| 782/782 [00:09<00:00, 86.67it/s]
Model instantiation succeeded.
The training environment is set up successfully, using the following device: cuda.
Simulated training data created successfully.
Training step executed successfully.
  Train Loss: 1.0310, Test Loss: 1.0529
  Train Acc: 0.6442, Test Acc: 0.6315
  LR: 0.000000, Grad Norm: 5.0000, Throughput: 2229.6 samples/s
accuracy_to_time_metric 2.3700839698231366
  - Saved stats (fallback) to: /a/mm/ab/gpt/brute/ga/meta_evolution/stats_cifar10/img-classification_cifar-10_acc_GenFractalNet-b5e576583506d54bc2088d408b83f626/1.json
  - Model persisted to ga_fractal_arch_cifar10/ (stats verified: 1 JSON file(s))

  ========================================
  >>> FITNESS SCORE: 63.15%  (source: hyperparameters.accuracy, checksum: b5e576583506d54bc2088d408b83f626)
  ========================================

  [Archive] Cell (4, 64) updated with fitness: 63.1500
  Evaluating Individual 8/20 ---- Generation: 8/10
  - Evaluating unique arch (checksum: 6da9ba10...)
Evaluating /a/mm/out_nneval_tmp_pid_1977/nn/tmp/GenFractalNet-6da9ba10fd0b8f45739311c49213d639-4048f7666d76c3df39f9f706cd005663.py...
epoch 1

  0%|          | 0/782 [00:00<?, ?it/s]
  1%|          | 6/782 [00:00<00:13, 58.53it/s]
  2%|▏         | 19/782 [00:00<00:07, 99.01it/s]
  4%|▍         | 34/782 [00:00<00:06, 119.05it/s]
  6%|▋         | 49/782 [00:00<00:05, 128.51it/s]
  8%|▊         | 62/782 [00:00<00:06, 117.53it/s]
 10%|▉         | 77/782 [00:00<00:05, 125.40it/s]
 12%|█▏        | 92/782 [00:00<00:05, 131.22it/s]
 14%|█▎        | 107/782 [00:00<00:05, 133.74it/s]
 15%|█▌        | 121/782 [00:00<00:04, 133.19it/s]
 17%|█▋        | 136/782 [00:01<00:04, 136.00it/s]
 19%|█▉        | 151/782 [00:01<00:04, 138.20it/s]
 21%|██        | 165/782 [00:01<00:04, 134.38it/s]
 23%|██▎       | 179/782 [00:01<00:04, 135.79it/s]
 25%|██▍       | 194/782 [00:01<00:04, 137.87it/s]
 27%|██▋       | 209/782 [00:01<00:04, 137.85it/s]
 29%|██▊       | 223/782 [00:01<00:04, 128.11it/s]
 30%|███       | 238/782 [00:01<00:04, 131.75it/s]
 32%|███▏      | 253/782 [00:01<00:03, 134.72it/s]
 34%|███▍      | 267/782 [00:02<00:03, 134.16it/s]
 36%|███▌      | 281/782 [00:02<00:03, 127.96it/s]
 38%|███▊      | 296/782 [00:02<00:03, 131.87it/s]
 40%|███▉      | 311/782 [00:02<00:03, 134.96it/s]
 42%|████▏     | 325/782 [00:02<00:03, 132.75it/s]
 43%|████▎     | 339/782 [00:02<00:03, 125.77it/s]
 45%|████▌     | 354/782 [00:02<00:03, 129.88it/s]
 47%|████▋     | 369/782 [00:02<00:03, 133.68it/s]
 49%|████▉     | 384/782 [00:02<00:02, 136.38it/s]
 51%|█████     | 399/782 [00:03<00:02, 138.14it/s]
 53%|█████▎    | 414/782 [00:03<00:02, 139.16it/s]
 55%|█████▍    | 429/782 [00:03<00:02, 140.29it/s]
 57%|█████▋    | 444/782 [00:03<00:02, 141.15it/s]
 59%|█████▊    | 459/782 [00:03<00:02, 141.54it/s]
 61%|██████    | 474/782 [00:03<00:02, 142.03it/s]
 63%|██████▎   | 489/782 [00:03<00:02, 141.73it/s]
 64%|██████▍   | 504/782 [00:03<00:01, 142.08it/s]
 66%|██████▋   | 519/782 [00:03<00:01, 141.90it/s]
 68%|██████▊   | 534/782 [00:03<00:01, 141.60it/s]
 70%|███████   | 549/782 [00:04<00:01, 141.82it/s]
 72%|███████▏  | 564/782 [00:04<00:01, 142.24it/s]
 74%|███████▍  | 579/782 [00:04<00:01, 141.84it/s]
 76%|███████▌  | 594/782 [00:04<00:01, 142.28it/s]
 78%|███████▊  | 609/782 [00:04<00:01, 142.33it/s]
 80%|███████▉  | 624/782 [00:04<00:01, 141.44it/s]
 82%|████████▏ | 639/782 [00:04<00:01, 141.48it/s]
 84%|████████▎ | 654/782 [00:04<00:00, 141.12it/s]
 86%|████████▌ | 669/782 [00:04<00:00, 141.58it/s]
 87%|████████▋ | 684/782 [00:05<00:00, 141.75it/s]
 89%|████████▉ | 699/782 [00:05<00:00, 141.90it/s]
 91%|█████████▏| 714/782 [00:05<00:00, 141.90it/s]
 93%|█████████▎| 729/782 [00:05<00:00, 142.12it/s]
 95%|█████████▌| 744/782 [00:05<00:00, 142.06it/s]
 97%|█████████▋| 759/782 [00:05<00:00, 141.87it/s]
 99%|█████████▉| 774/782 [00:05<00:00, 142.32it/s]
100%|██████████| 782/782 [00:05<00:00, 135.72it/s]
Model instantiation succeeded.
The training environment is set up successfully, using the following device: cuda.
Simulated training data created successfully.
Training step executed successfully.
  Train Loss: 2.2796, Test Loss: 2.2817
  Train Acc: 0.1464, Test Acc: 0.1504
  LR: 0.000001, Grad Norm: 0.3661, Throughput: 2615.5 samples/s
accuracy_to_time_metric 0.26364062687792206
  - Saved stats (fallback) to: /a/mm/ab/gpt/brute/ga/meta_evolution/stats_cifar10/img-classification_cifar-10_acc_GenFractalNet-6da9ba10fd0b8f45739311c49213d639/1.json
  - Model persisted to ga_fractal_arch_cifar10/ (stats verified: 1 JSON file(s))

  ========================================
  >>> FITNESS SCORE: 15.04%  (source: hyperparameters.accuracy, checksum: 6da9ba10fd0b8f45739311c49213d639)
  ========================================

  Evaluating Individual 9/20 ---- Generation: 8/10
  - Evaluating unique arch (checksum: bef3719e...)
Evaluating /a/mm/out_nneval_tmp_pid_1977/nn/tmp/GenFractalNet-bef3719e247328ac0b5cbd2ee0d9d138-fb82133d5170cabd03ba07bc98c5df12.py...
epoch 1

  0%|          | 0/782 [00:00<?, ?it/s]
  0%|          | 2/782 [00:00<00:44, 17.37it/s]
  1%|          | 5/782 [00:00<00:34, 22.67it/s]
  1%|          | 9/782 [00:00<00:30, 25.76it/s]
  2%|▏         | 12/782 [00:00<00:30, 24.97it/s]
  2%|▏         | 15/782 [00:00<00:31, 24.48it/s]
  2%|▏         | 18/782 [00:00<00:31, 24.58it/s]
  3%|▎         | 21/782 [00:00<00:30, 24.61it/s]
  3%|▎         | 24/782 [00:00<00:31, 24.37it/s]
  3%|▎         | 27/782 [00:01<00:31, 23.78it/s]
  4%|▍         | 30/782 [00:01<00:31, 23.77it/s]
  4%|▍         | 33/782 [00:01<00:31, 23.75it/s]
  5%|▍         | 36/782 [00:01<00:31, 23.66it/s]
  5%|▍         | 39/782 [00:01<00:30, 24.09it/s]
  5%|▌         | 42/782 [00:01<00:30, 24.37it/s]
  6%|▌         | 45/782 [00:01<00:30, 24.38it/s]
  6%|▌         | 48/782 [00:01<00:29, 24.66it/s]
  7%|▋         | 51/782 [00:02<00:30, 24.25it/s]
  7%|▋         | 54/782 [00:02<00:30, 24.26it/s]
  7%|▋         | 57/782 [00:02<00:29, 24.39it/s]
  8%|▊         | 60/782 [00:02<00:29, 24.10it/s]
  8%|▊         | 63/782 [00:02<00:30, 23.93it/s]
  8%|▊         | 66/782 [00:02<00:29, 24.07it/s]
  9%|▉         | 69/782 [00:02<00:29, 23.84it/s]
  9%|▉         | 72/782 [00:02<00:29, 23.90it/s]
 10%|▉         | 75/782 [00:03<00:29, 23.91it/s]
 10%|▉         | 78/782 [00:03<00:29, 24.23it/s]
 10%|█         | 82/782 [00:03<00:26, 26.24it/s]
 11%|█         | 85/782 [00:03<00:27, 25.09it/s]
 11%|█▏        | 88/782 [00:03<00:27, 24.81it/s]
 12%|█▏        | 91/782 [00:03<00:27, 24.74it/s]
 12%|█▏        | 94/782 [00:03<00:27, 25.07it/s]
 12%|█▏        | 97/782 [00:03<00:27, 25.27it/s]
 13%|█▎        | 100/782 [00:04<00:27, 24.98it/s]
 13%|█▎        | 103/782 [00:04<00:27, 24.82it/s]
 14%|█▎        | 106/782 [00:04<00:27, 24.64it/s]
 14%|█▍        | 109/782 [00:04<00:27, 24.85it/s]
 14%|█▍        | 112/782 [00:04<00:26, 25.07it/s]
 15%|█▍        | 115/782 [00:04<00:26, 25.28it/s]
 15%|█▌        | 118/782 [00:04<00:26, 25.28it/s]
 15%|█▌        | 121/782 [00:04<00:26, 24.71it/s]
 16%|█▌        | 124/782 [00:05<00:27, 24.21it/s]
 16%|█▌        | 127/782 [00:05<00:26, 24.76it/s]
 17%|█▋        | 130/782 [00:05<00:25, 25.89it/s]
 17%|█▋        | 133/782 [00:05<00:25, 25.05it/s]
 17%|█▋        | 136/782 [00:05<00:25, 24.91it/s]
 18%|█▊        | 139/782 [00:05<00:25, 24.92it/s]
 18%|█▊        | 142/782 [00:05<00:25, 24.87it/s]
 19%|█▊        | 146/782 [00:05<00:24, 26.36it/s]
 19%|█▉        | 149/782 [00:06<00:24, 25.94it/s]
 19%|█▉        | 152/782 [00:06<00:25, 25.13it/s]
 20%|█▉        | 155/782 [00:06<00:24, 25.47it/s]
 20%|██        | 158/782 [00:06<00:25, 24.73it/s]
 21%|██        | 161/782 [00:06<00:24, 25.59it/s]
 21%|██        | 164/782 [00:06<00:23, 26.15it/s]
 21%|██▏       | 167/782 [00:06<00:23, 25.80it/s]
 22%|██▏       | 170/782 [00:06<00:24, 25.29it/s]
 22%|██▏       | 173/782 [00:06<00:23, 25.59it/s]
 23%|██▎       | 176/782 [00:07<00:23, 25.59it/s]
 23%|██▎       | 179/782 [00:07<00:23, 25.76it/s]
 23%|██▎       | 182/782 [00:07<00:23, 25.36it/s]
 24%|██▎       | 185/782 [00:07<00:23, 25.04it/s]
 24%|██▍       | 188/782 [00:07<00:23, 25.04it/s]
 24%|██▍       | 191/782 [00:07<00:23, 25.50it/s]
 25%|██▍       | 194/782 [00:07<00:22, 25.59it/s]
 25%|██▌       | 197/782 [00:07<00:22, 25.60it/s]
 26%|██▌       | 200/782 [00:08<00:22, 25.43it/s]
 26%|██▌       | 203/782 [00:08<00:22, 25.40it/s]
 26%|██▋       | 206/782 [00:08<00:22, 25.19it/s]
 27%|██▋       | 209/782 [00:08<00:22, 25.32it/s]
 27%|██▋       | 212/782 [00:08<00:22, 25.05it/s]
 27%|██▋       | 215/782 [00:08<00:22, 24.94it/s]
 28%|██▊       | 218/782 [00:08<00:22, 25.21it/s]
 28%|██▊       | 221/782 [00:08<00:22, 24.62it/s]
 29%|██▊       | 224/782 [00:09<00:22, 24.52it/s]
 29%|██▉       | 227/782 [00:09<00:22, 24.45it/s]
 29%|██▉       | 230/782 [00:09<00:23, 23.92it/s]
 30%|██▉       | 233/782 [00:09<00:23, 23.67it/s]
 30%|███       | 236/782 [00:09<00:22, 24.06it/s]
 31%|███       | 239/782 [00:09<00:21, 24.68it/s]
 31%|███       | 242/782 [00:09<00:22, 24.52it/s]
 31%|███▏      | 245/782 [00:09<00:22, 23.90it/s]
 32%|███▏      | 248/782 [00:10<00:21, 24.28it/s]
 32%|███▏      | 251/782 [00:10<00:21, 24.89it/s]
 32%|███▏      | 254/782 [00:10<00:21, 25.04it/s]
 33%|███▎      | 257/782 [00:10<00:20, 25.20it/s]
 33%|███▎      | 260/782 [00:10<00:20, 25.13it/s]
 34%|███▎      | 263/782 [00:10<00:20, 25.38it/s]
 34%|███▍      | 266/782 [00:10<00:20, 25.33it/s]
 34%|███▍      | 269/782 [00:10<00:21, 24.11it/s]
 35%|███▍      | 272/782 [00:10<00:20, 24.32it/s]
 35%|███▌      | 275/782 [00:11<00:20, 24.18it/s]
 36%|███▌      | 278/782 [00:11<00:20, 24.48it/s]
 36%|███▌      | 281/782 [00:11<00:19, 25.07it/s]
 36%|███▋      | 284/782 [00:11<00:19, 25.40it/s]
 37%|███▋      | 287/782 [00:11<00:19, 25.83it/s]
 37%|███▋      | 290/782 [00:11<00:19, 25.51it/s]
 37%|███▋      | 293/782 [00:11<00:18, 26.70it/s]
 38%|███▊      | 296/782 [00:11<00:19, 25.34it/s]
 38%|███▊      | 300/782 [00:12<00:18, 26.39it/s]
 39%|███▊      | 303/782 [00:12<00:18, 25.80it/s]
 39%|███▉      | 306/782 [00:12<00:18, 25.67it/s]
 40%|███▉      | 309/782 [00:12<00:18, 25.02it/s]
 40%|███▉      | 312/782 [00:12<00:19, 24.68it/s]
 40%|████      | 315/782 [00:12<00:19, 24.26it/s]
 41%|████      | 318/782 [00:12<00:18, 24.53it/s]
 41%|████      | 321/782 [00:12<00:18, 24.94it/s]
 41%|████▏     | 324/782 [00:13<00:18, 25.09it/s]
 42%|████▏     | 327/782 [00:13<00:18, 24.80it/s]
 42%|████▏     | 330/782 [00:13<00:18, 24.40it/s]
 43%|████▎     | 333/782 [00:13<00:18, 24.27it/s]
 43%|████▎     | 336/782 [00:13<00:17, 25.72it/s]
 43%|████▎     | 339/782 [00:13<00:17, 26.06it/s]
 44%|████▎     | 342/782 [00:13<00:17, 25.10it/s]
 44%|████▍     | 345/782 [00:13<00:17, 24.64it/s]
 45%|████▍     | 348/782 [00:13<00:17, 24.91it/s]
 45%|████▍     | 351/782 [00:14<00:17, 24.23it/s]
 45%|████▌     | 354/782 [00:14<00:17, 24.97it/s]
 46%|████▌     | 357/782 [00:14<00:16, 25.36it/s]
 46%|████▌     | 360/782 [00:14<00:16, 25.59it/s]
 46%|████▋     | 363/782 [00:14<00:16, 25.47it/s]
 47%|████▋     | 366/782 [00:14<00:16, 25.16it/s]
 47%|████▋     | 369/782 [00:14<00:15, 25.91it/s]
 48%|████▊     | 372/782 [00:14<00:16, 25.28it/s]
 48%|████▊     | 375/782 [00:15<00:16, 24.68it/s]
 48%|████▊     | 378/782 [00:15<00:16, 24.87it/s]
 49%|████▊     | 381/782 [00:15<00:16, 24.59it/s]
 49%|████▉     | 384/782 [00:15<00:16, 24.86it/s]
 49%|████▉     | 387/782 [00:15<00:16, 24.28it/s]
 50%|████▉     | 390/782 [00:15<00:16, 24.34it/s]
 50%|█████     | 393/782 [00:15<00:15, 24.46it/s]
 51%|█████     | 396/782 [00:15<00:15, 24.72it/s]
 51%|█████     | 399/782 [00:16<00:16, 23.84it/s]
 51%|█████▏    | 402/782 [00:16<00:15, 23.88it/s]
 52%|█████▏    | 405/782 [00:16<00:15, 24.18it/s]
 52%|█████▏    | 408/782 [00:16<00:15, 24.22it/s]
 53%|█████▎    | 411/782 [00:16<00:15, 24.08it/s]
 53%|█████▎    | 414/782 [00:16<00:15, 24.53it/s]
 53%|█████▎    | 417/782 [00:16<00:14, 24.69it/s]
 54%|█████▎    | 420/782 [00:16<00:14, 24.46it/s]
 54%|█████▍    | 423/782 [00:17<00:14, 25.13it/s]
 54%|█████▍    | 426/782 [00:17<00:14, 24.62it/s]
 55%|█████▍    | 429/782 [00:17<00:14, 25.15it/s]
 55%|█████▌    | 432/782 [00:17<00:13, 25.01it/s]
 56%|█████▌    | 435/782 [00:17<00:14, 24.72it/s]
 56%|█████▌    | 438/782 [00:17<00:13, 25.26it/s]
 56%|█████▋    | 441/782 [00:17<00:13, 25.82it/s]
 57%|█████▋    | 444/782 [00:17<00:13, 25.28it/s]
 57%|█████▋    | 447/782 [00:17<00:13, 25.38it/s]
 58%|█████▊    | 450/782 [00:18<00:13, 25.20it/s]
 58%|█████▊    | 453/782 [00:18<00:12, 25.47it/s]
 58%|█████▊    | 456/782 [00:18<00:12, 25.54it/s]
 59%|█████▊    | 459/782 [00:18<00:12, 25.08it/s]
 59%|█████▉    | 462/782 [00:18<00:12, 25.57it/s]
 59%|█████▉    | 465/782 [00:18<00:12, 25.01it/s]
 60%|█████▉    | 468/782 [00:18<00:12, 24.71it/s]
 60%|██████    | 471/782 [00:18<00:12, 24.76it/s]
 61%|██████    | 474/782 [00:19<00:12, 24.87it/s]
 61%|██████    | 477/782 [00:19<00:12, 25.21it/s]
 61%|██████▏   | 480/782 [00:19<00:11, 25.47it/s]
 62%|██████▏   | 483/782 [00:19<00:11, 25.23it/s]
 62%|██████▏   | 486/782 [00:19<00:11, 25.03it/s]
 63%|██████▎   | 489/782 [00:19<00:12, 24.31it/s]
 63%|██████▎   | 492/782 [00:19<00:11, 24.64it/s]
 63%|██████▎   | 495/782 [00:19<00:11, 25.72it/s]
 64%|██████▎   | 498/782 [00:19<00:10, 26.23it/s]
 64%|██████▍   | 501/782 [00:20<00:10, 25.88it/s]
 64%|██████▍   | 504/782 [00:20<00:10, 25.82it/s]
 65%|██████▍   | 507/782 [00:20<00:10, 26.15it/s]
 65%|██████▌   | 510/782 [00:20<00:10, 25.54it/s]
 66%|██████▌   | 513/782 [00:20<00:10, 24.70it/s]
 66%|██████▌   | 516/782 [00:20<00:10, 25.17it/s]
 66%|██████▋   | 519/782 [00:20<00:10, 25.78it/s]
 67%|██████▋   | 522/782 [00:20<00:10, 25.73it/s]
 67%|██████▋   | 525/782 [00:21<00:10, 25.07it/s]
 68%|██████▊   | 528/782 [00:21<00:10, 25.16it/s]
 68%|██████▊   | 531/782 [00:21<00:10, 24.62it/s]
 68%|██████▊   | 534/782 [00:21<00:10, 24.50it/s]
 69%|██████▊   | 537/782 [00:21<00:09, 24.53it/s]
 69%|██████▉   | 540/782 [00:21<00:09, 24.26it/s]
 69%|██████▉   | 543/782 [00:21<00:09, 24.94it/s]
 70%|██████▉   | 546/782 [00:21<00:09, 24.24it/s]
 70%|███████   | 549/782 [00:22<00:09, 23.92it/s]
 71%|███████   | 552/782 [00:22<00:09, 23.95it/s]
 71%|███████   | 555/782 [00:22<00:09, 24.03it/s]
 71%|███████▏  | 558/782 [00:22<00:09, 24.28it/s]
 72%|███████▏  | 561/782 [00:22<00:09, 23.99it/s]
 72%|███████▏  | 564/782 [00:22<00:09, 23.69it/s]
 73%|███████▎  | 567/782 [00:22<00:08, 24.08it/s]
 73%|███████▎  | 570/782 [00:22<00:08, 24.89it/s]
 73%|███████▎  | 573/782 [00:23<00:08, 24.83it/s]
 74%|███████▎  | 576/782 [00:23<00:07, 25.78it/s]
 74%|███████▍  | 579/782 [00:23<00:07, 25.76it/s]
 74%|███████▍  | 582/782 [00:23<00:07, 25.72it/s]
 75%|███████▍  | 585/782 [00:23<00:07, 26.17it/s]
 75%|███████▌  | 588/782 [00:23<00:07, 26.03it/s]
 76%|███████▌  | 591/782 [00:23<00:07, 26.03it/s]
 76%|███████▌  | 594/782 [00:23<00:07, 26.22it/s]
 76%|███████▋  | 597/782 [00:23<00:07, 25.38it/s]
 77%|███████▋  | 600/782 [00:24<00:07, 25.39it/s]
 77%|███████▋  | 603/782 [00:24<00:07, 25.51it/s]
 77%|███████▋  | 606/782 [00:24<00:06, 25.16it/s]
 78%|███████▊  | 609/782 [00:24<00:07, 24.40it/s]
 78%|███████▊  | 612/782 [00:24<00:07, 24.26it/s]
 79%|███████▊  | 615/782 [00:24<00:06, 24.44it/s]
 79%|███████▉  | 618/782 [00:24<00:06, 24.62it/s]
 79%|███████▉  | 621/782 [00:24<00:06, 24.15it/s]
 80%|███████▉  | 624/782 [00:25<00:06, 24.76it/s]
 80%|████████  | 627/782 [00:25<00:06, 25.38it/s]
 81%|████████  | 630/782 [00:25<00:06, 24.79it/s]
 81%|████████  | 633/782 [00:25<00:05, 25.33it/s]
 81%|████████▏ | 636/782 [00:25<00:05, 25.42it/s]
 82%|████████▏ | 639/782 [00:25<00:05, 25.19it/s]
 82%|████████▏ | 642/782 [00:25<00:05, 25.09it/s]
 82%|████████▏ | 645/782 [00:25<00:05, 25.06it/s]
 83%|████████▎ | 648/782 [00:26<00:05, 24.75it/s]
 83%|████████▎ | 651/782 [00:26<00:05, 25.20it/s]
 84%|████████▎ | 654/782 [00:26<00:05, 25.43it/s]
 84%|████████▍ | 657/782 [00:26<00:04, 25.02it/s]
 84%|████████▍ | 660/782 [00:26<00:04, 25.32it/s]
 85%|████████▍ | 663/782 [00:26<00:04, 24.52it/s]
 85%|████████▌ | 666/782 [00:26<00:04, 24.28it/s]
 86%|████████▌ | 669/782 [00:26<00:04, 23.97it/s]
 86%|████████▌ | 672/782 [00:26<00:04, 24.30it/s]
 86%|████████▋ | 675/782 [00:27<00:04, 24.18it/s]
 87%|████████▋ | 678/782 [00:27<00:04, 24.37it/s]
 87%|████████▋ | 681/782 [00:27<00:04, 24.36it/s]
 87%|████████▋ | 684/782 [00:27<00:04, 24.07it/s]
 88%|████████▊ | 687/782 [00:27<00:03, 24.01it/s]
 88%|████████▊ | 690/782 [00:27<00:03, 24.09it/s]
 89%|████████▊ | 693/782 [00:27<00:03, 24.39it/s]
 89%|████████▉ | 696/782 [00:27<00:03, 24.50it/s]
 89%|████████▉ | 699/782 [00:28<00:03, 24.10it/s]
 90%|████████▉ | 702/782 [00:28<00:03, 24.58it/s]
 90%|█████████ | 705/782 [00:28<00:03, 24.43it/s]
 91%|█████████ | 708/782 [00:28<00:03, 24.59it/s]
 91%|█████████ | 711/782 [00:28<00:02, 25.88it/s]
 91%|█████████▏| 714/782 [00:28<00:02, 26.11it/s]
 92%|█████████▏| 717/782 [00:28<00:02, 24.89it/s]
 92%|█████████▏| 720/782 [00:28<00:02, 25.00it/s]
 92%|█████████▏| 723/782 [00:29<00:02, 25.04it/s]
 93%|█████████▎| 726/782 [00:29<00:02, 24.82it/s]
 93%|█████████▎| 729/782 [00:29<00:02, 24.68it/s]
 94%|█████████▎| 732/782 [00:29<00:02, 24.25it/s]
 94%|█████████▍| 735/782 [00:29<00:01, 24.53it/s]
 94%|█████████▍| 738/782 [00:29<00:01, 24.82it/s]
 95%|█████████▍| 741/782 [00:29<00:01, 25.38it/s]
 95%|█████████▌| 744/782 [00:29<00:01, 25.54it/s]
 96%|█████████▌| 747/782 [00:30<00:01, 24.63it/s]
 96%|█████████▌| 750/782 [00:30<00:01, 24.87it/s]
 96%|█████████▋| 753/782 [00:30<00:01, 24.11it/s]
 97%|█████████▋| 756/782 [00:30<00:01, 24.34it/s]
 97%|█████████▋| 759/782 [00:30<00:00, 24.87it/s]
 97%|█████████▋| 762/782 [00:30<00:00, 25.20it/s]
 98%|█████████▊| 765/782 [00:30<00:00, 24.80it/s]
 98%|█████████▊| 768/782 [00:30<00:00, 25.25it/s]
 99%|█████████▊| 771/782 [00:30<00:00, 25.61it/s]
 99%|█████████▉| 774/782 [00:31<00:00, 25.28it/s]
 99%|█████████▉| 777/782 [00:31<00:00, 24.60it/s]
100%|█████████▉| 780/782 [00:31<00:00, 24.73it/s]
100%|██████████| 782/782 [00:31<00:00, 24.86it/s]
Model instantiation succeeded.
The training environment is set up successfully, using the following device: cuda.
Simulated training data created successfully.
Training step executed successfully.
  Train Loss: 1.6018, Test Loss: 1.6012
  Train Acc: 0.4117, Test Acc: 0.4113
  LR: 0.000001, Grad Norm: 0.5290, Throughput: 942.2 samples/s
accuracy_to_time_metric 0.5865845371153621
  - Saved stats (fallback) to: /a/mm/ab/gpt/brute/ga/meta_evolution/stats_cifar10/img-classification_cifar-10_acc_GenFractalNet-bef3719e247328ac0b5cbd2ee0d9d138/1.json
  - Model persisted to ga_fractal_arch_cifar10/ (stats verified: 1 JSON file(s))

  ========================================
  >>> FITNESS SCORE: 41.13%  (source: hyperparameters.accuracy, checksum: bef3719e247328ac0b5cbd2ee0d9d138)
  ========================================

  Evaluating Individual 10/20 ---- Generation: 8/10
  - Evaluating unique arch (checksum: 21943f91...)
Evaluating /a/mm/out_nneval_tmp_pid_1977/nn/tmp/GenFractalNet-21943f91455342e1fd1b0c6511d7c455-9cc52349cc4daf0ab6878beee4936b40.py...
epoch 1

  0%|          | 0/782 [00:00<?, ?it/s]
  1%|          | 9/782 [00:00<00:09, 85.14it/s]
  3%|▎         | 24/782 [00:00<00:06, 118.21it/s]
  5%|▍         | 38/782 [00:00<00:05, 127.60it/s]
  7%|▋         | 53/782 [00:00<00:05, 133.78it/s]
  9%|▊         | 68/782 [00:00<00:05, 137.13it/s]
 11%|█         | 83/782 [00:00<00:05, 139.09it/s]
 13%|█▎        | 98/782 [00:00<00:04, 140.33it/s]
 14%|█▍        | 113/782 [00:00<00:04, 141.80it/s]
 16%|█▋        | 128/782 [00:00<00:04, 142.72it/s]
 18%|█▊        | 143/782 [00:01<00:04, 143.38it/s]
 20%|██        | 158/782 [00:01<00:04, 143.65it/s]
 22%|██▏       | 173/782 [00:01<00:04, 138.97it/s]
 24%|██▍       | 187/782 [00:01<00:04, 137.81it/s]
 26%|██▌       | 202/782 [00:01<00:04, 139.53it/s]
 28%|██▊       | 217/782 [00:01<00:04, 140.77it/s]
 30%|██▉       | 232/782 [00:01<00:03, 141.94it/s]
 32%|███▏      | 247/782 [00:01<00:03, 142.39it/s]
 34%|███▎      | 262/782 [00:01<00:03, 142.78it/s]
 35%|███▌      | 277/782 [00:01<00:03, 142.66it/s]
 37%|███▋      | 292/782 [00:02<00:03, 142.82it/s]
 39%|███▉      | 307/782 [00:02<00:03, 143.07it/s]
 41%|████      | 322/782 [00:02<00:03, 143.42it/s]
 43%|████▎     | 337/782 [00:02<00:03, 143.33it/s]
 45%|████▌     | 352/782 [00:02<00:02, 143.58it/s]
 47%|████▋     | 367/782 [00:02<00:02, 143.01it/s]
 49%|████▉     | 382/782 [00:02<00:02, 143.34it/s]
 51%|█████     | 397/782 [00:02<00:02, 143.64it/s]
 53%|█████▎    | 412/782 [00:02<00:02, 143.61it/s]
 55%|█████▍    | 427/782 [00:03<00:02, 143.56it/s]
 57%|█████▋    | 442/782 [00:03<00:02, 143.06it/s]
 58%|█████▊    | 457/782 [00:03<00:02, 143.14it/s]
 60%|██████    | 472/782 [00:03<00:02, 142.57it/s]
 62%|██████▏   | 487/782 [00:03<00:02, 142.55it/s]
 64%|██████▍   | 502/782 [00:03<00:01, 142.79it/s]
 66%|██████▌   | 517/782 [00:03<00:01, 143.06it/s]
 68%|██████▊   | 532/782 [00:03<00:01, 143.23it/s]
 70%|██████▉   | 547/782 [00:03<00:01, 143.55it/s]
 72%|███████▏  | 562/782 [00:03<00:01, 143.61it/s]
 74%|███████▍  | 577/782 [00:04<00:01, 143.70it/s]
 76%|███████▌  | 592/782 [00:04<00:01, 143.62it/s]
 78%|███████▊  | 607/782 [00:04<00:01, 132.38it/s]
 79%|███████▉  | 621/782 [00:04<00:01, 121.32it/s]
 81%|████████  | 634/782 [00:04<00:01, 115.42it/s]
 83%|████████▎ | 649/782 [00:04<00:01, 122.37it/s]
 85%|████████▍ | 664/782 [00:04<00:00, 127.91it/s]
 87%|████████▋ | 679/782 [00:04<00:00, 132.05it/s]
 89%|████████▊ | 694/782 [00:05<00:00, 135.12it/s]
 91%|█████████ | 709/782 [00:05<00:00, 137.38it/s]
 93%|█████████▎| 724/782 [00:05<00:00, 139.37it/s]
 95%|█████████▍| 739/782 [00:05<00:00, 140.46it/s]
 96%|█████████▋| 754/782 [00:05<00:00, 140.95it/s]
 98%|█████████▊| 769/782 [00:05<00:00, 141.60it/s]
100%|██████████| 782/782 [00:05<00:00, 138.30it/s]
Model instantiation succeeded.
The training environment is set up successfully, using the following device: cuda.
Simulated training data created successfully.
Training step executed successfully.
  Train Loss: 1.4421, Test Loss: 1.4357
  Train Acc: 0.4702, Test Acc: 0.4684
  LR: 0.000000, Grad Norm: 5.0000, Throughput: 2629.4 samples/s
accuracy_to_time_metric 1.9372761553258133
  - Saved stats (fallback) to: /a/mm/ab/gpt/brute/ga/meta_evolution/stats_cifar10/img-classification_cifar-10_acc_GenFractalNet-21943f91455342e1fd1b0c6511d7c455/1.json
  - Model persisted to ga_fractal_arch_cifar10/ (stats verified: 1 JSON file(s))

  ========================================
  >>> FITNESS SCORE: 46.84%  (source: hyperparameters.accuracy, checksum: 21943f91455342e1fd1b0c6511d7c455)
  ========================================

  Evaluating Individual 11/20 ---- Generation: 8/10
  - Evaluating unique arch (checksum: 2d76c715...)
Evaluating /a/mm/out_nneval_tmp_pid_1977/nn/tmp/GenFractalNet-2d76c71539f32840deaccd27c6749837-2ee3545639a25cacf0c216b8379075cc.py...
epoch 1

  0%|          | 0/782 [00:00<?, ?it/s]
  1%|          | 9/782 [00:00<00:08, 86.33it/s]
  3%|▎         | 24/782 [00:00<00:06, 119.55it/s]
  5%|▍         | 39/782 [00:00<00:05, 130.21it/s]
  7%|▋         | 53/782 [00:00<00:05, 133.11it/s]
  9%|▊         | 67/782 [00:00<00:05, 133.58it/s]
 10%|█         | 82/782 [00:00<00:05, 136.72it/s]
 12%|█▏        | 97/782 [00:00<00:04, 138.93it/s]
 14%|█▍        | 112/782 [00:00<00:04, 140.40it/s]
 16%|█▌        | 127/782 [00:00<00:04, 141.40it/s]
 18%|█▊        | 142/782 [00:01<00:04, 142.04it/s]
 20%|██        | 157/782 [00:01<00:04, 142.51it/s]
 22%|██▏       | 172/782 [00:01<00:04, 142.87it/s]
 24%|██▍       | 187/782 [00:01<00:04, 142.89it/s]
 26%|██▌       | 202/782 [00:01<00:04, 142.87it/s]
 28%|██▊       | 217/782 [00:01<00:03, 142.77it/s]
 30%|██▉       | 232/782 [00:01<00:03, 142.61it/s]
 32%|███▏      | 247/782 [00:01<00:03, 142.89it/s]
 34%|███▎      | 262/782 [00:01<00:03, 142.80it/s]
 35%|███▌      | 277/782 [00:01<00:03, 142.47it/s]
 37%|███▋      | 292/782 [00:02<00:03, 142.88it/s]
 39%|███▉      | 307/782 [00:02<00:03, 142.87it/s]
 41%|████      | 322/782 [00:02<00:03, 143.09it/s]
 43%|████▎     | 337/782 [00:02<00:03, 143.13it/s]
 45%|████▌     | 352/782 [00:02<00:03, 143.28it/s]
 47%|████▋     | 367/782 [00:02<00:02, 143.51it/s]
 49%|████▉     | 382/782 [00:02<00:02, 143.59it/s]
 51%|█████     | 397/782 [00:02<00:02, 143.36it/s]
 53%|█████▎    | 412/782 [00:02<00:02, 143.43it/s]
 55%|█████▍    | 427/782 [00:03<00:02, 143.48it/s]
 57%|█████▋    | 442/782 [00:03<00:02, 143.49it/s]
 58%|█████▊    | 457/782 [00:03<00:02, 143.67it/s]
 60%|██████    | 472/782 [00:03<00:02, 143.57it/s]
 62%|██████▏   | 487/782 [00:03<00:02, 143.57it/s]
 64%|██████▍   | 502/782 [00:03<00:01, 143.48it/s]
 66%|██████▌   | 517/782 [00:03<00:01, 143.60it/s]
 68%|██████▊   | 532/782 [00:03<00:01, 143.97it/s]
 70%|██████▉   | 547/782 [00:03<00:01, 143.89it/s]
 72%|███████▏  | 562/782 [00:03<00:01, 143.69it/s]
 74%|███████▍  | 577/782 [00:04<00:01, 143.55it/s]
 76%|███████▌  | 592/782 [00:04<00:01, 143.25it/s]
 78%|███████▊  | 607/782 [00:04<00:01, 143.39it/s]
 80%|███████▉  | 622/782 [00:04<00:01, 143.23it/s]
 81%|████████▏ | 637/782 [00:04<00:01, 143.35it/s]
 83%|████████▎ | 652/782 [00:04<00:00, 143.31it/s]
 85%|████████▌ | 667/782 [00:04<00:00, 143.26it/s]
 87%|████████▋ | 682/782 [00:04<00:00, 142.63it/s]
 89%|████████▉ | 697/782 [00:04<00:00, 142.36it/s]
 91%|█████████ | 712/782 [00:05<00:00, 142.62it/s]
 93%|█████████▎| 727/782 [00:05<00:00, 142.89it/s]
 95%|█████████▍| 742/782 [00:05<00:00, 143.30it/s]
 97%|█████████▋| 757/782 [00:05<00:00, 143.26it/s]
 99%|█████████▊| 772/782 [00:05<00:00, 143.44it/s]
100%|██████████| 782/782 [00:05<00:00, 141.28it/s]
Model instantiation succeeded.
The training environment is set up successfully, using the following device: cuda.
Simulated training data created successfully.
Training step executed successfully.
  Train Loss: 1.3730, Test Loss: 1.3714
  Train Acc: 0.5166, Test Acc: 0.5167
  LR: 0.000000, Grad Norm: 1.6055, Throughput: 2633.2 samples/s
accuracy_to_time_metric 2.1944740531879745
  - Saved stats (fallback) to: /a/mm/ab/gpt/brute/ga/meta_evolution/stats_cifar10/img-classification_cifar-10_acc_GenFractalNet-2d76c71539f32840deaccd27c6749837/1.json
  - Model persisted to ga_fractal_arch_cifar10/ (stats verified: 1 JSON file(s))

  ========================================
  >>> FITNESS SCORE: 51.67%  (source: hyperparameters.accuracy, checksum: 2d76c71539f32840deaccd27c6749837)
  ========================================

  Evaluating Individual 12/20 ---- Generation: 8/10
  - Evaluating unique arch (checksum: b5609eb8...)
Evaluating /a/mm/out_nneval_tmp_pid_1977/nn/tmp/GenFractalNet-b5609eb8d46b4c76a078ce1c9f5adb14-8e4a7fc6176d8bf6a32ed90ab2236958.py...
epoch 1

  0%|          | 0/782 [00:00<?, ?it/s]
  1%|          | 9/782 [00:00<00:09, 85.06it/s]
  3%|▎         | 24/782 [00:00<00:06, 118.14it/s]
  5%|▍         | 38/782 [00:00<00:05, 126.83it/s]
  7%|▋         | 53/782 [00:00<00:05, 132.73it/s]
  9%|▊         | 68/782 [00:00<00:05, 136.35it/s]
 11%|█         | 83/782 [00:00<00:05, 138.64it/s]
 13%|█▎        | 98/782 [00:00<00:04, 139.69it/s]
 14%|█▍        | 113/782 [00:00<00:04, 140.20it/s]
 16%|█▋        | 128/782 [00:00<00:04, 140.46it/s]
 18%|█▊        | 143/782 [00:01<00:04, 140.61it/s]
 20%|██        | 158/782 [00:01<00:04, 140.85it/s]
 22%|██▏       | 173/782 [00:01<00:04, 141.37it/s]
 24%|██▍       | 188/782 [00:01<00:04, 141.67it/s]
 26%|██▌       | 203/782 [00:01<00:04, 141.55it/s]
 28%|██▊       | 218/782 [00:01<00:03, 141.76it/s]
 30%|██▉       | 233/782 [00:01<00:03, 141.52it/s]
 32%|███▏      | 248/782 [00:01<00:03, 141.52it/s]
 34%|███▎      | 263/782 [00:01<00:03, 141.50it/s]
 36%|███▌      | 278/782 [00:02<00:03, 141.60it/s]
 37%|███▋      | 293/782 [00:02<00:03, 141.57it/s]
 39%|███▉      | 308/782 [00:02<00:03, 141.10it/s]
 41%|████▏     | 323/782 [00:02<00:03, 141.09it/s]
 43%|████▎     | 338/782 [00:02<00:03, 141.04it/s]
 45%|████▌     | 353/782 [00:02<00:03, 141.24it/s]
 47%|████▋     | 368/782 [00:02<00:02, 141.34it/s]
 49%|████▉     | 383/782 [00:02<00:02, 140.69it/s]
 51%|█████     | 398/782 [00:02<00:02, 141.09it/s]
 53%|█████▎    | 413/782 [00:02<00:02, 141.45it/s]
 55%|█████▍    | 428/782 [00:03<00:02, 141.78it/s]
 57%|█████▋    | 443/782 [00:03<00:02, 142.07it/s]
 59%|█████▊    | 458/782 [00:03<00:02, 142.18it/s]
 60%|██████    | 473/782 [00:03<00:02, 142.18it/s]
 62%|██████▏   | 488/782 [00:03<00:02, 142.39it/s]
 64%|██████▍   | 503/782 [00:03<00:01, 141.89it/s]
 66%|██████▌   | 518/782 [00:03<00:01, 141.40it/s]
 68%|██████▊   | 533/782 [00:03<00:01, 141.24it/s]
 70%|███████   | 548/782 [00:03<00:01, 141.33it/s]
 72%|███████▏  | 563/782 [00:04<00:01, 139.44it/s]
 74%|███████▍  | 577/782 [00:04<00:01, 135.30it/s]
 76%|███████▌  | 592/782 [00:04<00:01, 136.92it/s]
 78%|███████▊  | 607/782 [00:04<00:01, 138.08it/s]
 80%|███████▉  | 622/782 [00:04<00:01, 139.21it/s]
 81%|████████▏ | 637/782 [00:04<00:01, 139.84it/s]
 83%|████████▎ | 652/782 [00:04<00:00, 140.55it/s]
 85%|████████▌ | 667/782 [00:04<00:00, 140.97it/s]
 87%|████████▋ | 682/782 [00:04<00:00, 141.49it/s]
 89%|████████▉ | 697/782 [00:04<00:00, 141.92it/s]
 91%|█████████ | 712/782 [00:05<00:00, 141.79it/s]
 93%|█████████▎| 727/782 [00:05<00:00, 141.80it/s]
 95%|█████████▍| 742/782 [00:05<00:00, 142.04it/s]
 97%|█████████▋| 757/782 [00:05<00:00, 142.20it/s]
 99%|█████████▊| 772/782 [00:05<00:00, 142.27it/s]
100%|██████████| 782/782 [00:05<00:00, 139.45it/s]
Model instantiation succeeded.
The training environment is set up successfully, using the following device: cuda.
Simulated training data created successfully.
Training step executed successfully.
  Train Loss: 1.0895, Test Loss: 1.1081
  Train Acc: 0.6222, Test Acc: 0.6205
  LR: 0.000000, Grad Norm: 1.6888, Throughput: 2624.1 samples/s
accuracy_to_time_metric 2.7316582701537304
  - Saved stats (fallback) to: /a/mm/ab/gpt/brute/ga/meta_evolution/stats_cifar10/img-classification_cifar-10_acc_GenFractalNet-b5609eb8d46b4c76a078ce1c9f5adb14/1.json
  - Model persisted to ga_fractal_arch_cifar10/ (stats verified: 1 JSON file(s))

  ========================================
  >>> FITNESS SCORE: 62.05%  (source: hyperparameters.accuracy, checksum: b5609eb8d46b4c76a078ce1c9f5adb14)
  ========================================

  [Archive] Cell (3, 16) updated with fitness: 62.0500
  Evaluating Individual 13/20 ---- Generation: 8/10
  - Evaluating unique arch (checksum: f1079738...)
Evaluating /a/mm/out_nneval_tmp_pid_1977/nn/tmp/GenFractalNet-f1079738fd974d554168b3ac64dd0136-b6cb0883274d21e57a800c66e9deb639.py...
epoch 1

  0%|          | 0/782 [00:00<?, ?it/s]
  0%|          | 3/782 [00:00<00:32, 24.27it/s]
  1%|          | 8/782 [00:00<00:20, 37.72it/s]
  2%|▏         | 13/782 [00:00<00:19, 40.21it/s]
  2%|▏         | 18/782 [00:00<00:18, 41.79it/s]
  3%|▎         | 23/782 [00:00<00:17, 42.93it/s]
  4%|▎         | 28/782 [00:00<00:17, 43.41it/s]
  4%|▍         | 33/782 [00:00<00:17, 43.38it/s]
  5%|▍         | 38/782 [00:00<00:16, 44.22it/s]
  5%|▌         | 43/782 [00:01<00:16, 44.71it/s]
  6%|▌         | 48/782 [00:01<00:16, 45.14it/s]
  7%|▋         | 53/782 [00:01<00:16, 44.83it/s]
  7%|▋         | 58/782 [00:01<00:15, 45.73it/s]
  8%|▊         | 63/782 [00:01<00:15, 45.19it/s]
  9%|▊         | 68/782 [00:01<00:16, 44.26it/s]
  9%|▉         | 73/782 [00:01<00:15, 44.50it/s]
 10%|█         | 79/782 [00:01<00:15, 46.09it/s]
 11%|█         | 84/782 [00:01<00:15, 45.24it/s]
 11%|█▏        | 89/782 [00:02<00:15, 44.90it/s]
 12%|█▏        | 94/782 [00:02<00:15, 44.81it/s]
 13%|█▎        | 99/782 [00:02<00:15, 44.90it/s]
 13%|█▎        | 104/782 [00:02<00:15, 44.87it/s]
 14%|█▍        | 109/782 [00:02<00:15, 44.69it/s]
 15%|█▍        | 114/782 [00:02<00:15, 44.24it/s]
 15%|█▌        | 119/782 [00:02<00:15, 43.57it/s]
 16%|█▌        | 124/782 [00:02<00:15, 43.58it/s]
 16%|█▋        | 129/782 [00:02<00:14, 44.68it/s]
 17%|█▋        | 134/782 [00:03<00:14, 44.71it/s]
 18%|█▊        | 139/782 [00:03<00:14, 44.00it/s]
 18%|█▊        | 144/782 [00:03<00:14, 45.21it/s]
 19%|█▉        | 149/782 [00:03<00:14, 45.17it/s]
 20%|█▉        | 154/782 [00:03<00:13, 45.39it/s]
 20%|██        | 159/782 [00:03<00:13, 46.17it/s]
 21%|██        | 164/782 [00:03<00:13, 45.41it/s]
 22%|██▏       | 169/782 [00:03<00:13, 44.54it/s]
 22%|██▏       | 174/782 [00:03<00:13, 44.23it/s]
 23%|██▎       | 179/782 [00:04<00:13, 44.76it/s]
 24%|██▎       | 184/782 [00:04<00:13, 44.07it/s]
 24%|██▍       | 189/782 [00:04<00:13, 43.53it/s]
 25%|██▍       | 194/782 [00:04<00:13, 43.61it/s]
 25%|██▌       | 199/782 [00:04<00:13, 44.30it/s]
 26%|██▌       | 204/782 [00:04<00:12, 45.42it/s]
 27%|██▋       | 209/782 [00:04<00:12, 45.30it/s]
 27%|██▋       | 214/782 [00:04<00:12, 44.57it/s]
 28%|██▊       | 219/782 [00:04<00:12, 45.45it/s]
 29%|██▊       | 224/782 [00:05<00:12, 45.28it/s]
 29%|██▉       | 229/782 [00:05<00:12, 45.33it/s]
 30%|██▉       | 234/782 [00:05<00:12, 44.97it/s]
 31%|███       | 239/782 [00:05<00:12, 44.76it/s]
 31%|███       | 244/782 [00:05<00:11, 45.81it/s]
 32%|███▏      | 249/782 [00:05<00:11, 45.48it/s]
 32%|███▏      | 254/782 [00:05<00:11, 46.51it/s]
 33%|███▎      | 259/782 [00:05<00:11, 45.46it/s]
 34%|███▍      | 264/782 [00:05<00:11, 44.29it/s]
 34%|███▍      | 269/782 [00:06<00:11, 43.55it/s]
 35%|███▌      | 274/782 [00:06<00:11, 44.57it/s]
 36%|███▌      | 279/782 [00:06<00:11, 44.40it/s]
 36%|███▋      | 284/782 [00:06<00:10, 45.56it/s]
 37%|███▋      | 289/782 [00:06<00:10, 45.48it/s]
 38%|███▊      | 294/782 [00:06<00:10, 44.68it/s]
 38%|███▊      | 299/782 [00:06<00:10, 44.77it/s]
 39%|███▉      | 304/782 [00:06<00:10, 45.58it/s]
 40%|███▉      | 309/782 [00:06<00:10, 44.61it/s]
 40%|████      | 315/782 [00:07<00:10, 46.32it/s]
 41%|████      | 320/782 [00:07<00:09, 46.98it/s]
 42%|████▏     | 325/782 [00:07<00:09, 46.55it/s]
 42%|████▏     | 330/782 [00:07<00:09, 45.87it/s]
 43%|████▎     | 335/782 [00:07<00:09, 45.41it/s]
 43%|████▎     | 340/782 [00:07<00:09, 45.27it/s]
 44%|████▍     | 345/782 [00:07<00:09, 44.53it/s]
 45%|████▍     | 350/782 [00:07<00:09, 44.00it/s]
 45%|████▌     | 355/782 [00:07<00:09, 44.37it/s]
 46%|████▌     | 360/782 [00:08<00:09, 44.73it/s]
 47%|████▋     | 365/782 [00:08<00:09, 44.39it/s]
 47%|████▋     | 370/782 [00:08<00:09, 44.75it/s]
 48%|████▊     | 375/782 [00:08<00:09, 44.20it/s]
 49%|████▊     | 380/782 [00:08<00:09, 43.84it/s]
 49%|████▉     | 385/782 [00:08<00:09, 44.11it/s]
 50%|████▉     | 390/782 [00:08<00:08, 44.60it/s]
 51%|█████     | 395/782 [00:08<00:08, 44.03it/s]
 51%|█████     | 400/782 [00:08<00:08, 43.04it/s]
 52%|█████▏    | 405/782 [00:09<00:08, 42.84it/s]
 52%|█████▏    | 410/782 [00:09<00:08, 43.12it/s]
 53%|█████▎    | 415/782 [00:09<00:08, 43.63it/s]
 54%|█████▎    | 420/782 [00:09<00:08, 43.66it/s]
 54%|█████▍    | 425/782 [00:09<00:08, 42.81it/s]
 55%|█████▍    | 430/782 [00:09<00:08, 42.56it/s]
 56%|█████▌    | 435/782 [00:09<00:08, 42.58it/s]
 56%|█████▋    | 440/782 [00:09<00:07, 43.52it/s]
 57%|█████▋    | 445/782 [00:10<00:07, 44.03it/s]
 58%|█████▊    | 450/782 [00:10<00:07, 43.59it/s]
 58%|█████▊    | 455/782 [00:10<00:07, 42.87it/s]
 59%|█████▉    | 460/782 [00:10<00:07, 44.22it/s]
 59%|█████▉    | 465/782 [00:10<00:07, 44.24it/s]
 60%|██████    | 470/782 [00:10<00:07, 44.37it/s]
 61%|██████    | 475/782 [00:10<00:07, 42.72it/s]
 61%|██████▏   | 480/782 [00:10<00:06, 43.48it/s]
 62%|██████▏   | 485/782 [00:10<00:06, 43.30it/s]
 63%|██████▎   | 490/782 [00:11<00:06, 43.18it/s]
 63%|██████▎   | 495/782 [00:11<00:06, 43.81it/s]
 64%|██████▍   | 500/782 [00:11<00:06, 43.26it/s]
 65%|██████▍   | 505/782 [00:11<00:06, 42.90it/s]
 65%|██████▌   | 510/782 [00:11<00:06, 42.76it/s]
 66%|██████▌   | 515/782 [00:11<00:06, 42.20it/s]
 66%|██████▋   | 520/782 [00:11<00:06, 42.70it/s]
 67%|██████▋   | 525/782 [00:11<00:05, 44.13it/s]
 68%|██████▊   | 530/782 [00:11<00:05, 42.18it/s]
 68%|██████▊   | 535/782 [00:12<00:05, 42.16it/s]
 69%|██████▉   | 540/782 [00:12<00:05, 42.77it/s]
 70%|██████▉   | 545/782 [00:12<00:05, 42.15it/s]
 70%|███████   | 550/782 [00:12<00:05, 41.81it/s]
 71%|███████   | 555/782 [00:12<00:05, 41.54it/s]
 72%|███████▏  | 560/782 [00:12<00:05, 40.87it/s]
 72%|███████▏  | 565/782 [00:12<00:05, 42.19it/s]
 73%|███████▎  | 570/782 [00:12<00:04, 42.81it/s]
 74%|███████▎  | 575/782 [00:13<00:04, 43.59it/s]
 74%|███████▍  | 580/782 [00:13<00:04, 43.49it/s]
 75%|███████▍  | 585/782 [00:13<00:04, 43.88it/s]
 75%|███████▌  | 590/782 [00:13<00:04, 43.70it/s]
 76%|███████▌  | 595/782 [00:13<00:04, 43.90it/s]
 77%|███████▋  | 600/782 [00:13<00:04, 44.26it/s]
 77%|███████▋  | 605/782 [00:13<00:04, 43.67it/s]
 78%|███████▊  | 610/782 [00:13<00:03, 43.52it/s]
 79%|███████▊  | 615/782 [00:13<00:03, 43.89it/s]
 79%|███████▉  | 620/782 [00:14<00:03, 43.60it/s]
 80%|███████▉  | 625/782 [00:14<00:03, 43.04it/s]
 81%|████████  | 630/782 [00:14<00:03, 43.77it/s]
 81%|████████  | 635/782 [00:14<00:03, 43.45it/s]
 82%|████████▏ | 640/782 [00:14<00:03, 43.92it/s]
 82%|████████▏ | 645/782 [00:14<00:03, 43.58it/s]
 83%|████████▎ | 650/782 [00:14<00:02, 45.21it/s]
 84%|████████▍ | 655/782 [00:14<00:02, 44.42it/s]
 84%|████████▍ | 660/782 [00:14<00:02, 44.99it/s]
 85%|████████▌ | 665/782 [00:15<00:02, 45.31it/s]
 86%|████████▌ | 670/782 [00:15<00:02, 44.71it/s]
 86%|████████▋ | 675/782 [00:15<00:02, 45.74it/s]
 87%|████████▋ | 680/782 [00:15<00:02, 45.48it/s]
 88%|████████▊ | 685/782 [00:15<00:02, 46.23it/s]
 88%|████████▊ | 690/782 [00:15<00:02, 45.49it/s]
 89%|████████▉ | 695/782 [00:15<00:01, 44.75it/s]
 90%|████████▉ | 700/782 [00:15<00:01, 44.82it/s]
 90%|█████████ | 705/782 [00:15<00:01, 45.98it/s]
 91%|█████████ | 710/782 [00:16<00:01, 45.97it/s]
 91%|█████████▏| 715/782 [00:16<00:01, 45.34it/s]
 92%|█████████▏| 720/782 [00:16<00:01, 44.44it/s]
 93%|█████████▎| 725/782 [00:16<00:01, 45.67it/s]
 93%|█████████▎| 730/782 [00:16<00:01, 45.48it/s]
 94%|█████████▍| 735/782 [00:16<00:01, 44.19it/s]
 95%|█████████▍| 740/782 [00:16<00:00, 44.08it/s]
 95%|█████████▌| 745/782 [00:16<00:00, 44.49it/s]
 96%|█████████▌| 750/782 [00:16<00:00, 43.99it/s]
 97%|█████████▋| 755/782 [00:17<00:00, 45.30it/s]
 97%|█████████▋| 760/782 [00:17<00:00, 44.99it/s]
 98%|█████████▊| 765/782 [00:17<00:00, 45.18it/s]
 98%|█████████▊| 770/782 [00:17<00:00, 44.82it/s]
 99%|█████████▉| 775/782 [00:17<00:00, 45.15it/s]
100%|█████████▉| 780/782 [00:17<00:00, 46.14it/s]
100%|██████████| 782/782 [00:17<00:00, 44.16it/s]
